new_name,source_image,transform_type,target_classes,num_bboxes
aug_000001.jpg,img_000262.jpg,mild,dog,3
aug_000002.jpg,img_000262.jpg,aggressive,dog,3
aug_000003.jpg,img_000262.jpg,aggressive,dog,3
aug_000004.jpg,img_000265.jpg,mild,dog,1
aug_000005.jpg,img_000265.jpg,aggressive,dog,1
aug_000006.jpg,img_000265.jpg,aggressive,dog,1
aug_000007.jpg,img_000276.jpg,mild,dog,2
aug_000008.jpg,img_000276.jpg,aggressive,dog,2
aug_000009.jpg,img_000276.jpg,aggressive,dog,2
aug_000010.jpg,img_000277.jpg,mild,dog,1
aug_000011.jpg,img_000277.jpg,aggressive,dog,1
aug_000012.jpg,img_000277.jpg,aggressive,dog,1
aug_000013.jpg,img_000288.jpg,mild,dog,2
aug_000014.jpg,img_000288.jpg,aggressive,dog,2
aug_000015.jpg,img_000288.jpg,aggressive,dog,2
aug_000016.jpg,img_000298.jpg,mild,dog,3
aug_000017.jpg,img_000298.jpg,aggressive,dog,3
aug_000018.jpg,img_000298.jpg,aggressive,dog,3
aug_000019.jpg,img_000308.jpg,mild,dog,3
aug_000020.jpg,img_000308.jpg,aggressive,dog,3
aug_000021.jpg,img_000308.jpg,aggressive,dog,3
aug_000022.jpg,img_000319.jpg,mild,dog,1
aug_000023.jpg,img_000319.jpg,aggressive,dog,1
aug_000024.jpg,img_000319.jpg,aggressive,dog,1
aug_000025.jpg,img_000328.jpg,mild,dog,2
aug_000026.jpg,img_000328.jpg,aggressive,dog,2
aug_000027.jpg,img_000328.jpg,aggressive,dog,2
aug_000028.jpg,img_000333.jpg,mild,dog,6
aug_000029.jpg,img_000333.jpg,aggressive,dog,6
aug_000030.jpg,img_000333.jpg,aggressive,dog,6
aug_000031.jpg,img_000350.jpg,mild,dog,1
aug_000032.jpg,img_000350.jpg,aggressive,dog,1
aug_000033.jpg,img_000350.jpg,aggressive,dog,1
aug_000034.jpg,img_000358.jpg,mild,dog,2
aug_000035.jpg,img_000358.jpg,aggressive,dog,2
aug_000036.jpg,img_000358.jpg,aggressive,dog,2
aug_000037.jpg,img_000364.jpg,mild,dog,2
aug_000038.jpg,img_000364.jpg,aggressive,dog,2
aug_000039.jpg,img_000364.jpg,aggressive,dog,2
aug_000040.jpg,img_000365.jpg,mild,dog,2
aug_000041.jpg,img_000365.jpg,aggressive,dog,2
aug_000042.jpg,img_000365.jpg,aggressive,dog,2
aug_000043.jpg,img_000367.jpg,mild,dog,5
aug_000044.jpg,img_000367.jpg,aggressive,dog,5
aug_000045.jpg,img_000367.jpg,aggressive,dog,5
aug_000046.jpg,img_000371.jpg,mild,dog,2
aug_000047.jpg,img_000371.jpg,aggressive,dog,2
aug_000048.jpg,img_000371.jpg,aggressive,dog,2
aug_000049.jpg,img_000374.jpg,mild,dog,2
aug_000050.jpg,img_000374.jpg,aggressive,dog,2
aug_000051.jpg,img_000374.jpg,aggressive,dog,2
aug_000052.jpg,img_000375.jpg,mild,dog,2
aug_000053.jpg,img_000375.jpg,aggressive,dog,2
aug_000054.jpg,img_000375.jpg,aggressive,dog,2
aug_000055.jpg,img_000376.jpg,mild,dog,2
aug_000056.jpg,img_000376.jpg,aggressive,dog,2
aug_000057.jpg,img_000376.jpg,aggressive,dog,2
aug_000058.jpg,img_000378.jpg,mild,dog,3
aug_000059.jpg,img_000378.jpg,aggressive,dog,3
aug_000060.jpg,img_000378.jpg,aggressive,dog,3
aug_000061.jpg,img_000381.jpg,mild,dog,2
aug_000062.jpg,img_000381.jpg,aggressive,dog,2
aug_000063.jpg,img_000381.jpg,aggressive,dog,2
aug_000064.jpg,img_000382.jpg,mild,dog,1
aug_000065.jpg,img_000382.jpg,aggressive,dog,1
aug_000066.jpg,img_000382.jpg,aggressive,dog,1
aug_000067.jpg,img_000383.jpg,mild,dog,4
aug_000068.jpg,img_000383.jpg,aggressive,dog,4
aug_000069.jpg,img_000383.jpg,aggressive,dog,4
aug_000070.jpg,img_000385.jpg,mild,dog,4
aug_000071.jpg,img_000385.jpg,aggressive,dog,4
aug_000072.jpg,img_000385.jpg,aggressive,dog,4
aug_000073.jpg,img_000386.jpg,mild,dog,3
aug_000074.jpg,img_000386.jpg,aggressive,dog,3
aug_000075.jpg,img_000386.jpg,aggressive,dog,3
aug_000076.jpg,img_000390.jpg,mild,dog,3
aug_000077.jpg,img_000390.jpg,aggressive,dog,3
aug_000078.jpg,img_000390.jpg,aggressive,dog,3
aug_000079.jpg,img_000392.jpg,mild,dog,2
aug_000080.jpg,img_000392.jpg,aggressive,dog,2
aug_000081.jpg,img_000392.jpg,aggressive,dog,2
aug_000082.jpg,img_000394.jpg,mild,dog,3
aug_000083.jpg,img_000394.jpg,aggressive,dog,3
aug_000084.jpg,img_000394.jpg,aggressive,dog,3
aug_000085.jpg,img_000395.jpg,mild,dog,1
aug_000086.jpg,img_000395.jpg,aggressive,dog,1
aug_000087.jpg,img_000395.jpg,aggressive,dog,1
aug_000088.jpg,img_000396.jpg,mild,dog,3
aug_000089.jpg,img_000396.jpg,aggressive,dog,3
aug_000090.jpg,img_000396.jpg,aggressive,dog,3
aug_000091.jpg,img_000405.jpg,mild,dog,3
aug_000092.jpg,img_000405.jpg,aggressive,dog,3
aug_000093.jpg,img_000405.jpg,aggressive,dog,3
aug_000094.jpg,img_000406.jpg,mild,dog,1
aug_000095.jpg,img_000406.jpg,aggressive,dog,1
aug_000096.jpg,img_000406.jpg,aggressive,dog,1
aug_000097.jpg,img_000407.jpg,mild,dog,3
aug_000098.jpg,img_000407.jpg,aggressive,dog,3
aug_000099.jpg,img_000407.jpg,aggressive,dog,3
aug_000100.jpg,img_000409.jpg,mild,dog,3
aug_000101.jpg,img_000409.jpg,aggressive,dog,3
aug_000102.jpg,img_000409.jpg,aggressive,dog,3
aug_000103.jpg,img_000411.jpg,mild,dog,3
aug_000104.jpg,img_000411.jpg,aggressive,dog,2
aug_000105.jpg,img_000411.jpg,aggressive,dog,3
aug_000106.jpg,img_000412.jpg,mild,dog,3
aug_000107.jpg,img_000412.jpg,aggressive,dog,3
aug_000108.jpg,img_000412.jpg,aggressive,dog,3
aug_000109.jpg,img_000413.jpg,mild,dog,3
aug_000110.jpg,img_000413.jpg,aggressive,dog,3
aug_000111.jpg,img_000413.jpg,aggressive,dog,3
aug_000112.jpg,img_000417.jpg,mild,dog,3
aug_000113.jpg,img_000417.jpg,aggressive,dog,3
aug_000114.jpg,img_000417.jpg,aggressive,dog,3
aug_000115.jpg,img_000420.jpg,mild,dog,2
aug_000116.jpg,img_000420.jpg,aggressive,dog,2
aug_000117.jpg,img_000420.jpg,aggressive,dog,2
aug_000118.jpg,img_000422.jpg,mild,dog,2
aug_000119.jpg,img_000422.jpg,aggressive,dog,2
aug_000120.jpg,img_000422.jpg,aggressive,dog,2
aug_000121.jpg,img_000424.jpg,mild,dog,2
aug_000122.jpg,img_000424.jpg,aggressive,dog,2
aug_000123.jpg,img_000424.jpg,aggressive,dog,2
aug_000124.jpg,img_000425.jpg,mild,dog,2
aug_000125.jpg,img_000425.jpg,aggressive,dog,2
aug_000126.jpg,img_000425.jpg,aggressive,dog,2
aug_000127.jpg,img_000426.jpg,mild,dog,3
aug_000128.jpg,img_000426.jpg,aggressive,dog,3
aug_000129.jpg,img_000426.jpg,aggressive,dog,3
aug_000130.jpg,img_000427.jpg,mild,dog,5
aug_000131.jpg,img_000427.jpg,aggressive,dog,5
aug_000132.jpg,img_000427.jpg,aggressive,dog,5
aug_000133.jpg,img_000429.jpg,mild,dog,2
aug_000134.jpg,img_000429.jpg,aggressive,dog,2
aug_000135.jpg,img_000429.jpg,aggressive,dog,2
aug_000136.jpg,img_000430.jpg,mild,dog,2
aug_000137.jpg,img_000430.jpg,aggressive,dog,2
aug_000138.jpg,img_000430.jpg,aggressive,dog,2
aug_000139.jpg,img_000431.jpg,mild,dog,3
aug_000140.jpg,img_000431.jpg,aggressive,dog,3
aug_000141.jpg,img_000431.jpg,aggressive,dog,2
aug_000142.jpg,img_000432.jpg,mild,dog,1
aug_000143.jpg,img_000432.jpg,aggressive,dog,1
aug_000144.jpg,img_000432.jpg,aggressive,dog,1
aug_000145.jpg,img_000433.jpg,mild,dog,2
aug_000146.jpg,img_000433.jpg,aggressive,dog,2
aug_000147.jpg,img_000433.jpg,aggressive,dog,2
aug_000148.jpg,img_000434.jpg,mild,dog,3
aug_000149.jpg,img_000434.jpg,aggressive,dog,3
aug_000150.jpg,img_000434.jpg,aggressive,dog,3
aug_000151.jpg,img_000436.jpg,mild,dog,1
aug_000152.jpg,img_000436.jpg,aggressive,dog,1
aug_000153.jpg,img_000436.jpg,aggressive,dog,1
aug_000154.jpg,img_000438.jpg,mild,dog,1
aug_000155.jpg,img_000438.jpg,aggressive,dog,1
aug_000156.jpg,img_000438.jpg,aggressive,dog,1
aug_000157.jpg,img_000439.jpg,mild,dog,2
aug_000158.jpg,img_000439.jpg,aggressive,dog,2
aug_000159.jpg,img_000439.jpg,aggressive,dog,2
aug_000160.jpg,img_000440.jpg,mild,dog,1
aug_000161.jpg,img_000440.jpg,aggressive,dog,1
aug_000162.jpg,img_000440.jpg,aggressive,dog,1
aug_000163.jpg,img_000441.jpg,mild,dog,2
aug_000164.jpg,img_000441.jpg,aggressive,dog,2
aug_000165.jpg,img_000441.jpg,aggressive,dog,2
aug_000166.jpg,img_000444.jpg,mild,dog,3
aug_000167.jpg,img_000444.jpg,aggressive,dog,2
aug_000168.jpg,img_000444.jpg,aggressive,dog,2
aug_000169.jpg,img_000446.jpg,mild,dog,1
aug_000170.jpg,img_000446.jpg,aggressive,dog,1
aug_000171.jpg,img_000446.jpg,aggressive,dog,1
aug_000172.jpg,img_000447.jpg,mild,dog,2
aug_000173.jpg,img_000447.jpg,aggressive,dog,2
aug_000174.jpg,img_000447.jpg,aggressive,dog,2
aug_000175.jpg,img_000448.jpg,mild,dog,1
aug_000176.jpg,img_000448.jpg,aggressive,dog,1
aug_000177.jpg,img_000448.jpg,aggressive,dog,1
aug_000178.jpg,img_000449.jpg,mild,dog,2
aug_000179.jpg,img_000449.jpg,aggressive,dog,1
aug_000180.jpg,img_000449.jpg,aggressive,dog,2
aug_000181.jpg,img_000450.jpg,mild,dog,3
aug_000182.jpg,img_000450.jpg,aggressive,dog,3
aug_000183.jpg,img_000450.jpg,aggressive,dog,3
aug_000184.jpg,img_000451.jpg,mild,dog,1
aug_000185.jpg,img_000451.jpg,aggressive,dog,1
aug_000186.jpg,img_000451.jpg,aggressive,dog,1
aug_000187.jpg,img_000452.jpg,mild,dog,3
aug_000188.jpg,img_000452.jpg,aggressive,dog,3
aug_000189.jpg,img_000452.jpg,aggressive,dog,2
aug_000190.jpg,img_000453.jpg,mild,dog,3
aug_000191.jpg,img_000453.jpg,aggressive,dog,3
aug_000192.jpg,img_000453.jpg,aggressive,dog,3
aug_000193.jpg,img_000454.jpg,mild,dog,2
aug_000194.jpg,img_000454.jpg,aggressive,dog,2
aug_000195.jpg,img_000454.jpg,aggressive,dog,2
aug_000196.jpg,img_000455.jpg,mild,dog,3
aug_000197.jpg,img_000455.jpg,aggressive,dog,3
aug_000198.jpg,img_000455.jpg,aggressive,dog,2
aug_000199.jpg,img_000458.jpg,mild,dog,1
aug_000200.jpg,img_000458.jpg,aggressive,dog,1
aug_000201.jpg,img_000458.jpg,aggressive,dog,1
aug_000202.jpg,img_000461.jpg,mild,dog,2
aug_000203.jpg,img_000461.jpg,aggressive,dog,2
aug_000204.jpg,img_000461.jpg,aggressive,dog,2
aug_000205.jpg,img_000462.jpg,mild,dog,1
aug_000206.jpg,img_000462.jpg,aggressive,dog,1
aug_000207.jpg,img_000462.jpg,aggressive,dog,1
aug_000208.jpg,img_000463.jpg,mild,dog,2
aug_000209.jpg,img_000463.jpg,aggressive,dog,2
aug_000210.jpg,img_000463.jpg,aggressive,dog,2
aug_000211.jpg,img_000465.jpg,mild,dog,3
aug_000212.jpg,img_000465.jpg,aggressive,dog,3
aug_000213.jpg,img_000465.jpg,aggressive,dog,3
aug_000214.jpg,img_000466.jpg,mild,dog,1
aug_000215.jpg,img_000466.jpg,aggressive,dog,1
aug_000216.jpg,img_000466.jpg,aggressive,dog,1
aug_000217.jpg,img_000467.jpg,mild,dog,1
aug_000218.jpg,img_000467.jpg,aggressive,dog,1
aug_000219.jpg,img_000467.jpg,aggressive,dog,1
aug_000220.jpg,img_000468.jpg,mild,dog,3
aug_000221.jpg,img_000468.jpg,aggressive,dog,3
aug_000222.jpg,img_000468.jpg,aggressive,dog,3
aug_000223.jpg,img_000469.jpg,mild,dog,1
aug_000224.jpg,img_000469.jpg,aggressive,dog,1
aug_000225.jpg,img_000469.jpg,aggressive,dog,1
aug_000226.jpg,img_000471.jpg,mild,dog,3
aug_000227.jpg,img_000471.jpg,aggressive,dog,3
aug_000228.jpg,img_000471.jpg,aggressive,dog,3
aug_000229.jpg,img_000472.jpg,mild,dog,2
aug_000230.jpg,img_000472.jpg,aggressive,dog,2
aug_000231.jpg,img_000472.jpg,aggressive,dog,2
aug_000232.jpg,img_000473.jpg,mild,dog,2
aug_000233.jpg,img_000473.jpg,aggressive,dog,2
aug_000234.jpg,img_000473.jpg,aggressive,dog,2
aug_000235.jpg,img_000475.jpg,mild,dog,1
aug_000236.jpg,img_000475.jpg,aggressive,dog,1
aug_000237.jpg,img_000475.jpg,aggressive,dog,1
aug_000238.jpg,img_000476.jpg,mild,dog,3
aug_000239.jpg,img_000476.jpg,aggressive,dog,3
aug_000240.jpg,img_000476.jpg,aggressive,dog,3
aug_000241.jpg,img_000477.jpg,mild,dog,2
aug_000242.jpg,img_000477.jpg,aggressive,dog,2
aug_000243.jpg,img_000477.jpg,aggressive,dog,2
aug_000244.jpg,img_000478.jpg,mild,dog,2
aug_000245.jpg,img_000478.jpg,aggressive,dog,2
aug_000246.jpg,img_000478.jpg,aggressive,dog,2
aug_000247.jpg,img_000479.jpg,mild,dog,1
aug_000248.jpg,img_000479.jpg,aggressive,dog,1
aug_000249.jpg,img_000479.jpg,aggressive,dog,1
aug_000250.jpg,img_000480.jpg,mild,dog,3
aug_000251.jpg,img_000480.jpg,aggressive,dog,3
aug_000252.jpg,img_000480.jpg,aggressive,dog,3
aug_000253.jpg,img_000481.jpg,mild,dog,2
aug_000254.jpg,img_000481.jpg,aggressive,dog,2
aug_000255.jpg,img_000481.jpg,aggressive,dog,2
aug_000256.jpg,img_000482.jpg,mild,dog,4
aug_000257.jpg,img_000482.jpg,aggressive,dog,4
aug_000258.jpg,img_000482.jpg,aggressive,dog,4
aug_000259.jpg,img_000483.jpg,mild,dog,3
aug_000260.jpg,img_000483.jpg,aggressive,dog,3
aug_000261.jpg,img_000483.jpg,aggressive,dog,3
aug_000262.jpg,img_000484.jpg,mild,dog,1
aug_000263.jpg,img_000484.jpg,aggressive,dog,1
aug_000264.jpg,img_000484.jpg,aggressive,dog,1
aug_000265.jpg,img_000485.jpg,mild,dog,1
aug_000266.jpg,img_000485.jpg,aggressive,dog,1
aug_000267.jpg,img_000485.jpg,aggressive,dog,1
aug_000268.jpg,img_000486.jpg,mild,dog,5
aug_000269.jpg,img_000486.jpg,aggressive,dog,5
aug_000270.jpg,img_000486.jpg,aggressive,dog,5
aug_000271.jpg,img_000487.jpg,mild,dog,3
aug_000272.jpg,img_000487.jpg,aggressive,dog,3
aug_000273.jpg,img_000487.jpg,aggressive,dog,2
aug_000274.jpg,img_000490.jpg,mild,dog,3
aug_000275.jpg,img_000490.jpg,aggressive,dog,3
aug_000276.jpg,img_000490.jpg,aggressive,dog,3
aug_000277.jpg,img_000491.jpg,mild,dog,3
aug_000278.jpg,img_000491.jpg,aggressive,dog,3
aug_000279.jpg,img_000491.jpg,aggressive,dog,3
aug_000280.jpg,img_000492.jpg,mild,dog,9
aug_000281.jpg,img_000492.jpg,aggressive,dog,9
aug_000282.jpg,img_000492.jpg,aggressive,dog,9
aug_000283.jpg,img_000497.jpg,mild,dog,3
aug_000284.jpg,img_000497.jpg,aggressive,dog,3
aug_000285.jpg,img_000497.jpg,aggressive,dog,3
aug_000286.jpg,img_000513.jpg,mild,dog,2
aug_000287.jpg,img_000513.jpg,aggressive,dog,2
aug_000288.jpg,img_000513.jpg,aggressive,dog,2
aug_000289.jpg,img_000514.jpg,mild,dog,1
aug_000290.jpg,img_000514.jpg,aggressive,dog,1
aug_000291.jpg,img_000514.jpg,aggressive,dog,1
aug_000292.jpg,img_000515.jpg,mild,dog,3
aug_000293.jpg,img_000515.jpg,aggressive,dog,3
aug_000294.jpg,img_000515.jpg,aggressive,dog,3
aug_000295.jpg,img_000516.jpg,mild,dog,3
aug_000296.jpg,img_000516.jpg,aggressive,dog,3
aug_000297.jpg,img_000516.jpg,aggressive,dog,3
aug_000298.jpg,img_000517.jpg,mild,dog,3
aug_000299.jpg,img_000517.jpg,aggressive,dog,3
aug_000300.jpg,img_000517.jpg,aggressive,dog,3
aug_000301.jpg,img_000518.jpg,mild,dog,2
aug_000302.jpg,img_000518.jpg,aggressive,dog,2
aug_000303.jpg,img_000518.jpg,aggressive,dog,1
aug_000304.jpg,img_000519.jpg,mild,dog,6
aug_000305.jpg,img_000519.jpg,aggressive,dog,6
aug_000306.jpg,img_000519.jpg,aggressive,dog,6
aug_000307.jpg,img_000520.jpg,mild,dog,3
aug_000308.jpg,img_000520.jpg,aggressive,dog,3
aug_000309.jpg,img_000520.jpg,aggressive,dog,3
aug_000310.jpg,img_000521.jpg,mild,dog,3
aug_000311.jpg,img_000521.jpg,aggressive,dog,3
aug_000312.jpg,img_000521.jpg,aggressive,dog,3
aug_000313.jpg,img_000522.jpg,mild,dog,5
aug_000314.jpg,img_000522.jpg,aggressive,dog,5
aug_000315.jpg,img_000522.jpg,aggressive,dog,4
aug_000316.jpg,img_000523.jpg,mild,dog,3
aug_000317.jpg,img_000523.jpg,aggressive,dog,3
aug_000318.jpg,img_000523.jpg,aggressive,dog,3
aug_000319.jpg,img_000524.jpg,mild,dog,3
aug_000320.jpg,img_000524.jpg,aggressive,dog,3
aug_000321.jpg,img_000524.jpg,aggressive,dog,3
aug_000322.jpg,img_000525.jpg,mild,dog,3
aug_000323.jpg,img_000525.jpg,aggressive,dog,3
aug_000324.jpg,img_000525.jpg,aggressive,dog,3
aug_000325.jpg,img_000526.jpg,mild,dog,3
aug_000326.jpg,img_000526.jpg,aggressive,dog,3
aug_000327.jpg,img_000526.jpg,aggressive,dog,3
aug_000328.jpg,img_000527.jpg,mild,dog,3
aug_000329.jpg,img_000527.jpg,aggressive,dog,3
aug_000330.jpg,img_000527.jpg,aggressive,dog,3
aug_000331.jpg,img_000528.jpg,mild,dog,3
aug_000332.jpg,img_000528.jpg,aggressive,dog,3
aug_000333.jpg,img_000528.jpg,aggressive,dog,3
aug_000334.jpg,img_000529.jpg,mild,dog,3
aug_000335.jpg,img_000529.jpg,aggressive,dog,3
aug_000336.jpg,img_000529.jpg,aggressive,dog,3
aug_000337.jpg,img_000530.jpg,mild,dog,3
aug_000338.jpg,img_000530.jpg,aggressive,dog,3
aug_000339.jpg,img_000530.jpg,aggressive,dog,3
aug_000340.jpg,img_000531.jpg,mild,dog,3
aug_000341.jpg,img_000531.jpg,aggressive,dog,3
aug_000342.jpg,img_000531.jpg,aggressive,dog,3
aug_000343.jpg,img_000532.jpg,mild,dog,3
aug_000344.jpg,img_000532.jpg,aggressive,dog,3
aug_000345.jpg,img_000532.jpg,aggressive,dog,3
aug_000346.jpg,img_000533.jpg,mild,dog,2
aug_000347.jpg,img_000533.jpg,aggressive,dog,2
aug_000348.jpg,img_000533.jpg,aggressive,dog,2
aug_000349.jpg,img_000534.jpg,mild,dog,1
aug_000350.jpg,img_000534.jpg,aggressive,dog,1
aug_000351.jpg,img_000534.jpg,aggressive,dog,1
aug_000352.jpg,img_000535.jpg,mild,dog,3
aug_000353.jpg,img_000535.jpg,aggressive,dog,3
aug_000354.jpg,img_000535.jpg,aggressive,dog,3
aug_000355.jpg,img_000536.jpg,mild,dog,3
aug_000356.jpg,img_000536.jpg,aggressive,dog,2
aug_000357.jpg,img_000536.jpg,aggressive,dog,3
aug_000358.jpg,img_000537.jpg,mild,dog,3
aug_000359.jpg,img_000537.jpg,aggressive,dog,2
aug_000360.jpg,img_000537.jpg,aggressive,dog,2
aug_000361.jpg,img_000538.jpg,mild,dog,3
aug_000362.jpg,img_000538.jpg,aggressive,dog,3
aug_000363.jpg,img_000538.jpg,aggressive,dog,3
aug_000364.jpg,img_000539.jpg,mild,dog,3
aug_000365.jpg,img_000539.jpg,aggressive,dog,3
aug_000366.jpg,img_000539.jpg,aggressive,dog,3
aug_000367.jpg,img_000540.jpg,mild,dog,3
aug_000368.jpg,img_000540.jpg,aggressive,dog,3
aug_000369.jpg,img_000540.jpg,aggressive,dog,3
aug_000370.jpg,img_000541.jpg,mild,dog,3
aug_000371.jpg,img_000541.jpg,aggressive,dog,3
aug_000372.jpg,img_000541.jpg,aggressive,dog,3
aug_000373.jpg,img_000542.jpg,mild,dog,2
aug_000374.jpg,img_000542.jpg,aggressive,dog,2
aug_000375.jpg,img_000542.jpg,aggressive,dog,2
aug_000376.jpg,img_000543.jpg,mild,dog,3
aug_000377.jpg,img_000543.jpg,aggressive,dog,3
aug_000378.jpg,img_000543.jpg,aggressive,dog,3
aug_000379.jpg,img_000544.jpg,mild,dog,3
aug_000380.jpg,img_000544.jpg,aggressive,dog,3
aug_000381.jpg,img_000544.jpg,aggressive,dog,2
aug_000382.jpg,img_000545.jpg,mild,dog,2
aug_000383.jpg,img_000545.jpg,aggressive,dog,2
aug_000384.jpg,img_000545.jpg,aggressive,dog,2
aug_000385.jpg,img_000546.jpg,mild,dog,3
aug_000386.jpg,img_000546.jpg,aggressive,dog,3
aug_000387.jpg,img_000546.jpg,aggressive,dog,3
aug_000388.jpg,img_000547.jpg,mild,dog,3
aug_000389.jpg,img_000547.jpg,aggressive,dog,3
aug_000390.jpg,img_000547.jpg,aggressive,dog,3
aug_000391.jpg,img_000548.jpg,mild,dog,3
aug_000392.jpg,img_000548.jpg,aggressive,dog,3
aug_000393.jpg,img_000548.jpg,aggressive,dog,3
aug_000394.jpg,img_000549.jpg,mild,dog,3
aug_000395.jpg,img_000549.jpg,aggressive,dog,3
aug_000396.jpg,img_000549.jpg,aggressive,dog,2
aug_000397.jpg,img_000550.jpg,mild,dog,3
aug_000398.jpg,img_000550.jpg,aggressive,dog,3
aug_000399.jpg,img_000550.jpg,aggressive,dog,3
aug_000400.jpg,img_000551.jpg,mild,dog,3
aug_000401.jpg,img_000551.jpg,aggressive,dog,3
aug_000402.jpg,img_000551.jpg,aggressive,dog,3
aug_000403.jpg,img_000552.jpg,mild,dog,2
aug_000404.jpg,img_000552.jpg,aggressive,dog,2
aug_000405.jpg,img_000552.jpg,aggressive,dog,2
aug_000406.jpg,img_000553.jpg,mild,dog,3
aug_000407.jpg,img_000553.jpg,aggressive,dog,3
aug_000408.jpg,img_000553.jpg,aggressive,dog,3
aug_000409.jpg,img_000554.jpg,mild,dog,2
aug_000410.jpg,img_000554.jpg,aggressive,dog,2
aug_000411.jpg,img_000554.jpg,aggressive,dog,2
aug_000412.jpg,img_000555.jpg,mild,dog,2
aug_000413.jpg,img_000555.jpg,aggressive,dog,2
aug_000414.jpg,img_000555.jpg,aggressive,dog,2
aug_000415.jpg,img_000556.jpg,mild,dog,4
aug_000416.jpg,img_000556.jpg,aggressive,dog,3
aug_000417.jpg,img_000556.jpg,aggressive,dog,3
aug_000418.jpg,img_000557.jpg,mild,dog,5
aug_000419.jpg,img_000557.jpg,aggressive,dog,4
aug_000420.jpg,img_000557.jpg,aggressive,dog,5
aug_000421.jpg,img_000558.jpg,mild,dog,3
aug_000422.jpg,img_000558.jpg,aggressive,dog,3
aug_000423.jpg,img_000558.jpg,aggressive,dog,3
aug_000424.jpg,img_000559.jpg,mild,dog,3
aug_000425.jpg,img_000559.jpg,aggressive,dog,3
aug_000426.jpg,img_000559.jpg,aggressive,dog,3
aug_000427.jpg,img_000560.jpg,mild,dog,3
aug_000428.jpg,img_000560.jpg,aggressive,dog,3
aug_000429.jpg,img_000560.jpg,aggressive,dog,3
aug_000430.jpg,img_000561.jpg,mild,dog,3
aug_000431.jpg,img_000561.jpg,aggressive,dog,3
aug_000432.jpg,img_000561.jpg,aggressive,dog,3
aug_000433.jpg,img_000562.jpg,mild,dog,3
aug_000434.jpg,img_000562.jpg,aggressive,dog,3
aug_000435.jpg,img_000562.jpg,aggressive,dog,3
aug_000436.jpg,img_000563.jpg,mild,dog,3
aug_000437.jpg,img_000563.jpg,aggressive,dog,2
aug_000438.jpg,img_000563.jpg,aggressive,dog,2
aug_000439.jpg,img_000564.jpg,mild,dog,3
aug_000440.jpg,img_000564.jpg,aggressive,dog,3
aug_000441.jpg,img_000564.jpg,aggressive,dog,3
aug_000442.jpg,img_000565.jpg,mild,dog,1
aug_000443.jpg,img_000565.jpg,aggressive,dog,1
aug_000444.jpg,img_000565.jpg,aggressive,dog,1
aug_000445.jpg,img_000566.jpg,mild,dog,3
aug_000446.jpg,img_000566.jpg,aggressive,dog,3
aug_000447.jpg,img_000566.jpg,aggressive,dog,3
aug_000448.jpg,img_000567.jpg,mild,dog,3
aug_000449.jpg,img_000567.jpg,aggressive,dog,2
aug_000450.jpg,img_000567.jpg,aggressive,dog,3
aug_000451.jpg,img_000568.jpg,mild,dog,3
aug_000452.jpg,img_000568.jpg,aggressive,dog,3
aug_000453.jpg,img_000568.jpg,aggressive,dog,3
aug_000454.jpg,img_000569.jpg,mild,dog,3
aug_000455.jpg,img_000569.jpg,aggressive,dog,3
aug_000456.jpg,img_000569.jpg,aggressive,dog,3
aug_000457.jpg,img_000570.jpg,mild,dog,3
aug_000458.jpg,img_000570.jpg,aggressive,dog,3
aug_000459.jpg,img_000570.jpg,aggressive,dog,3
aug_000460.jpg,img_000571.jpg,mild,dog,3
aug_000461.jpg,img_000571.jpg,aggressive,dog,3
aug_000462.jpg,img_000571.jpg,aggressive,dog,3
aug_000463.jpg,img_000572.jpg,mild,dog,3
aug_000464.jpg,img_000572.jpg,aggressive,dog,3
aug_000465.jpg,img_000572.jpg,aggressive,dog,3
aug_000466.jpg,img_000573.jpg,mild,dog,3
aug_000467.jpg,img_000573.jpg,aggressive,dog,3
aug_000468.jpg,img_000573.jpg,aggressive,dog,3
aug_000469.jpg,img_000574.jpg,mild,dog,1
aug_000470.jpg,img_000574.jpg,aggressive,dog,1
aug_000471.jpg,img_000574.jpg,aggressive,dog,1
aug_000472.jpg,img_000575.jpg,mild,dog,3
aug_000473.jpg,img_000575.jpg,aggressive,dog,3
aug_000474.jpg,img_000575.jpg,aggressive,dog,3
aug_000475.jpg,img_000576.jpg,mild,dog,1
aug_000476.jpg,img_000576.jpg,aggressive,dog,1
aug_000477.jpg,img_000576.jpg,aggressive,dog,1
aug_000478.jpg,img_000577.jpg,mild,dog,3
aug_000479.jpg,img_000577.jpg,aggressive,dog,3
aug_000480.jpg,img_000577.jpg,aggressive,dog,2
aug_000481.jpg,img_000578.jpg,mild,dog,2
aug_000482.jpg,img_000578.jpg,aggressive,dog,2
aug_000483.jpg,img_000578.jpg,aggressive,dog,2
aug_000484.jpg,img_000579.jpg,mild,dog,2
aug_000485.jpg,img_000579.jpg,aggressive,dog,2
aug_000486.jpg,img_000579.jpg,aggressive,dog,2
aug_000487.jpg,img_000580.jpg,mild,dog,2
aug_000488.jpg,img_000580.jpg,aggressive,dog,2
aug_000489.jpg,img_000580.jpg,aggressive,dog,2
aug_000490.jpg,img_000581.jpg,mild,dog,3
aug_000491.jpg,img_000581.jpg,aggressive,dog,3
aug_000492.jpg,img_000581.jpg,aggressive,dog,3
aug_000493.jpg,img_000582.jpg,mild,dog,6
aug_000494.jpg,img_000582.jpg,aggressive,dog,6
aug_000495.jpg,img_000582.jpg,aggressive,dog,6
aug_000496.jpg,img_000583.jpg,mild,dog,3
aug_000497.jpg,img_000583.jpg,aggressive,dog,3
aug_000498.jpg,img_000583.jpg,aggressive,dog,3
aug_000499.jpg,img_000584.jpg,mild,dog,2
aug_000500.jpg,img_000584.jpg,aggressive,dog,2
aug_000501.jpg,img_000584.jpg,aggressive,dog,2
aug_000502.jpg,img_000585.jpg,mild,dog,9
aug_000503.jpg,img_000585.jpg,aggressive,dog,9
aug_000504.jpg,img_000585.jpg,aggressive,dog,9
aug_000505.jpg,img_000586.jpg,mild,dog,3
aug_000506.jpg,img_000586.jpg,aggressive,dog,3
aug_000507.jpg,img_000586.jpg,aggressive,dog,3
aug_000508.jpg,img_000587.jpg,mild,dog,3
aug_000509.jpg,img_000587.jpg,aggressive,dog,3
aug_000510.jpg,img_000587.jpg,aggressive,dog,3
aug_000511.jpg,img_000588.jpg,mild,dog,3
aug_000512.jpg,img_000588.jpg,aggressive,dog,3
aug_000513.jpg,img_000588.jpg,aggressive,dog,3
aug_000514.jpg,img_000589.jpg,mild,dog,3
aug_000515.jpg,img_000589.jpg,aggressive,dog,3
aug_000516.jpg,img_000589.jpg,aggressive,dog,3
aug_000517.jpg,img_000590.jpg,mild,dog,3
aug_000518.jpg,img_000590.jpg,aggressive,dog,3
aug_000519.jpg,img_000590.jpg,aggressive,dog,3
aug_000520.jpg,img_000591.jpg,mild,dog,3
aug_000521.jpg,img_000591.jpg,aggressive,dog,3
aug_000522.jpg,img_000591.jpg,aggressive,dog,3
aug_000523.jpg,img_000592.jpg,mild,dog,3
aug_000524.jpg,img_000592.jpg,aggressive,dog,3
aug_000525.jpg,img_000592.jpg,aggressive,dog,3
aug_000526.jpg,img_000593.jpg,mild,dog,2
aug_000527.jpg,img_000593.jpg,aggressive,dog,2
aug_000528.jpg,img_000593.jpg,aggressive,dog,2
aug_000529.jpg,img_000594.jpg,mild,dog,3
aug_000530.jpg,img_000594.jpg,aggressive,dog,3
aug_000531.jpg,img_000594.jpg,aggressive,dog,3
aug_000532.jpg,img_000595.jpg,mild,dog,3
aug_000533.jpg,img_000595.jpg,aggressive,dog,3
aug_000534.jpg,img_000595.jpg,aggressive,dog,3
aug_000535.jpg,img_000596.jpg,mild,dog,1
aug_000536.jpg,img_000596.jpg,aggressive,dog,1
aug_000537.jpg,img_000596.jpg,aggressive,dog,1
aug_000538.jpg,img_000597.jpg,mild,dog,1
aug_000539.jpg,img_000597.jpg,aggressive,dog,1
aug_000540.jpg,img_000597.jpg,aggressive,dog,1
aug_000541.jpg,img_000598.jpg,mild,dog,3
aug_000542.jpg,img_000598.jpg,aggressive,dog,3
aug_000543.jpg,img_000598.jpg,aggressive,dog,3
aug_000544.jpg,img_000599.jpg,mild,dog,9
aug_000545.jpg,img_000599.jpg,aggressive,dog,9
aug_000546.jpg,img_000599.jpg,aggressive,dog,9
aug_000547.jpg,img_000600.jpg,mild,dog,3
aug_000548.jpg,img_000600.jpg,aggressive,dog,3
aug_000549.jpg,img_000600.jpg,aggressive,dog,3
aug_000550.jpg,img_000601.jpg,mild,dog,3
aug_000551.jpg,img_000601.jpg,aggressive,dog,3
aug_000552.jpg,img_000601.jpg,aggressive,dog,3
aug_000553.jpg,img_000602.jpg,mild,dog,1
aug_000554.jpg,img_000602.jpg,aggressive,dog,1
aug_000555.jpg,img_000602.jpg,aggressive,dog,1
aug_000556.jpg,img_000603.jpg,mild,dog,3
aug_000557.jpg,img_000603.jpg,aggressive,dog,3
aug_000558.jpg,img_000603.jpg,aggressive,dog,3
aug_000559.jpg,img_000604.jpg,mild,dog,1
aug_000560.jpg,img_000604.jpg,aggressive,dog,1
aug_000561.jpg,img_000604.jpg,aggressive,dog,1
aug_000562.jpg,img_000605.jpg,mild,dog,3
aug_000563.jpg,img_000605.jpg,aggressive,dog,3
aug_000564.jpg,img_000605.jpg,aggressive,dog,3
aug_000565.jpg,img_000606.jpg,mild,dog,3
aug_000566.jpg,img_000606.jpg,aggressive,dog,3
aug_000567.jpg,img_000606.jpg,aggressive,dog,3
aug_000568.jpg,img_000607.jpg,mild,dog,3
aug_000569.jpg,img_000607.jpg,aggressive,dog,3
aug_000570.jpg,img_000607.jpg,aggressive,dog,3
aug_000571.jpg,img_000608.jpg,mild,dog,3
aug_000572.jpg,img_000608.jpg,aggressive,dog,3
aug_000573.jpg,img_000608.jpg,aggressive,dog,3
aug_000574.jpg,img_000609.jpg,mild,dog,3
aug_000575.jpg,img_000609.jpg,aggressive,dog,3
aug_000576.jpg,img_000609.jpg,aggressive,dog,3
aug_000577.jpg,img_000610.jpg,mild,dog,3
aug_000578.jpg,img_000610.jpg,aggressive,dog,3
aug_000579.jpg,img_000610.jpg,aggressive,dog,3
aug_000580.jpg,img_000611.jpg,mild,dog,3
aug_000581.jpg,img_000611.jpg,aggressive,dog,3
aug_000582.jpg,img_000611.jpg,aggressive,dog,3
aug_000583.jpg,img_000612.jpg,mild,dog,3
aug_000584.jpg,img_000612.jpg,aggressive,dog,3
aug_000585.jpg,img_000612.jpg,aggressive,dog,3
aug_000586.jpg,img_000613.jpg,mild,dog,3
aug_000587.jpg,img_000613.jpg,aggressive,dog,3
aug_000588.jpg,img_000613.jpg,aggressive,dog,3
aug_000589.jpg,img_000614.jpg,mild,dog,3
aug_000590.jpg,img_000614.jpg,aggressive,dog,3
aug_000591.jpg,img_000614.jpg,aggressive,dog,3
aug_000592.jpg,img_000615.jpg,mild,dog,6
aug_000593.jpg,img_000615.jpg,aggressive,dog,6
aug_000594.jpg,img_000615.jpg,aggressive,dog,6
aug_000595.jpg,img_000616.jpg,mild,dog,1
aug_000596.jpg,img_000616.jpg,aggressive,dog,1
aug_000597.jpg,img_000616.jpg,aggressive,dog,1
aug_000598.jpg,img_000617.jpg,mild,dog,3
aug_000599.jpg,img_000617.jpg,aggressive,dog,3
aug_000600.jpg,img_000617.jpg,aggressive,dog,3
aug_000601.jpg,img_000618.jpg,mild,dog,1
aug_000602.jpg,img_000618.jpg,aggressive,dog,1
aug_000603.jpg,img_000618.jpg,aggressive,dog,1
aug_000604.jpg,img_000619.jpg,mild,dog,3
aug_000605.jpg,img_000619.jpg,aggressive,dog,3
aug_000606.jpg,img_000619.jpg,aggressive,dog,3
aug_000607.jpg,img_000620.jpg,mild,dog,3
aug_000608.jpg,img_000620.jpg,aggressive,dog,3
aug_000609.jpg,img_000620.jpg,aggressive,dog,3
aug_000610.jpg,img_000621.jpg,mild,dog,3
aug_000611.jpg,img_000621.jpg,aggressive,dog,3
aug_000612.jpg,img_000621.jpg,aggressive,dog,3
aug_000613.jpg,img_000622.jpg,mild,dog,3
aug_000614.jpg,img_000622.jpg,aggressive,dog,3
aug_000615.jpg,img_000622.jpg,aggressive,dog,3
aug_000616.jpg,img_000623.jpg,mild,dog,2
aug_000617.jpg,img_000623.jpg,aggressive,dog,2
aug_000618.jpg,img_000623.jpg,aggressive,dog,2
aug_000619.jpg,img_000624.jpg,mild,dog,3
aug_000620.jpg,img_000624.jpg,aggressive,dog,3
aug_000621.jpg,img_000624.jpg,aggressive,dog,3
aug_000622.jpg,img_000625.jpg,mild,dog,3
aug_000623.jpg,img_000625.jpg,aggressive,dog,2
aug_000624.jpg,img_000625.jpg,aggressive,dog,3
aug_000625.jpg,img_000626.jpg,mild,dog,1
aug_000626.jpg,img_000626.jpg,aggressive,dog,1
aug_000627.jpg,img_000626.jpg,aggressive,dog,1
aug_000628.jpg,img_000629.jpg,mild,dog,3
aug_000629.jpg,img_000629.jpg,aggressive,dog,3
aug_000630.jpg,img_000629.jpg,aggressive,dog,3
aug_000631.jpg,img_000630.jpg,mild,dog,11
aug_000632.jpg,img_000630.jpg,aggressive,dog,11
aug_000633.jpg,img_000630.jpg,aggressive,dog,11
aug_000634.jpg,img_000631.jpg,mild,dog,3
aug_000635.jpg,img_000631.jpg,aggressive,dog,3
aug_000636.jpg,img_000631.jpg,aggressive,dog,3
aug_000637.jpg,img_000632.jpg,mild,dog,2
aug_000638.jpg,img_000632.jpg,aggressive,dog,2
aug_000639.jpg,img_000632.jpg,aggressive,dog,2
aug_000640.jpg,img_000634.jpg,mild,dog,3
aug_000641.jpg,img_000634.jpg,aggressive,dog,3
aug_000642.jpg,img_000634.jpg,aggressive,dog,3
aug_000643.jpg,img_000635.jpg,mild,dog,3
aug_000644.jpg,img_000635.jpg,aggressive,dog,3
aug_000645.jpg,img_000635.jpg,aggressive,dog,3
aug_000646.jpg,img_000636.jpg,mild,dog,3
aug_000647.jpg,img_000636.jpg,aggressive,dog,3
aug_000648.jpg,img_000636.jpg,aggressive,dog,3
aug_000649.jpg,img_000637.jpg,mild,dog,1
aug_000650.jpg,img_000637.jpg,aggressive,dog,1
aug_000651.jpg,img_000637.jpg,aggressive,dog,1
aug_000652.jpg,img_000638.jpg,mild,dog,18
aug_000653.jpg,img_000638.jpg,aggressive,dog,13
aug_000654.jpg,img_000638.jpg,aggressive,dog,18
aug_000655.jpg,img_000639.jpg,mild,dog,6
aug_000656.jpg,img_000639.jpg,aggressive,dog,6
aug_000657.jpg,img_000639.jpg,aggressive,dog,6
aug_000658.jpg,img_000640.jpg,mild,dog,2
aug_000659.jpg,img_000640.jpg,aggressive,dog,2
aug_000660.jpg,img_000640.jpg,aggressive,dog,2
aug_000661.jpg,img_000641.jpg,mild,dog,3
aug_000662.jpg,img_000641.jpg,aggressive,dog,3
aug_000663.jpg,img_000641.jpg,aggressive,dog,3
aug_000664.jpg,img_000642.jpg,mild,dog,1
aug_000665.jpg,img_000642.jpg,aggressive,dog,1
aug_000666.jpg,img_000642.jpg,aggressive,dog,1
aug_000667.jpg,img_000651.jpg,mild,dog,6
aug_000668.jpg,img_000651.jpg,aggressive,dog,6
aug_000669.jpg,img_000651.jpg,aggressive,dog,6
aug_000670.jpg,img_000652.jpg,mild,dog,3
aug_000671.jpg,img_000652.jpg,aggressive,dog,3
aug_000672.jpg,img_000652.jpg,aggressive,dog,2
aug_000673.jpg,img_000653.jpg,mild,dog,1
aug_000674.jpg,img_000653.jpg,aggressive,dog,1
aug_000675.jpg,img_000653.jpg,aggressive,dog,1
aug_000676.jpg,img_000654.jpg,mild,dog,3
aug_000677.jpg,img_000654.jpg,aggressive,dog,3
aug_000678.jpg,img_000654.jpg,aggressive,dog,3
aug_000679.jpg,img_000716.jpg,mild,dog,3
aug_000680.jpg,img_000716.jpg,aggressive,dog,3
aug_000681.jpg,img_000716.jpg,aggressive,dog,3
aug_000682.jpg,img_000722.jpg,mild,dog,2
aug_000683.jpg,img_000722.jpg,aggressive,dog,2
aug_000684.jpg,img_000722.jpg,aggressive,dog,2
aug_000685.jpg,img_000723.jpg,mild,dog,3
aug_000686.jpg,img_000723.jpg,aggressive,dog,3
aug_000687.jpg,img_000723.jpg,aggressive,dog,2
aug_000688.jpg,img_000725.jpg,mild,dog,3
aug_000689.jpg,img_000725.jpg,aggressive,dog,3
aug_000690.jpg,img_000725.jpg,aggressive,dog,3
aug_000691.jpg,img_000726.jpg,mild,dog,3
aug_000692.jpg,img_000726.jpg,aggressive,dog,3
aug_000693.jpg,img_000726.jpg,aggressive,dog,3
aug_000694.jpg,img_000728.jpg,mild,dog,1
aug_000695.jpg,img_000728.jpg,aggressive,dog,1
aug_000696.jpg,img_000728.jpg,aggressive,dog,1
aug_000697.jpg,img_000729.jpg,mild,dog,1
aug_000698.jpg,img_000729.jpg,aggressive,dog,1
aug_000699.jpg,img_000729.jpg,aggressive,dog,1
aug_000700.jpg,img_000730.jpg,mild,dog,3
aug_000701.jpg,img_000730.jpg,aggressive,dog,3
aug_000702.jpg,img_000730.jpg,aggressive,dog,3
aug_000703.jpg,img_000731.jpg,mild,dog,7
aug_000704.jpg,img_000731.jpg,aggressive,dog,7
aug_000705.jpg,img_000731.jpg,aggressive,dog,7
aug_000706.jpg,img_000732.jpg,mild,dog,3
aug_000707.jpg,img_000732.jpg,aggressive,dog,3
aug_000708.jpg,img_000732.jpg,aggressive,dog,3
aug_000709.jpg,img_000733.jpg,mild,dog,3
aug_000710.jpg,img_000733.jpg,aggressive,dog,3
aug_000711.jpg,img_000733.jpg,aggressive,dog,3
aug_000712.jpg,img_000734.jpg,mild,dog,3
aug_000713.jpg,img_000734.jpg,aggressive,dog,3
aug_000714.jpg,img_000734.jpg,aggressive,dog,3
aug_000715.jpg,img_000735.jpg,mild,dog,3
aug_000716.jpg,img_000735.jpg,aggressive,dog,3
aug_000717.jpg,img_000735.jpg,aggressive,dog,3
aug_000718.jpg,img_000736.jpg,mild,dog,3
aug_000719.jpg,img_000736.jpg,aggressive,dog,3
aug_000720.jpg,img_000736.jpg,aggressive,dog,3
aug_000721.jpg,img_000737.jpg,mild,dog,3
aug_000722.jpg,img_000737.jpg,aggressive,dog,3
aug_000723.jpg,img_000737.jpg,aggressive,dog,3
aug_000724.jpg,img_000738.jpg,mild,dog,3
aug_000725.jpg,img_000738.jpg,aggressive,dog,3
aug_000726.jpg,img_000738.jpg,aggressive,dog,2
aug_000727.jpg,img_000739.jpg,mild,dog,2
aug_000728.jpg,img_000739.jpg,aggressive,dog,2
aug_000729.jpg,img_000739.jpg,aggressive,dog,2
aug_000730.jpg,img_000742.jpg,mild,dog,3
aug_000731.jpg,img_000742.jpg,aggressive,dog,3
aug_000732.jpg,img_000742.jpg,aggressive,dog,3
aug_000733.jpg,img_000743.jpg,mild,dog,3
aug_000734.jpg,img_000743.jpg,aggressive,dog,3
aug_000735.jpg,img_000743.jpg,aggressive,dog,3
aug_000736.jpg,img_000809.jpg,mild,dog,3
aug_000737.jpg,img_000809.jpg,aggressive,dog,3
aug_000738.jpg,img_000809.jpg,aggressive,dog,3
aug_000739.jpg,img_000810.jpg,mild,dog,3
aug_000740.jpg,img_000810.jpg,aggressive,dog,2
aug_000741.jpg,img_000810.jpg,aggressive,dog,2
aug_000742.jpg,img_000814.jpg,mild,dog,3
aug_000743.jpg,img_000814.jpg,aggressive,dog,3
aug_000744.jpg,img_000814.jpg,aggressive,dog,3
aug_000745.jpg,img_000818.jpg,mild,dog,2
aug_000746.jpg,img_000818.jpg,aggressive,dog,2
aug_000747.jpg,img_000818.jpg,aggressive,dog,2
aug_000748.jpg,img_000821.jpg,mild,dog,1
aug_000749.jpg,img_000821.jpg,aggressive,dog,1
aug_000750.jpg,img_000821.jpg,aggressive,dog,1
aug_000751.jpg,img_000830.jpg,mild,dog,1
aug_000752.jpg,img_000830.jpg,aggressive,dog,1
aug_000753.jpg,img_000830.jpg,aggressive,dog,1
aug_000754.jpg,img_000832.jpg,mild,dog,3
aug_000755.jpg,img_000832.jpg,aggressive,dog,3
aug_000756.jpg,img_000832.jpg,aggressive,dog,2
aug_000757.jpg,img_000834.jpg,mild,dog,3
aug_000758.jpg,img_000834.jpg,aggressive,dog,3
aug_000759.jpg,img_000834.jpg,aggressive,dog,3
aug_000760.jpg,img_000838.jpg,mild,dog,3
aug_000761.jpg,img_000838.jpg,aggressive,dog,3
aug_000762.jpg,img_000838.jpg,aggressive,dog,3
aug_000763.jpg,img_000841.jpg,mild,dog,6
aug_000764.jpg,img_000841.jpg,aggressive,dog,4
aug_000765.jpg,img_000841.jpg,aggressive,dog,5
aug_000766.jpg,img_001064.jpg,mild,dog,3
aug_000767.jpg,img_001064.jpg,aggressive,dog,3
aug_000768.jpg,img_001064.jpg,aggressive,dog,3
aug_000769.jpg,img_001065.jpg,mild,dog,3
aug_000770.jpg,img_001065.jpg,aggressive,dog,3
aug_000771.jpg,img_001065.jpg,aggressive,dog,3
aug_000772.jpg,img_001069.jpg,mild,dog,3
aug_000773.jpg,img_001069.jpg,aggressive,dog,3
aug_000774.jpg,img_001069.jpg,aggressive,dog,3
aug_000775.jpg,img_001072.jpg,mild,dog,3
aug_000776.jpg,img_001072.jpg,aggressive,dog,3
aug_000777.jpg,img_001072.jpg,aggressive,dog,3
aug_000778.jpg,img_001073.jpg,mild,dog,3
aug_000779.jpg,img_001073.jpg,aggressive,dog,3
aug_000780.jpg,img_001073.jpg,aggressive,dog,3
aug_000781.jpg,img_001074.jpg,mild,dog,3
aug_000782.jpg,img_001074.jpg,aggressive,dog,2
aug_000783.jpg,img_001074.jpg,aggressive,dog,3
aug_000784.jpg,img_001075.jpg,mild,dog,9
aug_000785.jpg,img_001075.jpg,aggressive,dog,8
aug_000786.jpg,img_001075.jpg,aggressive,dog,9
aug_000787.jpg,img_001076.jpg,mild,dog,3
aug_000788.jpg,img_001076.jpg,aggressive,dog,3
aug_000789.jpg,img_001076.jpg,aggressive,dog,3
aug_000790.jpg,img_001079.jpg,mild,dog,3
aug_000791.jpg,img_001079.jpg,aggressive,dog,3
aug_000792.jpg,img_001079.jpg,aggressive,dog,3
aug_000793.jpg,img_001081.jpg,mild,dog,3
aug_000794.jpg,img_001081.jpg,aggressive,dog,3
aug_000795.jpg,img_001081.jpg,aggressive,dog,3
aug_000796.jpg,img_001082.jpg,mild,dog,2
aug_000797.jpg,img_001082.jpg,aggressive,dog,2
aug_000798.jpg,img_001082.jpg,aggressive,dog,2
aug_000799.jpg,img_001084.jpg,mild,dog,3
aug_000800.jpg,img_001084.jpg,aggressive,dog,3
aug_000801.jpg,img_001084.jpg,aggressive,dog,2
aug_000802.jpg,img_001086.jpg,mild,dog,3
aug_000803.jpg,img_001086.jpg,aggressive,dog,3
aug_000804.jpg,img_001086.jpg,aggressive,dog,3
aug_000805.jpg,img_001087.jpg,mild,dog,3
aug_000806.jpg,img_001087.jpg,aggressive,dog,3
aug_000807.jpg,img_001087.jpg,aggressive,dog,2
aug_000808.jpg,img_001088.jpg,mild,dog,3
aug_000809.jpg,img_001088.jpg,aggressive,dog,3
aug_000810.jpg,img_001088.jpg,aggressive,dog,3
aug_000811.jpg,img_001089.jpg,mild,dog,3
aug_000812.jpg,img_001089.jpg,aggressive,dog,3
aug_000813.jpg,img_001089.jpg,aggressive,dog,3
aug_000814.jpg,img_001090.jpg,mild,dog,3
aug_000815.jpg,img_001090.jpg,aggressive,dog,3
aug_000816.jpg,img_001090.jpg,aggressive,dog,3
aug_000817.jpg,img_001091.jpg,mild,dog,1
aug_000818.jpg,img_001091.jpg,aggressive,dog,1
aug_000819.jpg,img_001091.jpg,aggressive,dog,1
aug_000820.jpg,img_001092.jpg,mild,dog,3
aug_000821.jpg,img_001092.jpg,aggressive,dog,3
aug_000822.jpg,img_001092.jpg,aggressive,dog,3
aug_000823.jpg,img_001093.jpg,mild,dog,3
aug_000824.jpg,img_001093.jpg,aggressive,dog,2
aug_000825.jpg,img_001093.jpg,aggressive,dog,3
aug_000826.jpg,img_001094.jpg,mild,dog,3
aug_000827.jpg,img_001094.jpg,aggressive,dog,3
aug_000828.jpg,img_001094.jpg,aggressive,dog,3
aug_000829.jpg,img_001095.jpg,mild,dog,3
aug_000830.jpg,img_001095.jpg,aggressive,dog,3
aug_000831.jpg,img_001095.jpg,aggressive,dog,3
aug_000832.jpg,img_001096.jpg,mild,dog,1
aug_000833.jpg,img_001096.jpg,aggressive,dog,1
aug_000834.jpg,img_001096.jpg,aggressive,dog,1
aug_000835.jpg,img_001097.jpg,mild,dog,3
aug_000836.jpg,img_001097.jpg,aggressive,dog,3
aug_000837.jpg,img_001097.jpg,aggressive,dog,3
aug_000838.jpg,img_001098.jpg,mild,dog,3
aug_000839.jpg,img_001098.jpg,aggressive,dog,3
aug_000840.jpg,img_001098.jpg,aggressive,dog,3
aug_000841.jpg,img_001099.jpg,mild,dog,3
aug_000842.jpg,img_001099.jpg,aggressive,dog,3
aug_000843.jpg,img_001099.jpg,aggressive,dog,3
aug_000844.jpg,img_001100.jpg,mild,dog,3
aug_000845.jpg,img_001100.jpg,aggressive,dog,3
aug_000846.jpg,img_001100.jpg,aggressive,dog,3
aug_000847.jpg,img_001101.jpg,mild,dog,3
aug_000848.jpg,img_001101.jpg,aggressive,dog,3
aug_000849.jpg,img_001101.jpg,aggressive,dog,3
aug_000850.jpg,img_001102.jpg,mild,dog,3
aug_000851.jpg,img_001102.jpg,aggressive,dog,2
aug_000852.jpg,img_001102.jpg,aggressive,dog,2
aug_000853.jpg,img_001103.jpg,mild,dog,2
aug_000854.jpg,img_001103.jpg,aggressive,dog,2
aug_000855.jpg,img_001103.jpg,aggressive,dog,2
aug_000856.jpg,img_001104.jpg,mild,dog,3
aug_000857.jpg,img_001104.jpg,aggressive,dog,3
aug_000858.jpg,img_001104.jpg,aggressive,dog,3
aug_000859.jpg,img_001105.jpg,mild,dog,3
aug_000860.jpg,img_001105.jpg,aggressive,dog,3
aug_000861.jpg,img_001105.jpg,aggressive,dog,2
aug_000862.jpg,img_001110.jpg,mild,dog,1
aug_000863.jpg,img_001110.jpg,aggressive,dog,1
aug_000864.jpg,img_001110.jpg,aggressive,dog,1
aug_000865.jpg,img_001212.jpg,mild,dog,9
aug_000866.jpg,img_001212.jpg,aggressive,dog,9
aug_000867.jpg,img_001212.jpg,aggressive,dog,9
aug_000868.jpg,img_001213.jpg,mild,dog,3
aug_000869.jpg,img_001213.jpg,aggressive,dog,3
aug_000870.jpg,img_001213.jpg,aggressive,dog,3
aug_000871.jpg,img_001214.jpg,mild,dog,13
aug_000872.jpg,img_001214.jpg,aggressive,dog,13
aug_000873.jpg,img_001214.jpg,aggressive,dog,11
aug_000874.jpg,img_001216.jpg,mild,dog,3
aug_000875.jpg,img_001216.jpg,aggressive,dog,3
aug_000876.jpg,img_001216.jpg,aggressive,dog,3
aug_000877.jpg,img_001218.jpg,mild,dog,1
aug_000878.jpg,img_001218.jpg,aggressive,dog,1
aug_000879.jpg,img_001218.jpg,aggressive,dog,1
aug_000880.jpg,img_001224.jpg,mild,dog,3
aug_000881.jpg,img_001224.jpg,aggressive,dog,3
aug_000882.jpg,img_001224.jpg,aggressive,dog,3
aug_000883.jpg,img_001225.jpg,mild,dog,3
aug_000884.jpg,img_001225.jpg,aggressive,dog,3
aug_000885.jpg,img_001225.jpg,aggressive,dog,3
aug_000886.jpg,img_001230.jpg,mild,dog,3
aug_000887.jpg,img_001230.jpg,aggressive,dog,3
aug_000888.jpg,img_001230.jpg,aggressive,dog,3
aug_000889.jpg,img_001231.jpg,mild,dog,3
aug_000890.jpg,img_001231.jpg,aggressive,dog,3
aug_000891.jpg,img_001231.jpg,aggressive,dog,3
aug_000892.jpg,img_001236.jpg,mild,dog,3
aug_000893.jpg,img_001236.jpg,aggressive,dog,3
aug_000894.jpg,img_001236.jpg,aggressive,dog,3
aug_000895.jpg,img_001239.jpg,mild,dog,2
aug_000896.jpg,img_001239.jpg,aggressive,dog,2
aug_000897.jpg,img_001239.jpg,aggressive,dog,2
aug_000898.jpg,img_001240.jpg,mild,dog,3
aug_000899.jpg,img_001240.jpg,aggressive,dog,3
aug_000900.jpg,img_001240.jpg,aggressive,dog,3
aug_000901.jpg,img_001241.jpg,mild,dog,3
aug_000902.jpg,img_001241.jpg,aggressive,dog,3
aug_000903.jpg,img_001241.jpg,aggressive,dog,3
aug_000904.jpg,img_001242.jpg,mild,dog,3
aug_000905.jpg,img_001242.jpg,aggressive,dog,3
aug_000906.jpg,img_001242.jpg,aggressive,dog,3
aug_000907.jpg,img_001243.jpg,mild,dog,2
aug_000908.jpg,img_001243.jpg,aggressive,dog,2
aug_000909.jpg,img_001243.jpg,aggressive,dog,2
aug_000910.jpg,img_001245.jpg,mild,dog,2
aug_000911.jpg,img_001245.jpg,aggressive,dog,2
aug_000912.jpg,img_001245.jpg,aggressive,dog,2
aug_000913.jpg,img_001251.jpg,mild,dog,3
aug_000914.jpg,img_001251.jpg,aggressive,dog,3
aug_000915.jpg,img_001251.jpg,aggressive,dog,3
aug_000916.jpg,img_001253.jpg,mild,dog,3
aug_000917.jpg,img_001253.jpg,aggressive,dog,3
aug_000918.jpg,img_001253.jpg,aggressive,dog,3
aug_000919.jpg,img_001256.jpg,mild,dog,3
aug_000920.jpg,img_001256.jpg,aggressive,dog,2
aug_000921.jpg,img_001256.jpg,aggressive,dog,3
aug_000922.jpg,img_001258.jpg,mild,dog,3
aug_000923.jpg,img_001258.jpg,aggressive,dog,3
aug_000924.jpg,img_001258.jpg,aggressive,dog,3
aug_000925.jpg,img_001259.jpg,mild,dog,3
aug_000926.jpg,img_001259.jpg,aggressive,dog,3
aug_000927.jpg,img_001259.jpg,aggressive,dog,3
aug_000928.jpg,img_001262.jpg,mild,dog,3
aug_000929.jpg,img_001262.jpg,aggressive,dog,2
aug_000930.jpg,img_001262.jpg,aggressive,dog,3
aug_000931.jpg,img_001263.jpg,mild,dog,2
aug_000932.jpg,img_001263.jpg,aggressive,dog,1
aug_000933.jpg,img_001263.jpg,aggressive,dog,1
aug_000934.jpg,img_001265.jpg,mild,dog,3
aug_000935.jpg,img_001265.jpg,aggressive,dog,3
aug_000936.jpg,img_001265.jpg,aggressive,dog,3
aug_000937.jpg,img_001269.jpg,mild,dog,3
aug_000938.jpg,img_001269.jpg,aggressive,dog,3
aug_000939.jpg,img_001269.jpg,aggressive,dog,2
aug_000940.jpg,img_001273.jpg,mild,dog,3
aug_000941.jpg,img_001273.jpg,aggressive,dog,3
aug_000942.jpg,img_001273.jpg,aggressive,dog,3
aug_000943.jpg,img_001275.jpg,mild,dog,2
aug_000944.jpg,img_001275.jpg,aggressive,dog,2
aug_000945.jpg,img_001275.jpg,aggressive,dog,2
aug_000946.jpg,img_001277.jpg,mild,dog,3
aug_000947.jpg,img_001277.jpg,aggressive,dog,3
aug_000948.jpg,img_001277.jpg,aggressive,dog,3
aug_000949.jpg,img_001280.jpg,mild,dog,15
aug_000950.jpg,img_001280.jpg,aggressive,dog,15
aug_000951.jpg,img_001280.jpg,aggressive,dog,15
aug_000952.jpg,img_001282.jpg,mild,dog,3
aug_000953.jpg,img_001282.jpg,aggressive,dog,3
aug_000954.jpg,img_001282.jpg,aggressive,dog,3
aug_000955.jpg,img_001283.jpg,mild,dog,2
aug_000956.jpg,img_001283.jpg,aggressive,dog,2
aug_000957.jpg,img_001283.jpg,aggressive,dog,2
aug_000958.jpg,img_001285.jpg,mild,dog,3
aug_000959.jpg,img_001285.jpg,aggressive,dog,3
aug_000960.jpg,img_001285.jpg,aggressive,dog,3
aug_000961.jpg,img_001286.jpg,mild,dog,3
aug_000962.jpg,img_001286.jpg,aggressive,dog,3
aug_000963.jpg,img_001286.jpg,aggressive,dog,3
aug_000964.jpg,img_001287.jpg,mild,dog,2
aug_000965.jpg,img_001287.jpg,aggressive,dog,2
aug_000966.jpg,img_001287.jpg,aggressive,dog,2
aug_000967.jpg,img_001292.jpg,mild,dog,1
aug_000968.jpg,img_001292.jpg,aggressive,dog,1
aug_000969.jpg,img_001292.jpg,aggressive,dog,1
aug_000970.jpg,img_001294.jpg,mild,dog,3
aug_000971.jpg,img_001294.jpg,aggressive,dog,3
aug_000972.jpg,img_001294.jpg,aggressive,dog,3
aug_000973.jpg,img_001295.jpg,mild,dog,3
aug_000974.jpg,img_001295.jpg,aggressive,dog,3
aug_000975.jpg,img_001295.jpg,aggressive,dog,3
aug_000976.jpg,img_001468.jpg,mild,dog,2
aug_000977.jpg,img_001468.jpg,aggressive,dog,2
aug_000978.jpg,img_001468.jpg,aggressive,dog,2
aug_000979.jpg,img_001471.jpg,mild,dog,8
aug_000980.jpg,img_001471.jpg,aggressive,dog,8
aug_000981.jpg,img_001471.jpg,aggressive,dog,8
aug_000982.jpg,img_001472.jpg,mild,dog,1
aug_000983.jpg,img_001472.jpg,aggressive,dog,1
aug_000984.jpg,img_001472.jpg,aggressive,dog,1
aug_000985.jpg,img_001473.jpg,mild,dog,3
aug_000986.jpg,img_001473.jpg,aggressive,dog,3
aug_000987.jpg,img_001473.jpg,aggressive,dog,3
aug_000988.jpg,img_001475.jpg,mild,dog,3
aug_000989.jpg,img_001475.jpg,aggressive,dog,3
aug_000990.jpg,img_001475.jpg,aggressive,dog,3
aug_000991.jpg,img_001477.jpg,mild,dog,3
aug_000992.jpg,img_001477.jpg,aggressive,dog,3
aug_000993.jpg,img_001477.jpg,aggressive,dog,3
aug_000994.jpg,img_001479.jpg,mild,dog,3
aug_000995.jpg,img_001479.jpg,aggressive,dog,3
aug_000996.jpg,img_001479.jpg,aggressive,dog,3
aug_000997.jpg,img_001482.jpg,mild,dog,2
aug_000998.jpg,img_001482.jpg,aggressive,dog,2
aug_000999.jpg,img_001482.jpg,aggressive,dog,2
aug_001000.jpg,img_001486.jpg,mild,dog,3
aug_001001.jpg,img_001486.jpg,aggressive,dog,3
aug_001002.jpg,img_001486.jpg,aggressive,dog,3
aug_001003.jpg,img_001487.jpg,mild,dog,3
aug_001004.jpg,img_001487.jpg,aggressive,dog,3
aug_001005.jpg,img_001487.jpg,aggressive,dog,3
aug_001006.jpg,img_001488.jpg,mild,dog,1
aug_001007.jpg,img_001488.jpg,aggressive,dog,1
aug_001008.jpg,img_001488.jpg,aggressive,dog,1
aug_001009.jpg,img_001491.jpg,mild,dog,3
aug_001010.jpg,img_001491.jpg,aggressive,dog,3
aug_001011.jpg,img_001491.jpg,aggressive,dog,3
aug_001012.jpg,img_001493.jpg,mild,dog,3
aug_001013.jpg,img_001493.jpg,aggressive,dog,3
aug_001014.jpg,img_001493.jpg,aggressive,dog,3
aug_001015.jpg,img_001495.jpg,mild,dog,3
aug_001016.jpg,img_001495.jpg,aggressive,dog,3
aug_001017.jpg,img_001495.jpg,aggressive,dog,3
aug_001018.jpg,img_001496.jpg,mild,dog,2
aug_001019.jpg,img_001496.jpg,aggressive,dog,2
aug_001020.jpg,img_001496.jpg,aggressive,dog,2
aug_001021.jpg,img_001499.jpg,mild,dog,3
aug_001022.jpg,img_001499.jpg,aggressive,dog,3
aug_001023.jpg,img_001499.jpg,aggressive,dog,3
aug_001024.jpg,img_001500.jpg,mild,dog,5
aug_001025.jpg,img_001500.jpg,aggressive,dog,4
aug_001026.jpg,img_001500.jpg,aggressive,dog,5
aug_001027.jpg,img_001502.jpg,mild,dog,1
aug_001028.jpg,img_001502.jpg,aggressive,dog,1
aug_001029.jpg,img_001502.jpg,aggressive,dog,1
aug_001030.jpg,img_001504.jpg,mild,dog,3
aug_001031.jpg,img_001504.jpg,aggressive,dog,3
aug_001032.jpg,img_001504.jpg,aggressive,dog,3
aug_001033.jpg,img_001507.jpg,mild,dog,3
aug_001034.jpg,img_001507.jpg,aggressive,dog,3
aug_001035.jpg,img_001507.jpg,aggressive,dog,3
aug_001036.jpg,img_001509.jpg,mild,dog,4
aug_001037.jpg,img_001509.jpg,aggressive,dog,4
aug_001038.jpg,img_001509.jpg,aggressive,dog,3
aug_001039.jpg,img_001510.jpg,mild,dog,3
aug_001040.jpg,img_001510.jpg,aggressive,dog,3
aug_001041.jpg,img_001510.jpg,aggressive,dog,3
aug_001042.jpg,img_001512.jpg,mild,dog,2
aug_001043.jpg,img_001512.jpg,aggressive,dog,2
aug_001044.jpg,img_001512.jpg,aggressive,dog,1
aug_001045.jpg,img_001515.jpg,mild,dog,3
aug_001046.jpg,img_001515.jpg,aggressive,dog,3
aug_001047.jpg,img_001515.jpg,aggressive,dog,2
aug_001048.jpg,img_001517.jpg,mild,dog,2
aug_001049.jpg,img_001517.jpg,aggressive,dog,2
aug_001050.jpg,img_001517.jpg,aggressive,dog,2
aug_001051.jpg,img_001519.jpg,mild,dog,2
aug_001052.jpg,img_001519.jpg,aggressive,dog,2
aug_001053.jpg,img_001519.jpg,aggressive,dog,2
aug_001054.jpg,img_001521.jpg,mild,dog,3
aug_001055.jpg,img_001521.jpg,aggressive,dog,3
aug_001056.jpg,img_001521.jpg,aggressive,dog,3
aug_001057.jpg,img_001523.jpg,mild,dog,3
aug_001058.jpg,img_001523.jpg,aggressive,dog,3
aug_001059.jpg,img_001523.jpg,aggressive,dog,2
aug_001060.jpg,img_001524.jpg,mild,dog,3
aug_001061.jpg,img_001524.jpg,aggressive,dog,3
aug_001062.jpg,img_001524.jpg,aggressive,dog,3
aug_001063.jpg,img_001526.jpg,mild,dog,3
aug_001064.jpg,img_001526.jpg,aggressive,dog,3
aug_001065.jpg,img_001526.jpg,aggressive,dog,3
aug_001066.jpg,img_001528.jpg,mild,dog,2
aug_001067.jpg,img_001528.jpg,aggressive,dog,2
aug_001068.jpg,img_001528.jpg,aggressive,dog,2
aug_001069.jpg,img_001531.jpg,mild,dog,3
aug_001070.jpg,img_001531.jpg,aggressive,dog,3
aug_001071.jpg,img_001531.jpg,aggressive,dog,3
aug_001072.jpg,img_001532.jpg,mild,dog,1
aug_001073.jpg,img_001532.jpg,aggressive,dog,1
aug_001074.jpg,img_001532.jpg,aggressive,dog,1
aug_001075.jpg,img_001534.jpg,mild,dog,3
aug_001076.jpg,img_001534.jpg,aggressive,dog,3
aug_001077.jpg,img_001534.jpg,aggressive,dog,3
aug_001078.jpg,img_001537.jpg,mild,dog,3
aug_001079.jpg,img_001537.jpg,aggressive,dog,3
aug_001080.jpg,img_001537.jpg,aggressive,dog,3
aug_001081.jpg,img_001539.jpg,mild,dog,1
aug_001082.jpg,img_001539.jpg,aggressive,dog,1
aug_001083.jpg,img_001539.jpg,aggressive,dog,1
aug_001084.jpg,img_001540.jpg,mild,dog,9
aug_001085.jpg,img_001540.jpg,aggressive,dog,9
aug_001086.jpg,img_001540.jpg,aggressive,dog,7
aug_001087.jpg,img_001547.jpg,mild,dog,3
aug_001088.jpg,img_001547.jpg,aggressive,dog,3
aug_001089.jpg,img_001547.jpg,aggressive,dog,3
aug_001090.jpg,img_001568.jpg,mild,dog,2
aug_001091.jpg,img_001568.jpg,aggressive,dog,2
aug_001092.jpg,img_001568.jpg,aggressive,dog,2
aug_001093.jpg,img_001582.jpg,mild,dog,3
aug_001094.jpg,img_001582.jpg,aggressive,dog,3
aug_001095.jpg,img_001582.jpg,aggressive,dog,3
aug_001096.jpg,img_001586.jpg,mild,dog,3
aug_001097.jpg,img_001586.jpg,aggressive,dog,2
aug_001098.jpg,img_001586.jpg,aggressive,dog,3
aug_001099.jpg,img_001590.jpg,mild,dog,3
aug_001100.jpg,img_001590.jpg,aggressive,dog,3
aug_001101.jpg,img_001590.jpg,aggressive,dog,3
aug_001102.jpg,img_001592.jpg,mild,dog,3
aug_001103.jpg,img_001592.jpg,aggressive,dog,3
aug_001104.jpg,img_001592.jpg,aggressive,dog,3
aug_001105.jpg,img_001594.jpg,mild,dog,3
aug_001106.jpg,img_001594.jpg,aggressive,dog,3
aug_001107.jpg,img_001594.jpg,aggressive,dog,3
aug_001108.jpg,img_001596.jpg,mild,dog,2
aug_001109.jpg,img_001596.jpg,aggressive,dog,2
aug_001110.jpg,img_001596.jpg,aggressive,dog,2
aug_001111.jpg,img_001598.jpg,mild,dog,3
aug_001112.jpg,img_001598.jpg,aggressive,dog,3
aug_001113.jpg,img_001598.jpg,aggressive,dog,3
aug_001114.jpg,img_001600.jpg,mild,dog,3
aug_001115.jpg,img_001600.jpg,aggressive,dog,3
aug_001116.jpg,img_001600.jpg,aggressive,dog,3
aug_001117.jpg,img_001602.jpg,mild,dog,3
aug_001118.jpg,img_001602.jpg,aggressive,dog,3
aug_001119.jpg,img_001602.jpg,aggressive,dog,3
aug_001120.jpg,img_001604.jpg,mild,dog,3
aug_001121.jpg,img_001604.jpg,aggressive,dog,3
aug_001122.jpg,img_001604.jpg,aggressive,dog,3
aug_001123.jpg,img_001605.jpg,mild,dog,3
aug_001124.jpg,img_001605.jpg,aggressive,dog,2
aug_001125.jpg,img_001605.jpg,aggressive,dog,2
aug_001126.jpg,img_001608.jpg,mild,dog,3
aug_001127.jpg,img_001608.jpg,aggressive,dog,1
aug_001128.jpg,img_001608.jpg,aggressive,dog,3
aug_001129.jpg,img_001612.jpg,mild,dog,3
aug_001130.jpg,img_001612.jpg,aggressive,dog,3
aug_001131.jpg,img_001612.jpg,aggressive,dog,3
aug_001132.jpg,img_001613.jpg,mild,dog,12
aug_001133.jpg,img_001613.jpg,aggressive,dog,12
aug_001134.jpg,img_001613.jpg,aggressive,dog,12
aug_001135.jpg,img_001615.jpg,mild,dog,6
aug_001136.jpg,img_001615.jpg,aggressive,dog,5
aug_001137.jpg,img_001615.jpg,aggressive,dog,5
aug_001138.jpg,img_001616.jpg,mild,dog,5
aug_001139.jpg,img_001616.jpg,aggressive,dog,5
aug_001140.jpg,img_001616.jpg,aggressive,dog,5
aug_001141.jpg,img_001619.jpg,mild,dog,3
aug_001142.jpg,img_001619.jpg,aggressive,dog,3
aug_001143.jpg,img_001619.jpg,aggressive,dog,3
aug_001144.jpg,img_001621.jpg,mild,dog,5
aug_001145.jpg,img_001621.jpg,aggressive,dog,5
aug_001146.jpg,img_001621.jpg,aggressive,dog,5
aug_001147.jpg,img_001623.jpg,mild,dog,2
aug_001148.jpg,img_001623.jpg,aggressive,dog,2
aug_001149.jpg,img_001623.jpg,aggressive,dog,2
aug_001150.jpg,img_001625.jpg,mild,dog,3
aug_001151.jpg,img_001625.jpg,aggressive,dog,3
aug_001152.jpg,img_001625.jpg,aggressive,dog,3
aug_001153.jpg,img_001627.jpg,mild,dog,3
aug_001154.jpg,img_001627.jpg,aggressive,dog,3
aug_001155.jpg,img_001627.jpg,aggressive,dog,3
aug_001156.jpg,img_001629.jpg,mild,dog,3
aug_001157.jpg,img_001629.jpg,aggressive,dog,3
aug_001158.jpg,img_001629.jpg,aggressive,dog,3
aug_001159.jpg,img_001630.jpg,mild,dog,3
aug_001160.jpg,img_001630.jpg,aggressive,dog,3
aug_001161.jpg,img_001630.jpg,aggressive,dog,2
aug_001162.jpg,img_001632.jpg,mild,dog,3
aug_001163.jpg,img_001632.jpg,aggressive,dog,3
aug_001164.jpg,img_001632.jpg,aggressive,dog,3
aug_001165.jpg,img_001633.jpg,mild,dog,3
aug_001166.jpg,img_001633.jpg,aggressive,dog,3
aug_001167.jpg,img_001633.jpg,aggressive,dog,3
aug_001168.jpg,img_001635.jpg,mild,dog,1
aug_001169.jpg,img_001635.jpg,aggressive,dog,1
aug_001170.jpg,img_001635.jpg,aggressive,dog,1
aug_001171.jpg,img_001637.jpg,mild,dog,3
aug_001172.jpg,img_001637.jpg,aggressive,dog,3
aug_001173.jpg,img_001637.jpg,aggressive,dog,3
aug_001174.jpg,img_001640.jpg,mild,dog,3
aug_001175.jpg,img_001640.jpg,aggressive,dog,3
aug_001176.jpg,img_001640.jpg,aggressive,dog,3
aug_001177.jpg,img_001641.jpg,mild,dog,1
aug_001178.jpg,img_001641.jpg,aggressive,dog,1
aug_001179.jpg,img_001641.jpg,aggressive,dog,1
aug_001180.jpg,img_001642.jpg,mild,dog,2
aug_001181.jpg,img_001642.jpg,aggressive,dog,2
aug_001182.jpg,img_001642.jpg,aggressive,dog,2
aug_001183.jpg,img_001644.jpg,mild,dog,2
aug_001184.jpg,img_001644.jpg,aggressive,dog,2
aug_001185.jpg,img_001644.jpg,aggressive,dog,1
aug_001186.jpg,img_001647.jpg,mild,dog,3
aug_001187.jpg,img_001647.jpg,aggressive,dog,3
aug_001188.jpg,img_001647.jpg,aggressive,dog,3
aug_001189.jpg,img_001648.jpg,mild,dog,3
aug_001190.jpg,img_001648.jpg,aggressive,dog,3
aug_001191.jpg,img_001648.jpg,aggressive,dog,3
aug_001192.jpg,img_001649.jpg,mild,dog,2
aug_001193.jpg,img_001649.jpg,aggressive,dog,2
aug_001194.jpg,img_001649.jpg,aggressive,dog,2
aug_001195.jpg,img_001650.jpg,mild,dog,3
aug_001196.jpg,img_001650.jpg,aggressive,dog,2
aug_001197.jpg,img_001650.jpg,aggressive,dog,3
aug_001198.jpg,img_001653.jpg,mild,dog,3
aug_001199.jpg,img_001653.jpg,aggressive,dog,3
aug_001200.jpg,img_001653.jpg,aggressive,dog,3
aug_001201.jpg,img_001655.jpg,mild,dog,1
aug_001202.jpg,img_001655.jpg,aggressive,dog,1
aug_001203.jpg,img_001655.jpg,aggressive,dog,1
aug_001204.jpg,img_001657.jpg,mild,dog,3
aug_001205.jpg,img_001657.jpg,aggressive,dog,3
aug_001206.jpg,img_001657.jpg,aggressive,dog,3
aug_001207.jpg,img_001659.jpg,mild,dog,6
aug_001208.jpg,img_001659.jpg,aggressive,dog,6
aug_001209.jpg,img_001659.jpg,aggressive,dog,6
aug_001210.jpg,img_001661.jpg,mild,dog,3
aug_001211.jpg,img_001661.jpg,aggressive,dog,3
aug_001212.jpg,img_001661.jpg,aggressive,dog,3
aug_001213.jpg,img_001663.jpg,mild,dog,1
aug_001214.jpg,img_001663.jpg,aggressive,dog,1
aug_001215.jpg,img_001663.jpg,aggressive,dog,1
aug_001216.jpg,img_001664.jpg,mild,dog,2
aug_001217.jpg,img_001664.jpg,aggressive,dog,2
aug_001218.jpg,img_001664.jpg,aggressive,dog,2
aug_001219.jpg,img_001666.jpg,mild,dog,3
aug_001220.jpg,img_001666.jpg,aggressive,dog,3
aug_001221.jpg,img_001666.jpg,aggressive,dog,3
aug_001222.jpg,img_001667.jpg,mild,dog,3
aug_001223.jpg,img_001667.jpg,aggressive,dog,3
aug_001224.jpg,img_001667.jpg,aggressive,dog,3
aug_001225.jpg,img_001668.jpg,mild,dog,3
aug_001226.jpg,img_001668.jpg,aggressive,dog,3
aug_001227.jpg,img_001668.jpg,aggressive,dog,3
aug_001228.jpg,img_001671.jpg,mild,dog,5
aug_001229.jpg,img_001671.jpg,aggressive,dog,5
aug_001230.jpg,img_001671.jpg,aggressive,dog,4
aug_001231.jpg,img_001673.jpg,mild,dog,3
aug_001232.jpg,img_001673.jpg,aggressive,dog,3
aug_001233.jpg,img_001673.jpg,aggressive,dog,3
aug_001234.jpg,img_001674.jpg,mild,dog,3
aug_001235.jpg,img_001674.jpg,aggressive,dog,3
aug_001236.jpg,img_001674.jpg,aggressive,dog,3
aug_001237.jpg,img_001676.jpg,mild,dog,2
aug_001238.jpg,img_001676.jpg,aggressive,dog,2
aug_001239.jpg,img_001676.jpg,aggressive,dog,2
aug_001240.jpg,img_001678.jpg,mild,dog,3
aug_001241.jpg,img_001678.jpg,aggressive,dog,3
aug_001242.jpg,img_001678.jpg,aggressive,dog,3
aug_001243.jpg,img_001680.jpg,mild,dog,3
aug_001244.jpg,img_001680.jpg,aggressive,dog,3
aug_001245.jpg,img_001680.jpg,aggressive,dog,3
aug_001246.jpg,img_001682.jpg,mild,dog,3
aug_001247.jpg,img_001682.jpg,aggressive,dog,3
aug_001248.jpg,img_001682.jpg,aggressive,dog,3
aug_001249.jpg,img_001683.jpg,mild,dog,3
aug_001250.jpg,img_001683.jpg,aggressive,dog,2
aug_001251.jpg,img_001683.jpg,aggressive,dog,3
aug_001252.jpg,img_001684.jpg,mild,dog,3
aug_001253.jpg,img_001684.jpg,aggressive,dog,3
aug_001254.jpg,img_001684.jpg,aggressive,dog,3
aug_001255.jpg,img_001687.jpg,mild,dog,3
aug_001256.jpg,img_001687.jpg,aggressive,dog,3
aug_001257.jpg,img_001687.jpg,aggressive,dog,3
aug_001258.jpg,img_001689.jpg,mild,dog,3
aug_001259.jpg,img_001689.jpg,aggressive,dog,3
aug_001260.jpg,img_001689.jpg,aggressive,dog,3
aug_001261.jpg,img_001691.jpg,mild,dog,3
aug_001262.jpg,img_001691.jpg,aggressive,dog,3
aug_001263.jpg,img_001691.jpg,aggressive,dog,3
aug_001264.jpg,img_001694.jpg,mild,dog,3
aug_001265.jpg,img_001694.jpg,aggressive,dog,3
aug_001266.jpg,img_001694.jpg,aggressive,dog,3
aug_001267.jpg,img_001697.jpg,mild,dog,3
aug_001268.jpg,img_001697.jpg,aggressive,dog,3
aug_001269.jpg,img_001697.jpg,aggressive,dog,3
aug_001270.jpg,img_001698.jpg,mild,dog,2
aug_001271.jpg,img_001698.jpg,aggressive,dog,2
aug_001272.jpg,img_001698.jpg,aggressive,dog,2
aug_001273.jpg,img_001699.jpg,mild,dog,3
aug_001274.jpg,img_001699.jpg,aggressive,dog,3
aug_001275.jpg,img_001699.jpg,aggressive,dog,3
aug_001276.jpg,img_001701.jpg,mild,dog,3
aug_001277.jpg,img_001701.jpg,aggressive,dog,3
aug_001278.jpg,img_001701.jpg,aggressive,dog,3
aug_001279.jpg,img_001703.jpg,mild,dog,3
aug_001280.jpg,img_001703.jpg,aggressive,dog,3
aug_001281.jpg,img_001703.jpg,aggressive,dog,3
aug_001282.jpg,img_001705.jpg,mild,dog,3
aug_001283.jpg,img_001705.jpg,aggressive,dog,3
aug_001284.jpg,img_001705.jpg,aggressive,dog,3
aug_001285.jpg,img_001707.jpg,mild,dog,1
aug_001286.jpg,img_001707.jpg,aggressive,dog,1
aug_001287.jpg,img_001707.jpg,aggressive,dog,1
aug_001288.jpg,img_001708.jpg,mild,dog,3
aug_001289.jpg,img_001708.jpg,aggressive,dog,2
aug_001290.jpg,img_001708.jpg,aggressive,dog,2
aug_001291.jpg,img_001711.jpg,mild,dog,9
aug_001292.jpg,img_001711.jpg,aggressive,dog,9
aug_001293.jpg,img_001711.jpg,aggressive,dog,9
aug_001294.jpg,img_001713.jpg,mild,dog,3
aug_001295.jpg,img_001713.jpg,aggressive,dog,3
aug_001296.jpg,img_001713.jpg,aggressive,dog,3
aug_001297.jpg,img_001714.jpg,mild,dog,3
aug_001298.jpg,img_001714.jpg,aggressive,dog,3
aug_001299.jpg,img_001714.jpg,aggressive,dog,3
aug_001300.jpg,img_001717.jpg,mild,dog,3
aug_001301.jpg,img_001717.jpg,aggressive,dog,3
aug_001302.jpg,img_001717.jpg,aggressive,dog,3
aug_001303.jpg,img_001719.jpg,mild,dog,1
aug_001304.jpg,img_001719.jpg,aggressive,dog,1
aug_001305.jpg,img_001719.jpg,aggressive,dog,1
aug_001306.jpg,img_001734.jpg,mild,stair,1
aug_001307.jpg,img_001735.jpg,mild,stair,1
aug_001308.jpg,img_001736.jpg,mild,stair,1
aug_001309.jpg,img_001737.jpg,mild,stair,1
aug_001310.jpg,img_001738.jpg,mild,stair,1
aug_001311.jpg,img_001739.jpg,mild,stair,1
aug_001312.jpg,img_001740.jpg,mild,stair,1
aug_001313.jpg,img_001741.jpg,mild,stair,1
aug_001314.jpg,img_001742.jpg,mild,stair,1
aug_001315.jpg,img_001743.jpg,mild,stair,1
aug_001316.jpg,img_001744.jpg,mild,stair,1
aug_001317.jpg,img_001745.jpg,mild,stair,1
aug_001318.jpg,img_001746.jpg,mild,stair,1
aug_001319.jpg,img_001747.jpg,mild,stair,1
aug_001320.jpg,img_001748.jpg,mild,stair,1
aug_001321.jpg,img_001749.jpg,mild,stair,1
aug_001322.jpg,img_001750.jpg,mild,stair,1
aug_001323.jpg,img_001751.jpg,mild,stair,1
aug_001324.jpg,img_001752.jpg,mild,stair,1
aug_001325.jpg,img_001753.jpg,mild,stair,1
aug_001326.jpg,img_001754.jpg,mild,stair,1
aug_001327.jpg,img_001755.jpg,mild,stair,1
aug_001328.jpg,img_001756.jpg,mild,stair,1
aug_001329.jpg,img_001757.jpg,mild,stair,1
aug_001330.jpg,img_001758.jpg,mild,stair,1
aug_001331.jpg,img_001759.jpg,mild,stair,1
aug_001332.jpg,img_001760.jpg,mild,stair,1
aug_001333.jpg,img_001761.jpg,mild,stair,1
aug_001334.jpg,img_001762.jpg,mild,stair,1
aug_001335.jpg,img_001763.jpg,mild,stair,1
aug_001336.jpg,img_001764.jpg,mild,stair,1
aug_001337.jpg,img_001765.jpg,mild,stair,1
aug_001338.jpg,img_001766.jpg,mild,stair,1
aug_001339.jpg,img_001767.jpg,mild,stair,1
aug_001340.jpg,img_001768.jpg,mild,stair,1
aug_001341.jpg,img_001769.jpg,mild,stair,1
aug_001342.jpg,img_001770.jpg,mild,stair,1
aug_001343.jpg,img_001771.jpg,mild,stair,1
aug_001344.jpg,img_001772.jpg,mild,stair,1
aug_001345.jpg,img_001773.jpg,mild,stair,1
aug_001346.jpg,img_001774.jpg,mild,stair,1
aug_001347.jpg,img_001775.jpg,mild,stair,1
aug_001348.jpg,img_001776.jpg,mild,stair,1
aug_001349.jpg,img_001777.jpg,mild,stair,1
aug_001350.jpg,img_001778.jpg,mild,stair,1
aug_001351.jpg,img_001779.jpg,mild,stair,1
aug_001352.jpg,img_001780.jpg,mild,stair,1
aug_001353.jpg,img_001781.jpg,mild,stair,1
aug_001354.jpg,img_001782.jpg,mild,stair,2
aug_001355.jpg,img_001783.jpg,mild,stair,2
aug_001356.jpg,img_001784.jpg,mild,stair,1
aug_001357.jpg,img_001785.jpg,mild,stair,1
aug_001358.jpg,img_001786.jpg,mild,stair,1
aug_001359.jpg,img_001787.jpg,mild,stair,1
aug_001360.jpg,img_001788.jpg,mild,stair,1
aug_001361.jpg,img_001789.jpg,mild,stair,1
aug_001362.jpg,img_001790.jpg,mild,stair,1
aug_001363.jpg,img_001791.jpg,mild,stair,1
aug_001364.jpg,img_001792.jpg,mild,stair,1
aug_001365.jpg,img_001793.jpg,mild,stair,1
aug_001366.jpg,img_001794.jpg,mild,stair,1
aug_001367.jpg,img_001795.jpg,mild,stair,1
aug_001368.jpg,img_001796.jpg,mild,stair,1
aug_001369.jpg,img_001797.jpg,mild,stair,1
aug_001370.jpg,img_001798.jpg,mild,stair,1
aug_001371.jpg,img_001799.jpg,mild,stair,1
aug_001372.jpg,img_001800.jpg,mild,stair,1
aug_001373.jpg,img_001801.jpg,mild,stair,1
aug_001374.jpg,img_001802.jpg,mild,stair,1
aug_001375.jpg,img_001803.jpg,mild,stair,1
aug_001376.jpg,img_001804.jpg,mild,stair,1
aug_001377.jpg,img_001805.jpg,mild,stair,1
aug_001378.jpg,img_001806.jpg,mild,stair,1
aug_001379.jpg,img_001807.jpg,mild,stair,1
aug_001380.jpg,img_001808.jpg,mild,stair,1
aug_001381.jpg,img_001809.jpg,mild,stair,1
aug_001382.jpg,img_001810.jpg,mild,stair,1
aug_001383.jpg,img_001811.jpg,mild,stair,1
aug_001384.jpg,img_001812.jpg,mild,stair,1
aug_001385.jpg,img_001813.jpg,mild,stair,1
aug_001386.jpg,img_001814.jpg,mild,stair,1
aug_001387.jpg,img_001815.jpg,mild,stair,1
aug_001388.jpg,img_001816.jpg,mild,stair,1
aug_001389.jpg,img_001817.jpg,mild,stair,1
aug_001390.jpg,img_001818.jpg,mild,stair,1
aug_001391.jpg,img_001819.jpg,mild,stair,1
aug_001392.jpg,img_001820.jpg,mild,stair,1
aug_001393.jpg,img_001821.jpg,mild,stair,1
aug_001394.jpg,img_001822.jpg,mild,stair,1
aug_001395.jpg,img_001823.jpg,mild,stair,1
aug_001396.jpg,img_001824.jpg,mild,stair,1
aug_001397.jpg,img_001825.jpg,mild,stair,1
aug_001398.jpg,img_001826.jpg,mild,stair,1
aug_001399.jpg,img_001827.jpg,mild,stair,1
aug_001400.jpg,img_001828.jpg,mild,stair,1
aug_001401.jpg,img_001829.jpg,mild,stair,1
aug_001402.jpg,img_001830.jpg,mild,stair,1
aug_001403.jpg,img_001831.jpg,mild,stair,1
aug_001404.jpg,img_001832.jpg,mild,stair,1
aug_001405.jpg,img_001833.jpg,mild,stair,1
aug_001406.jpg,img_001834.jpg,mild,stair,1
aug_001407.jpg,img_001835.jpg,mild,stair,1
aug_001408.jpg,img_001836.jpg,mild,stair,1
aug_001409.jpg,img_001837.jpg,mild,stair,1
aug_001410.jpg,img_001838.jpg,mild,stair,1
aug_001411.jpg,img_001839.jpg,mild,stair,1
aug_001412.jpg,img_001840.jpg,mild,stair,1
aug_001413.jpg,img_001841.jpg,mild,stair,1
aug_001414.jpg,img_001842.jpg,mild,stair,1
aug_001415.jpg,img_001843.jpg,mild,stair,1
aug_001416.jpg,img_001844.jpg,mild,stair,1
aug_001417.jpg,img_001845.jpg,mild,stair,1
aug_001418.jpg,img_001846.jpg,mild,stair,1
aug_001419.jpg,img_001847.jpg,mild,stair,1
aug_001420.jpg,img_001848.jpg,mild,stair,1
aug_001421.jpg,img_001849.jpg,mild,stair,1
aug_001422.jpg,img_001850.jpg,mild,stair,1
aug_001423.jpg,img_001851.jpg,mild,stair,1
aug_001424.jpg,img_001852.jpg,mild,stair,1
aug_001425.jpg,img_001853.jpg,mild,stair,1
aug_001426.jpg,img_001854.jpg,mild,stair,1
aug_001427.jpg,img_001855.jpg,mild,stair,1
aug_001428.jpg,img_001856.jpg,mild,stair,1
aug_001429.jpg,img_001857.jpg,mild,stair,1
aug_001430.jpg,img_001858.jpg,mild,stair,1
aug_001431.jpg,img_001859.jpg,mild,stair,1
aug_001432.jpg,img_001860.jpg,mild,stair,1
aug_001433.jpg,img_001861.jpg,mild,stair,1
aug_001434.jpg,img_001862.jpg,mild,stair,1
aug_001435.jpg,img_001863.jpg,mild,stair,1
aug_001436.jpg,img_001864.jpg,mild,stair,1
aug_001437.jpg,img_001865.jpg,mild,stair,1
aug_001438.jpg,img_001866.jpg,mild,stair,1
aug_001439.jpg,img_001867.jpg,mild,stair,1
aug_001440.jpg,img_001868.jpg,mild,stair,1
aug_001441.jpg,img_001869.jpg,mild,stair,1
aug_001442.jpg,img_001870.jpg,mild,stair,1
aug_001443.jpg,img_001871.jpg,mild,stair,1
aug_001444.jpg,img_001872.jpg,mild,stair,1
aug_001445.jpg,img_001873.jpg,mild,stair,1
aug_001446.jpg,img_001874.jpg,mild,stair,1
aug_001447.jpg,img_001875.jpg,mild,stair,1
aug_001448.jpg,img_001876.jpg,mild,stair,1
aug_001449.jpg,img_001877.jpg,mild,stair,1
aug_001450.jpg,img_001878.jpg,mild,stair,1
aug_001451.jpg,img_001879.jpg,mild,stair,1
aug_001452.jpg,img_001880.jpg,mild,stair,1
aug_001453.jpg,img_001881.jpg,mild,stair,1
aug_001454.jpg,img_001882.jpg,mild,stair,1
aug_001455.jpg,img_001883.jpg,mild,stair,1
aug_001456.jpg,img_001884.jpg,mild,stair,1
aug_001457.jpg,img_001885.jpg,mild,stair,1
aug_001458.jpg,img_001886.jpg,mild,stair,1
aug_001459.jpg,img_001887.jpg,mild,stair,1
aug_001460.jpg,img_001888.jpg,mild,stair,1
aug_001461.jpg,img_001889.jpg,mild,stair,1
aug_001462.jpg,img_001890.jpg,mild,stair,1
aug_001463.jpg,img_001891.jpg,mild,stair,1
aug_001464.jpg,img_001892.jpg,mild,stair,1
aug_001465.jpg,img_001893.jpg,mild,stair,1
aug_001466.jpg,img_001894.jpg,mild,stair,1
aug_001467.jpg,img_001895.jpg,mild,stair,1
aug_001468.jpg,img_001896.jpg,mild,stair,1
aug_001469.jpg,img_001897.jpg,mild,stair,1
aug_001470.jpg,img_001898.jpg,mild,stair,1
aug_001471.jpg,img_001899.jpg,mild,stair,1
aug_001472.jpg,img_001900.jpg,mild,stair,1
aug_001473.jpg,img_001901.jpg,mild,stair,1
aug_001474.jpg,img_001902.jpg,mild,stair,1
aug_001475.jpg,img_001903.jpg,mild,stair,1
aug_001476.jpg,img_001904.jpg,mild,stair,1
aug_001477.jpg,img_001905.jpg,mild,stair,1
aug_001478.jpg,img_001906.jpg,mild,stair,1
aug_001479.jpg,img_001907.jpg,mild,stair,1
aug_001480.jpg,img_001908.jpg,mild,stair,1
aug_001481.jpg,img_001909.jpg,mild,stair,1
aug_001482.jpg,img_001910.jpg,mild,stair,1
aug_001483.jpg,img_001911.jpg,mild,stair,1
aug_001484.jpg,img_001912.jpg,mild,stair,1
aug_001485.jpg,img_001913.jpg,mild,stair,1
aug_001486.jpg,img_001914.jpg,mild,stair,1
aug_001487.jpg,img_001915.jpg,mild,stair,1
aug_001488.jpg,img_001916.jpg,mild,stair,1
aug_001489.jpg,img_001917.jpg,mild,stair,1
aug_001490.jpg,img_001918.jpg,mild,stair,2
aug_001491.jpg,img_001919.jpg,mild,stair,1
aug_001492.jpg,img_001920.jpg,mild,stair,1
aug_001493.jpg,img_001921.jpg,mild,stair,1
aug_001494.jpg,img_001922.jpg,mild,stair,1
aug_001495.jpg,img_001923.jpg,mild,stair,1
aug_001496.jpg,img_001924.jpg,mild,stair,1
aug_001497.jpg,img_001925.jpg,mild,stair,1
aug_001498.jpg,img_001926.jpg,mild,stair,1
aug_001499.jpg,img_001927.jpg,mild,stair,1
aug_001500.jpg,img_001928.jpg,mild,stair,1
aug_001501.jpg,img_001929.jpg,mild,stair,1
aug_001502.jpg,img_001930.jpg,mild,stair,1
aug_001503.jpg,img_001931.jpg,mild,stair,1
aug_001504.jpg,img_001932.jpg,mild,stair,1
aug_001505.jpg,img_001933.jpg,mild,stair,1
aug_001506.jpg,img_001934.jpg,mild,stair,1
aug_001507.jpg,img_001935.jpg,mild,stair,1
aug_001508.jpg,img_001936.jpg,mild,stair,1
aug_001509.jpg,img_001937.jpg,mild,stair,1
aug_001510.jpg,img_001938.jpg,mild,stair,1
aug_001511.jpg,img_001939.jpg,mild,stair,1
aug_001512.jpg,img_001940.jpg,mild,stair,1
aug_001513.jpg,img_001941.jpg,mild,stair,1
aug_001514.jpg,img_001942.jpg,mild,stair,1
aug_001515.jpg,img_001943.jpg,mild,stair,1
aug_001516.jpg,img_001944.jpg,mild,stair,1
aug_001517.jpg,img_001945.jpg,mild,stair,1
aug_001518.jpg,img_001946.jpg,mild,stair,1
aug_001519.jpg,img_001947.jpg,mild,stair,1
aug_001520.jpg,img_001948.jpg,mild,stair,1
aug_001521.jpg,img_001949.jpg,mild,stair,1
aug_001522.jpg,img_001950.jpg,mild,stair,1
aug_001523.jpg,img_001951.jpg,mild,stair,1
aug_001524.jpg,img_001952.jpg,mild,stair,1
aug_001525.jpg,img_001953.jpg,mild,stair,1
aug_001526.jpg,img_001954.jpg,mild,stair,1
aug_001527.jpg,img_001955.jpg,mild,stair,1
aug_001528.jpg,img_001956.jpg,mild,stair,1
aug_001529.jpg,img_001957.jpg,mild,stair,1
aug_001530.jpg,img_001958.jpg,mild,stair,1
aug_001531.jpg,img_001959.jpg,mild,stair,1
aug_001532.jpg,img_001960.jpg,mild,stair,1
aug_001533.jpg,img_001961.jpg,mild,stair,1
aug_001534.jpg,img_001962.jpg,mild,stair,1
aug_001535.jpg,img_001963.jpg,mild,stair,1
aug_001536.jpg,img_001964.jpg,mild,stair,1
aug_001537.jpg,img_001965.jpg,mild,stair,1
aug_001538.jpg,img_001966.jpg,mild,stair,1
aug_001539.jpg,img_001967.jpg,mild,stair,1
aug_001540.jpg,img_001968.jpg,mild,stair,1
aug_001541.jpg,img_001969.jpg,mild,stair,1
aug_001542.jpg,img_001970.jpg,mild,stair,1
aug_001543.jpg,img_001971.jpg,mild,stair,1
aug_001544.jpg,img_001972.jpg,mild,stair,1
aug_001545.jpg,img_001973.jpg,mild,stair,1
aug_001546.jpg,img_001974.jpg,mild,stair,1
aug_001547.jpg,img_001975.jpg,mild,stair,1
aug_001548.jpg,img_001976.jpg,mild,stair,1
aug_001549.jpg,img_001977.jpg,mild,stair,1
aug_001550.jpg,img_001978.jpg,mild,stair,1
aug_001551.jpg,img_001979.jpg,mild,stair,1
aug_001552.jpg,img_001980.jpg,mild,stair,1
aug_001553.jpg,img_001981.jpg,mild,stair,1
aug_001554.jpg,img_001982.jpg,mild,stair,1
aug_001555.jpg,img_001983.jpg,mild,stair,1
aug_001556.jpg,img_001984.jpg,mild,stair,1
aug_001557.jpg,img_001985.jpg,mild,stair,1
aug_001558.jpg,img_001986.jpg,mild,stair,1
aug_001559.jpg,img_001987.jpg,mild,stair,1
aug_001560.jpg,img_001988.jpg,mild,stair,1
aug_001561.jpg,img_001989.jpg,mild,stair,1
aug_001562.jpg,img_001990.jpg,mild,stair,1
aug_001563.jpg,img_001991.jpg,mild,stair,1
aug_001564.jpg,img_001992.jpg,mild,stair,1
aug_001565.jpg,img_001993.jpg,mild,stair,1
aug_001566.jpg,img_001994.jpg,mild,stair,1
aug_001567.jpg,img_001995.jpg,mild,stair,1
aug_001568.jpg,img_001996.jpg,mild,stair,3
aug_001569.jpg,img_001997.jpg,mild,stair,3
aug_001570.jpg,img_001998.jpg,mild,stair,3
aug_001571.jpg,img_001999.jpg,mild,stair,1
aug_001572.jpg,img_002000.jpg,mild,stair,1
aug_001573.jpg,img_002001.jpg,mild,stair,1
aug_001574.jpg,img_002002.jpg,mild,stair,1
aug_001575.jpg,img_002003.jpg,mild,stair,1
aug_001576.jpg,img_002004.jpg,mild,stair,1
aug_001577.jpg,img_002005.jpg,mild,stair,1
aug_001578.jpg,img_002006.jpg,mild,stair,1
aug_001579.jpg,img_002007.jpg,mild,stair,1
aug_001580.jpg,img_002008.jpg,mild,stair,1
aug_001581.jpg,img_002009.jpg,mild,stair,1
aug_001582.jpg,img_002010.jpg,mild,stair,1
aug_001583.jpg,img_002011.jpg,mild,stair,1
aug_001584.jpg,img_002012.jpg,mild,stair,1
aug_001585.jpg,img_002013.jpg,mild,stair,1
aug_001586.jpg,img_002014.jpg,mild,stair,1
aug_001587.jpg,img_002015.jpg,mild,stair,1
aug_001588.jpg,img_002016.jpg,mild,stair,1
aug_001589.jpg,img_002017.jpg,mild,stair,1
aug_001590.jpg,img_002018.jpg,mild,stair,1
aug_001591.jpg,img_002019.jpg,mild,stair,1
aug_001592.jpg,img_002020.jpg,mild,stair,1
aug_001593.jpg,img_002021.jpg,mild,stair,1
aug_001594.jpg,img_002022.jpg,mild,stair,1
aug_001595.jpg,img_002023.jpg,mild,stair,1
aug_001596.jpg,img_002024.jpg,mild,stair,1
aug_001597.jpg,img_002025.jpg,mild,stair,1
aug_001598.jpg,img_002026.jpg,mild,stair,1
aug_001599.jpg,img_002027.jpg,mild,stair,1
aug_001600.jpg,img_002028.jpg,mild,stair,1
aug_001601.jpg,img_002029.jpg,mild,stair,1
aug_001602.jpg,img_002030.jpg,mild,stair,1
aug_001603.jpg,img_002031.jpg,mild,stair,1
aug_001604.jpg,img_002032.jpg,mild,stair,1
aug_001605.jpg,img_002033.jpg,mild,stair,1
aug_001606.jpg,img_002034.jpg,mild,stair,1
aug_001607.jpg,img_002035.jpg,mild,stair,2
aug_001608.jpg,img_002036.jpg,mild,stair,2
aug_001609.jpg,img_002037.jpg,mild,stair,2
aug_001610.jpg,img_002038.jpg,mild,stair,1
aug_001611.jpg,img_002039.jpg,mild,stair,2
aug_001612.jpg,img_002040.jpg,mild,stair,1
aug_001613.jpg,img_002041.jpg,mild,stair,1
aug_001614.jpg,img_002042.jpg,mild,stair,1
aug_001615.jpg,img_002043.jpg,mild,stair,1
aug_001616.jpg,img_002044.jpg,mild,stair,1
aug_001617.jpg,img_002045.jpg,mild,stair,1
aug_001618.jpg,img_002046.jpg,mild,stair,2
aug_001619.jpg,img_002047.jpg,mild,stair,2
aug_001620.jpg,img_002048.jpg,mild,stair,2
aug_001621.jpg,img_002049.jpg,mild,stair,1
aug_001622.jpg,img_002050.jpg,mild,stair,4
aug_001623.jpg,img_002051.jpg,mild,stair,4
aug_001624.jpg,img_002052.jpg,mild,stair,4
aug_001625.jpg,img_002053.jpg,mild,stair,1
aug_001626.jpg,img_002054.jpg,mild,stair,1
aug_001627.jpg,img_002055.jpg,mild,stair,1
aug_001628.jpg,img_002056.jpg,mild,stair,1
aug_001629.jpg,img_002057.jpg,mild,stair,1
aug_001630.jpg,img_002058.jpg,mild,stair,1
aug_001631.jpg,img_002059.jpg,mild,stair,2
aug_001632.jpg,img_002060.jpg,mild,stair,3
aug_001633.jpg,img_002061.jpg,mild,stair,3
aug_001634.jpg,img_002062.jpg,mild,stair,3
aug_001635.jpg,img_002063.jpg,mild,stair,2
aug_001636.jpg,img_002064.jpg,mild,stair,2
aug_001637.jpg,img_002065.jpg,mild,stair,2
aug_001638.jpg,img_002066.jpg,mild,stair,3
aug_001639.jpg,img_002067.jpg,mild,stair,1
aug_001640.jpg,img_002068.jpg,mild,stair,1
aug_001641.jpg,img_002069.jpg,mild,stair,2
aug_001642.jpg,img_002070.jpg,mild,stair,2
aug_001643.jpg,img_002071.jpg,mild,stair,2
aug_001644.jpg,img_002072.jpg,mild,stair,2
aug_001645.jpg,img_002073.jpg,mild,stair,1
aug_001646.jpg,img_002074.jpg,mild,stair,1
aug_001647.jpg,img_002075.jpg,mild,stair,1
aug_001648.jpg,img_002076.jpg,mild,stair,1
aug_001649.jpg,img_002077.jpg,mild,stair,1
aug_001650.jpg,img_002078.jpg,mild,stair,1
aug_001651.jpg,img_002079.jpg,mild,stair,2
aug_001652.jpg,img_002080.jpg,mild,stair,2
aug_001653.jpg,img_002081.jpg,mild,stair,2
aug_001654.jpg,img_002082.jpg,mild,stair,1
aug_001655.jpg,img_002083.jpg,mild,stair,1
aug_001656.jpg,img_002084.jpg,mild,stair,1
aug_001657.jpg,img_002085.jpg,mild,stair,1
aug_001658.jpg,img_002086.jpg,mild,stair,1
aug_001659.jpg,img_002087.jpg,mild,stair,1
aug_001660.jpg,img_002088.jpg,mild,stair,3
aug_001661.jpg,img_002089.jpg,mild,stair,3
aug_001662.jpg,img_002090.jpg,mild,stair,3
aug_001663.jpg,img_002091.jpg,mild,stair,1
aug_001664.jpg,img_002092.jpg,mild,stair,1
aug_001665.jpg,img_002093.jpg,mild,stair,1
aug_001666.jpg,img_002094.jpg,mild,stair,1
aug_001667.jpg,img_002095.jpg,mild,stair,1
aug_001668.jpg,img_002096.jpg,mild,stair,1
aug_001669.jpg,img_002097.jpg,mild,stair,1
aug_001670.jpg,img_002098.jpg,mild,stair,1
aug_001671.jpg,img_002099.jpg,mild,stair,1
aug_001672.jpg,img_002100.jpg,mild,stair,1
aug_001673.jpg,img_002101.jpg,mild,stair,1
aug_001674.jpg,img_002102.jpg,mild,stair,1
aug_001675.jpg,img_002103.jpg,mild,stair,1
aug_001676.jpg,img_002104.jpg,mild,stair,1
aug_001677.jpg,img_002105.jpg,mild,stair,1
aug_001678.jpg,img_002106.jpg,mild,stair,1
aug_001679.jpg,img_002107.jpg,mild,stair,1
aug_001680.jpg,img_002108.jpg,mild,stair,1
aug_001681.jpg,img_002109.jpg,mild,stair,1
aug_001682.jpg,img_002110.jpg,mild,stair,1
aug_001683.jpg,img_002111.jpg,mild,stair,1
aug_001684.jpg,img_002112.jpg,mild,stair,1
aug_001685.jpg,img_002113.jpg,mild,stair,1
aug_001686.jpg,img_002114.jpg,mild,stair,1
aug_001687.jpg,img_002115.jpg,mild,stair,1
aug_001688.jpg,img_002116.jpg,mild,stair,1
aug_001689.jpg,img_002117.jpg,mild,stair,1
aug_001690.jpg,img_002118.jpg,mild,stair,1
aug_001691.jpg,img_002119.jpg,mild,stair,1
aug_001692.jpg,img_002120.jpg,mild,stair,1
aug_001693.jpg,img_002121.jpg,mild,stair,1
aug_001694.jpg,img_002122.jpg,mild,stair,1
aug_001695.jpg,img_002123.jpg,mild,stair,1
aug_001696.jpg,img_002124.jpg,mild,stair,1
aug_001697.jpg,img_002125.jpg,mild,stair,1
aug_001698.jpg,img_002126.jpg,mild,stair,1
aug_001699.jpg,img_002127.jpg,mild,stair,1
aug_001700.jpg,img_002128.jpg,mild,stair,1
aug_001701.jpg,img_002129.jpg,mild,stair,1
aug_001702.jpg,img_002130.jpg,mild,stair,1
aug_001703.jpg,img_002131.jpg,mild,stair,1
aug_001704.jpg,img_002132.jpg,mild,stair,1
aug_001705.jpg,img_002133.jpg,mild,stair,1
aug_001706.jpg,img_002134.jpg,mild,stair,1
aug_001707.jpg,img_002135.jpg,mild,stair,1
aug_001708.jpg,img_002136.jpg,mild,stair,1
aug_001709.jpg,img_002137.jpg,mild,stair,1
aug_001710.jpg,img_002138.jpg,mild,stair,1
aug_001711.jpg,img_002139.jpg,mild,stair,1
aug_001712.jpg,img_002140.jpg,mild,stair,1
aug_001713.jpg,img_002141.jpg,mild,stair,1
aug_001714.jpg,img_002142.jpg,mild,stair,1
aug_001715.jpg,img_002143.jpg,mild,stair,1
aug_001716.jpg,img_002144.jpg,mild,stair,1
aug_001717.jpg,img_002145.jpg,mild,stair,2
aug_001718.jpg,img_002146.jpg,mild,stair,2
aug_001719.jpg,img_002147.jpg,mild,stair,1
aug_001720.jpg,img_002148.jpg,mild,stair,2
aug_001721.jpg,img_002149.jpg,mild,stair,2
aug_001722.jpg,img_002150.jpg,mild,stair,2
aug_001723.jpg,img_002151.jpg,mild,stair,2
aug_001724.jpg,img_002152.jpg,mild,stair,2
aug_001725.jpg,img_002153.jpg,mild,stair,2
aug_001726.jpg,img_002154.jpg,mild,stair,1
aug_001727.jpg,img_002155.jpg,mild,stair,1
aug_001728.jpg,img_002156.jpg,mild,stair,1
aug_001729.jpg,img_002157.jpg,mild,stair,1
aug_001730.jpg,img_002158.jpg,mild,stair,1
aug_001731.jpg,img_002159.jpg,mild,stair,1
aug_001732.jpg,img_002160.jpg,mild,stair,2
aug_001733.jpg,img_002161.jpg,mild,stair,2
aug_001734.jpg,img_002162.jpg,mild,stair,2
aug_001735.jpg,img_002163.jpg,mild,stair,2
aug_001736.jpg,img_002164.jpg,mild,stair,2
aug_001737.jpg,img_002165.jpg,mild,stair,2
aug_001738.jpg,img_002166.jpg,mild,stair,1
aug_001739.jpg,img_002167.jpg,mild,stair,1
aug_001740.jpg,img_002168.jpg,mild,stair,1
aug_001741.jpg,img_002169.jpg,mild,stair,1
aug_001742.jpg,img_002170.jpg,mild,stair,1
aug_001743.jpg,img_002171.jpg,mild,stair,1
aug_001744.jpg,img_002172.jpg,mild,stair,2
aug_001745.jpg,img_002173.jpg,mild,stair,2
aug_001746.jpg,img_002174.jpg,mild,stair,2
aug_001747.jpg,img_002175.jpg,mild,stair,1
aug_001748.jpg,img_002176.jpg,mild,stair,1
aug_001749.jpg,img_002177.jpg,mild,stair,1
aug_001750.jpg,img_002178.jpg,mild,stair,1
aug_001751.jpg,img_002179.jpg,mild,stair,1
aug_001752.jpg,img_002180.jpg,mild,stair,1
aug_001753.jpg,img_002181.jpg,mild,stair,1
aug_001754.jpg,img_002182.jpg,mild,stair,1
aug_001755.jpg,img_002183.jpg,mild,stair,1
aug_001756.jpg,img_002184.jpg,mild,stair,1
aug_001757.jpg,img_002185.jpg,mild,stair,5
aug_001758.jpg,img_002186.jpg,mild,stair,5
aug_001759.jpg,img_002187.jpg,mild,stair,5
aug_001760.jpg,img_002188.jpg,mild,stair,1
aug_001761.jpg,img_002189.jpg,mild,stair,1
aug_001762.jpg,img_002190.jpg,mild,stair,1
aug_001763.jpg,img_002191.jpg,mild,stair,2
aug_001764.jpg,img_002192.jpg,mild,stair,2
aug_001765.jpg,img_002193.jpg,mild,stair,2
aug_001766.jpg,img_002194.jpg,mild,stair,1
aug_001767.jpg,img_002195.jpg,mild,stair,1
aug_001768.jpg,img_002196.jpg,mild,stair,1
aug_001769.jpg,img_002197.jpg,mild,stair,2
aug_001770.jpg,img_002198.jpg,mild,stair,1
aug_001771.jpg,img_002199.jpg,mild,stair,1
aug_001772.jpg,img_002200.jpg,mild,stair,1
aug_001773.jpg,img_002201.jpg,mild,stair,1
aug_001774.jpg,img_002202.jpg,mild,stair,1
aug_001775.jpg,img_002203.jpg,mild,stair,1
aug_001776.jpg,img_002204.jpg,mild,stair,1
aug_001777.jpg,img_002205.jpg,mild,stair,1
aug_001778.jpg,img_002206.jpg,mild,stair,1
aug_001779.jpg,img_002207.jpg,mild,stair,1
aug_001780.jpg,img_002208.jpg,mild,stair,1
aug_001781.jpg,img_002209.jpg,mild,stair,1
aug_001782.jpg,img_002210.jpg,mild,stair,1
aug_001783.jpg,img_002211.jpg,mild,stair,1
aug_001784.jpg,img_002212.jpg,mild,stair,1
aug_001785.jpg,img_002213.jpg,mild,stair,1
aug_001786.jpg,img_002214.jpg,mild,stair,1
aug_001787.jpg,img_002215.jpg,mild,stair,1
aug_001788.jpg,img_002216.jpg,mild,stair,1
aug_001789.jpg,img_002217.jpg,mild,stair,1
aug_001790.jpg,img_002218.jpg,mild,stair,1
aug_001791.jpg,img_002219.jpg,mild,stair,1
aug_001792.jpg,img_002220.jpg,mild,stair,1
aug_001793.jpg,img_002221.jpg,mild,stair,1
aug_001794.jpg,img_002222.jpg,mild,stair,1
aug_001795.jpg,img_002223.jpg,mild,stair,1
aug_001796.jpg,img_002224.jpg,mild,stair,1
aug_001797.jpg,img_002225.jpg,mild,stair,1
aug_001798.jpg,img_002226.jpg,mild,stair,1
aug_001799.jpg,img_002227.jpg,mild,stair,1
aug_001800.jpg,img_002228.jpg,mild,stair,1
aug_001801.jpg,img_002229.jpg,mild,stair,1
aug_001802.jpg,img_002230.jpg,mild,stair,1
aug_001803.jpg,img_002231.jpg,mild,stair,1
aug_001804.jpg,img_002232.jpg,mild,stair,1
aug_001805.jpg,img_002233.jpg,mild,stair,1
aug_001806.jpg,img_002234.jpg,mild,stair,1
aug_001807.jpg,img_002235.jpg,mild,stair,1
aug_001808.jpg,img_002236.jpg,mild,stair,1
aug_001809.jpg,img_002237.jpg,mild,stair,1
aug_001810.jpg,img_002238.jpg,mild,stair,1
aug_001811.jpg,img_002239.jpg,mild,stair,1
aug_001812.jpg,img_002240.jpg,mild,stair,2
aug_001813.jpg,img_002241.jpg,mild,stair,2
aug_001814.jpg,img_002242.jpg,mild,stair,2
aug_001815.jpg,img_002243.jpg,mild,stair,1
aug_001816.jpg,img_002244.jpg,mild,stair,1
aug_001817.jpg,img_002245.jpg,mild,stair,1
aug_001818.jpg,img_002246.jpg,mild,stair,1
aug_001819.jpg,img_002247.jpg,mild,stair,1
aug_001820.jpg,img_002248.jpg,mild,stair,1
aug_001821.jpg,img_002249.jpg,mild,stair,1
aug_001822.jpg,img_002250.jpg,mild,stair,1
aug_001823.jpg,img_002251.jpg,mild,stair,1
aug_001824.jpg,img_002252.jpg,mild,stair,1
aug_001825.jpg,img_002253.jpg,mild,stair,1
aug_001826.jpg,img_002254.jpg,mild,stair,1
aug_001827.jpg,img_002255.jpg,mild,stair,1
aug_001828.jpg,img_002256.jpg,mild,stair,1
aug_001829.jpg,img_002257.jpg,mild,stair,1
aug_001830.jpg,img_002258.jpg,mild,stair,1
aug_001831.jpg,img_002259.jpg,mild,stair,1
aug_001832.jpg,img_002260.jpg,mild,stair,1
aug_001833.jpg,img_002261.jpg,mild,stair,1
aug_001834.jpg,img_002262.jpg,mild,stair,1
aug_001835.jpg,img_002263.jpg,mild,stair,1
aug_001836.jpg,img_002264.jpg,mild,stair,1
aug_001837.jpg,img_002265.jpg,mild,stair,1
aug_001838.jpg,img_002266.jpg,mild,stair,1
aug_001839.jpg,img_002267.jpg,mild,stair,1
aug_001840.jpg,img_002268.jpg,mild,stair,1
aug_001841.jpg,img_002269.jpg,mild,stair,1
aug_001842.jpg,img_002270.jpg,mild,stair,1
aug_001843.jpg,img_002271.jpg,mild,stair,1
aug_001844.jpg,img_002272.jpg,mild,stair,1
aug_001845.jpg,img_002273.jpg,mild,stair,1
aug_001846.jpg,img_002274.jpg,mild,stair,1
aug_001847.jpg,img_002275.jpg,mild,stair,1
aug_001848.jpg,img_002276.jpg,mild,stair,1
aug_001849.jpg,img_002277.jpg,mild,stair,1
aug_001850.jpg,img_002278.jpg,mild,stair,1
aug_001851.jpg,img_002279.jpg,mild,stair,1
aug_001852.jpg,img_002280.jpg,mild,stair,1
aug_001853.jpg,img_002281.jpg,mild,stair,1
aug_001854.jpg,img_002282.jpg,mild,stair,1
aug_001855.jpg,img_002283.jpg,mild,stair,1
aug_001856.jpg,img_002284.jpg,mild,stair,1
aug_001857.jpg,img_002285.jpg,mild,stair,1
aug_001858.jpg,img_002286.jpg,mild,stair,1
aug_001859.jpg,img_002287.jpg,mild,stair,1
aug_001860.jpg,img_002288.jpg,mild,stair,1
aug_001861.jpg,img_002289.jpg,mild,stair,1
aug_001862.jpg,img_002290.jpg,mild,stair,1
aug_001863.jpg,img_002291.jpg,mild,stair,1
aug_001864.jpg,img_002292.jpg,mild,stair,1
aug_001865.jpg,img_002293.jpg,mild,stair,1
aug_001866.jpg,img_002294.jpg,mild,stair,1
aug_001867.jpg,img_002295.jpg,mild,stair,1
aug_001868.jpg,img_002296.jpg,mild,stair,1
aug_001869.jpg,img_002297.jpg,mild,stair,1
aug_001870.jpg,img_002298.jpg,mild,stair,1
aug_001871.jpg,img_002299.jpg,mild,stair,1
aug_001872.jpg,img_002300.jpg,mild,stair,1
aug_001873.jpg,img_002301.jpg,mild,stair,1
aug_001874.jpg,img_002302.jpg,mild,stair,1
aug_001875.jpg,img_002303.jpg,mild,stair,1
aug_001876.jpg,img_002304.jpg,mild,stair,1
aug_001877.jpg,img_002305.jpg,mild,stair,1
aug_001878.jpg,img_002306.jpg,mild,stair,1
aug_001879.jpg,img_002307.jpg,mild,stair,1
aug_001880.jpg,img_002308.jpg,mild,stair,1
aug_001881.jpg,img_002309.jpg,mild,stair,1
aug_001882.jpg,img_002310.jpg,mild,stair,1
aug_001883.jpg,img_002311.jpg,mild,stair,1
aug_001884.jpg,img_002312.jpg,mild,stair,1
aug_001885.jpg,img_002313.jpg,mild,stair,1
aug_001886.jpg,img_002314.jpg,mild,stair,1
aug_001887.jpg,img_002315.jpg,mild,stair,1
aug_001888.jpg,img_002316.jpg,mild,stair,1
aug_001889.jpg,img_002317.jpg,mild,stair,1
aug_001890.jpg,img_002318.jpg,mild,stair,1
aug_001891.jpg,img_002319.jpg,mild,stair,1
aug_001892.jpg,img_002320.jpg,mild,stair,1
aug_001893.jpg,img_002321.jpg,mild,stair,1
aug_001894.jpg,img_002322.jpg,mild,stair,1
aug_001895.jpg,img_002323.jpg,mild,stair,1
aug_001896.jpg,img_002324.jpg,mild,stair,1
aug_001897.jpg,img_002325.jpg,mild,stair,2
aug_001898.jpg,img_002326.jpg,mild,stair,2
aug_001899.jpg,img_002327.jpg,mild,stair,2
aug_001900.jpg,img_002328.jpg,mild,stair,1
aug_001901.jpg,img_002329.jpg,mild,stair,1
aug_001902.jpg,img_002330.jpg,mild,stair,1
aug_001903.jpg,img_002331.jpg,mild,stair,1
aug_001904.jpg,img_002332.jpg,mild,stair,1
aug_001905.jpg,img_002333.jpg,mild,stair,1
aug_001906.jpg,img_002334.jpg,mild,stair,1
aug_001907.jpg,img_002335.jpg,mild,stair,1
aug_001908.jpg,img_002336.jpg,mild,stair,1
aug_001909.jpg,img_002337.jpg,mild,stair,1
aug_001910.jpg,img_002338.jpg,mild,stair,1
aug_001911.jpg,img_002339.jpg,mild,stair,1
aug_001912.jpg,img_002340.jpg,mild,stair,1
aug_001913.jpg,img_002341.jpg,mild,stair,1
aug_001914.jpg,img_002342.jpg,mild,stair,1
aug_001915.jpg,img_002343.jpg,mild,stair,2
aug_001916.jpg,img_002344.jpg,mild,stair,1
aug_001917.jpg,img_002345.jpg,mild,stair,1
aug_001918.jpg,img_002346.jpg,mild,stair,1
aug_001919.jpg,img_002347.jpg,mild,stair,1
aug_001920.jpg,img_002348.jpg,mild,stair,1
aug_001921.jpg,img_002349.jpg,mild,stair,1
aug_001922.jpg,img_002350.jpg,mild,stair,1
aug_001923.jpg,img_002351.jpg,mild,stair,1
aug_001924.jpg,img_002352.jpg,mild,stair,1
aug_001925.jpg,img_002353.jpg,mild,stair,1
aug_001926.jpg,img_002354.jpg,mild,stair,1
aug_001927.jpg,img_002355.jpg,mild,stair,1
aug_001928.jpg,img_002356.jpg,mild,stair,1
aug_001929.jpg,img_002357.jpg,mild,stair,1
aug_001930.jpg,img_002358.jpg,mild,stair,1
aug_001931.jpg,img_002359.jpg,mild,stair,1
aug_001932.jpg,img_002360.jpg,mild,stair,1
aug_001933.jpg,img_002361.jpg,mild,stair,2
aug_001934.jpg,img_002362.jpg,mild,stair,2
aug_001935.jpg,img_002363.jpg,mild,stair,2
aug_001936.jpg,img_002364.jpg,mild,stair,1
aug_001937.jpg,img_002365.jpg,mild,stair,1
aug_001938.jpg,img_002366.jpg,mild,stair,1
aug_001939.jpg,img_002367.jpg,mild,stair,1
aug_001940.jpg,img_002368.jpg,mild,stair,1
aug_001941.jpg,img_002369.jpg,mild,stair,1
aug_001942.jpg,img_002370.jpg,mild,stair,1
aug_001943.jpg,img_002371.jpg,mild,stair,1
aug_001944.jpg,img_002372.jpg,mild,stair,1
aug_001945.jpg,img_002373.jpg,mild,stair,1
aug_001946.jpg,img_002374.jpg,mild,stair,1
aug_001947.jpg,img_002375.jpg,mild,stair,1
aug_001948.jpg,img_002376.jpg,mild,stair,1
aug_001949.jpg,img_002377.jpg,mild,stair,1
aug_001950.jpg,img_002378.jpg,mild,stair,1
aug_001951.jpg,img_002379.jpg,mild,stair,1
aug_001952.jpg,img_002380.jpg,mild,stair,1
aug_001953.jpg,img_002381.jpg,mild,stair,1
aug_001954.jpg,img_002382.jpg,mild,stair,1
aug_001955.jpg,img_002383.jpg,mild,stair,1
aug_001956.jpg,img_002384.jpg,mild,stair,1
aug_001957.jpg,img_002385.jpg,mild,stair,1
aug_001958.jpg,img_002386.jpg,mild,stair,1
aug_001959.jpg,img_002387.jpg,mild,stair,1
aug_001960.jpg,img_002388.jpg,mild,stair,1
aug_001961.jpg,img_002389.jpg,mild,stair,1
aug_001962.jpg,img_002390.jpg,mild,stair,1
aug_001963.jpg,img_002391.jpg,mild,stair,1
aug_001964.jpg,img_002392.jpg,mild,stair,1
aug_001965.jpg,img_002393.jpg,mild,stair,1
aug_001966.jpg,img_002394.jpg,mild,stair,1
aug_001967.jpg,img_002395.jpg,mild,stair,1
aug_001968.jpg,img_002396.jpg,mild,stair,1
aug_001969.jpg,img_002397.jpg,mild,stair,1
aug_001970.jpg,img_002398.jpg,mild,stair,1
aug_001971.jpg,img_002399.jpg,mild,stair,1
aug_001972.jpg,img_002400.jpg,mild,stair,1
aug_001973.jpg,img_002401.jpg,mild,stair,1
aug_001974.jpg,img_002402.jpg,mild,stair,1
aug_001975.jpg,img_002403.jpg,mild,stair,1
aug_001976.jpg,img_002404.jpg,mild,stair,1
aug_001977.jpg,img_002405.jpg,mild,stair,1
aug_001978.jpg,img_002406.jpg,mild,stair,1
aug_001979.jpg,img_002407.jpg,mild,stair,1
aug_001980.jpg,img_002408.jpg,mild,stair,1
aug_001981.jpg,img_002409.jpg,mild,stair,1
aug_001982.jpg,img_002410.jpg,mild,stair,1
aug_001983.jpg,img_002411.jpg,mild,stair,1
aug_001984.jpg,img_002412.jpg,mild,stair,1
aug_001985.jpg,img_002413.jpg,mild,stair,1
aug_001986.jpg,img_002414.jpg,mild,stair,1
aug_001987.jpg,img_002415.jpg,mild,stair,1
aug_001988.jpg,img_002416.jpg,mild,stair,1
aug_001989.jpg,img_002417.jpg,mild,stair,1
aug_001990.jpg,img_002418.jpg,mild,stair,1
aug_001991.jpg,img_002419.jpg,mild,stair,1
aug_001992.jpg,img_002420.jpg,mild,stair,1
aug_001993.jpg,img_002421.jpg,mild,stair,1
aug_001994.jpg,img_002422.jpg,mild,stair,2
aug_001995.jpg,img_002423.jpg,mild,stair,1
aug_001996.jpg,img_002424.jpg,mild,stair,1
aug_001997.jpg,img_002425.jpg,mild,stair,1
aug_001998.jpg,img_002426.jpg,mild,stair,1
aug_001999.jpg,img_002427.jpg,mild,stair,1
aug_002000.jpg,img_002428.jpg,mild,stair,1
aug_002001.jpg,img_002429.jpg,mild,stair,1
aug_002002.jpg,img_002430.jpg,mild,stair,1
aug_002003.jpg,img_002431.jpg,mild,stair,1
aug_002004.jpg,img_002432.jpg,mild,stair,1
aug_002005.jpg,img_002433.jpg,mild,stair,1
aug_002006.jpg,img_002434.jpg,mild,stair,1
aug_002007.jpg,img_002435.jpg,mild,stair,1
aug_002008.jpg,img_002436.jpg,mild,stair,1
aug_002009.jpg,img_002437.jpg,mild,stair,1
aug_002010.jpg,img_002438.jpg,mild,stair,1
aug_002011.jpg,img_002439.jpg,mild,stair,1
aug_002012.jpg,img_002440.jpg,mild,stair,1
aug_002013.jpg,img_002441.jpg,mild,stair,1
aug_002014.jpg,img_002442.jpg,mild,stair,1
aug_002015.jpg,img_002443.jpg,mild,stair,1
aug_002016.jpg,img_002444.jpg,mild,stair,1
aug_002017.jpg,img_002445.jpg,mild,stair,1
aug_002018.jpg,img_002446.jpg,mild,stair,1
aug_002019.jpg,img_002447.jpg,mild,stair,1
aug_002020.jpg,img_002448.jpg,mild,stair,1
aug_002021.jpg,img_002449.jpg,mild,stair,1
aug_002022.jpg,img_002450.jpg,mild,stair,1
aug_002023.jpg,img_002451.jpg,mild,stair,1
aug_002024.jpg,img_002452.jpg,mild,stair,1
aug_002025.jpg,img_002453.jpg,mild,stair,1
aug_002026.jpg,img_002454.jpg,mild,stair,1
aug_002027.jpg,img_002455.jpg,mild,stair,1
aug_002028.jpg,img_002456.jpg,mild,stair,1
aug_002029.jpg,img_002457.jpg,mild,stair,1
aug_002030.jpg,img_002458.jpg,mild,stair,1
aug_002031.jpg,img_002459.jpg,mild,stair,1
aug_002032.jpg,img_002460.jpg,mild,stair,2
aug_002033.jpg,img_002461.jpg,mild,stair,2
aug_002034.jpg,img_002462.jpg,mild,stair,2
aug_002035.jpg,img_002463.jpg,mild,stair,1
aug_002036.jpg,img_002464.jpg,mild,stair,1
aug_002037.jpg,img_002465.jpg,mild,stair,1
aug_002038.jpg,img_002466.jpg,mild,stair,1
aug_002039.jpg,img_002467.jpg,mild,stair,1
aug_002040.jpg,img_002468.jpg,mild,stair,1
aug_002041.jpg,img_002469.jpg,mild,stair,1
aug_002042.jpg,img_002470.jpg,mild,stair,1
aug_002043.jpg,img_002471.jpg,mild,stair,1
aug_002044.jpg,img_002472.jpg,mild,stair,1
aug_002045.jpg,img_002473.jpg,mild,stair,1
aug_002046.jpg,img_002474.jpg,mild,stair,1
aug_002047.jpg,img_002475.jpg,mild,stair,1
aug_002048.jpg,img_002476.jpg,mild,stair,1
aug_002049.jpg,img_002477.jpg,mild,stair,1
aug_002050.jpg,img_002478.jpg,mild,stair,1
aug_002051.jpg,img_002479.jpg,mild,stair,1
aug_002052.jpg,img_002480.jpg,mild,stair,1
aug_002053.jpg,img_002481.jpg,mild,stair,1
aug_002054.jpg,img_002482.jpg,mild,stair,1
aug_002055.jpg,img_002483.jpg,mild,stair,1
aug_002056.jpg,img_002484.jpg,mild,stair,1
aug_002057.jpg,img_002485.jpg,mild,stair,1
aug_002058.jpg,img_002486.jpg,mild,stair,1
aug_002059.jpg,img_002487.jpg,mild,stair,1
aug_002060.jpg,img_002488.jpg,mild,stair,1
aug_002061.jpg,img_002489.jpg,mild,stair,1
aug_002062.jpg,img_002490.jpg,mild,stair,1
aug_002063.jpg,img_002491.jpg,mild,stair,1
aug_002064.jpg,img_002492.jpg,mild,stair,1
aug_002065.jpg,img_002493.jpg,mild,stair,1
aug_002066.jpg,img_002494.jpg,mild,stair,1
aug_002067.jpg,img_002495.jpg,mild,stair,1
aug_002068.jpg,img_002496.jpg,mild,stair,1
aug_002069.jpg,img_002497.jpg,mild,stair,1
aug_002070.jpg,img_002498.jpg,mild,stair,1
aug_002071.jpg,img_002499.jpg,mild,stair,1
aug_002072.jpg,img_002500.jpg,mild,stair,1
aug_002073.jpg,img_002501.jpg,mild,stair,1
aug_002074.jpg,img_002502.jpg,mild,stair,1
aug_002075.jpg,img_002503.jpg,mild,stair,1
aug_002076.jpg,img_002504.jpg,mild,stair,1
aug_002077.jpg,img_002505.jpg,mild,stair,1
aug_002078.jpg,img_002506.jpg,mild,stair,1
aug_002079.jpg,img_002507.jpg,mild,stair,1
aug_002080.jpg,img_002508.jpg,mild,stair,1
aug_002081.jpg,img_002509.jpg,mild,stair,1
aug_002082.jpg,img_002510.jpg,mild,stair,1
aug_002083.jpg,img_002511.jpg,mild,stair,1
aug_002084.jpg,img_002512.jpg,mild,stair,1
aug_002085.jpg,img_002513.jpg,mild,stair,1
aug_002086.jpg,img_002514.jpg,mild,stair,1
aug_002087.jpg,img_002515.jpg,mild,stair,1
aug_002088.jpg,img_002516.jpg,mild,stair,1
aug_002089.jpg,img_002517.jpg,mild,stair,1
aug_002090.jpg,img_002518.jpg,mild,stair,1
aug_002091.jpg,img_002519.jpg,mild,stair,1
aug_002092.jpg,img_002520.jpg,mild,stair,1
aug_002093.jpg,img_002521.jpg,mild,stair,1
aug_002094.jpg,img_002522.jpg,mild,stair,1
aug_002095.jpg,img_002523.jpg,mild,stair,1
aug_002096.jpg,img_002524.jpg,mild,stair,1
aug_002097.jpg,img_002525.jpg,mild,stair,1
aug_002098.jpg,img_002526.jpg,mild,stair,1
aug_002099.jpg,img_002527.jpg,mild,stair,1
aug_002100.jpg,img_002528.jpg,mild,stair,1
aug_002101.jpg,img_002529.jpg,mild,stair,1
aug_002102.jpg,img_002530.jpg,mild,stair,1
aug_002103.jpg,img_002531.jpg,mild,stair,1
aug_002104.jpg,img_002532.jpg,mild,stair,1
aug_002105.jpg,img_002533.jpg,mild,stair,1
aug_002106.jpg,img_002534.jpg,mild,stair,1
aug_002107.jpg,img_002535.jpg,mild,stair,1
aug_002108.jpg,img_002536.jpg,mild,stair,1
aug_002109.jpg,img_002537.jpg,mild,stair,1
aug_002110.jpg,img_002538.jpg,mild,stair,1
aug_002111.jpg,img_002539.jpg,mild,stair,2
aug_002112.jpg,img_002540.jpg,mild,stair,1
aug_002113.jpg,img_002541.jpg,mild,stair,1
aug_002114.jpg,img_002542.jpg,mild,stair,1
aug_002115.jpg,img_002543.jpg,mild,stair,1
aug_002116.jpg,img_002544.jpg,mild,stair,1
aug_002117.jpg,img_002545.jpg,mild,stair,1
aug_002118.jpg,img_002546.jpg,mild,stair,1
aug_002119.jpg,img_002547.jpg,mild,stair,1
aug_002120.jpg,img_002548.jpg,mild,stair,1
aug_002121.jpg,img_002549.jpg,mild,stair,1
aug_002122.jpg,img_002550.jpg,mild,stair,1
aug_002123.jpg,img_002551.jpg,mild,stair,1
aug_002124.jpg,img_002552.jpg,mild,stair,1
aug_002125.jpg,img_002553.jpg,mild,stair,1
aug_002126.jpg,img_002554.jpg,mild,stair,1
aug_002127.jpg,img_002555.jpg,mild,stair,1
aug_002128.jpg,img_002556.jpg,mild,stair,1
aug_002129.jpg,img_002557.jpg,mild,stair,1
aug_002130.jpg,img_002558.jpg,mild,stair,1
aug_002131.jpg,img_002559.jpg,mild,stair,1
aug_002132.jpg,img_002560.jpg,mild,stair,1
aug_002133.jpg,img_002561.jpg,mild,stair,1
aug_002134.jpg,img_002562.jpg,mild,stair,1
aug_002135.jpg,img_002563.jpg,mild,stair,1
aug_002136.jpg,img_002564.jpg,mild,stair,1
aug_002137.jpg,img_002565.jpg,mild,stair,1
aug_002138.jpg,img_002566.jpg,mild,stair,1
aug_002139.jpg,img_002567.jpg,mild,stair,1
aug_002140.jpg,img_002568.jpg,mild,stair,1
aug_002141.jpg,img_002569.jpg,mild,stair,1
aug_002142.jpg,img_002570.jpg,mild,stair,1
aug_002143.jpg,img_002571.jpg,mild,stair,1
aug_002144.jpg,img_002572.jpg,mild,stair,1
aug_002145.jpg,img_002573.jpg,mild,stair,1
aug_002146.jpg,img_002574.jpg,mild,stair,1
aug_002147.jpg,img_002575.jpg,mild,stair,1
aug_002148.jpg,img_002576.jpg,mild,stair,1
aug_002149.jpg,img_002577.jpg,mild,stair,1
aug_002150.jpg,img_002578.jpg,mild,stair,1
aug_002151.jpg,img_002579.jpg,mild,stair,1
aug_002152.jpg,img_002580.jpg,mild,stair,1
aug_002153.jpg,img_002581.jpg,mild,stair,1
aug_002154.jpg,img_002582.jpg,mild,stair,1
aug_002155.jpg,img_002583.jpg,mild,stair,1
aug_002156.jpg,img_002584.jpg,mild,stair,1
aug_002157.jpg,img_002585.jpg,mild,stair,1
aug_002158.jpg,img_002586.jpg,mild,stair,1
aug_002159.jpg,img_002587.jpg,mild,stair,1
aug_002160.jpg,img_002588.jpg,mild,stair,1
aug_002161.jpg,img_002589.jpg,mild,stair,1
aug_002162.jpg,img_002590.jpg,mild,stair,1
aug_002163.jpg,img_002591.jpg,mild,stair,1
aug_002164.jpg,img_002592.jpg,mild,stair,1
aug_002165.jpg,img_002593.jpg,mild,stair,1
aug_002166.jpg,img_002594.jpg,mild,stair,2
aug_002167.jpg,img_002595.jpg,mild,stair,2
aug_002168.jpg,img_002596.jpg,mild,stair,2
aug_002169.jpg,img_002597.jpg,mild,stair,1
aug_002170.jpg,img_002598.jpg,mild,stair,1
aug_002171.jpg,img_002599.jpg,mild,stair,1
aug_002172.jpg,img_002600.jpg,mild,stair,1
aug_002173.jpg,img_002601.jpg,mild,stair,1
aug_002174.jpg,img_002602.jpg,mild,stair,1
aug_002175.jpg,img_002603.jpg,mild,stair,1
aug_002176.jpg,img_002604.jpg,mild,stair,1
aug_002177.jpg,img_002605.jpg,mild,stair,1
aug_002178.jpg,img_002606.jpg,mild,stair,1
aug_002179.jpg,img_002607.jpg,mild,stair,1
aug_002180.jpg,img_002608.jpg,mild,stair,1
aug_002181.jpg,img_002609.jpg,mild,stair,1
aug_002182.jpg,img_002610.jpg,mild,stair,1
aug_002183.jpg,img_002611.jpg,mild,stair,1
aug_002184.jpg,img_002612.jpg,mild,stair,1
aug_002185.jpg,img_002613.jpg,mild,stair,1
aug_002186.jpg,img_002614.jpg,mild,stair,1
aug_002187.jpg,img_002615.jpg,mild,stair,1
aug_002188.jpg,img_002616.jpg,mild,stair,1
aug_002189.jpg,img_002617.jpg,mild,stair,1
aug_002190.jpg,img_002618.jpg,mild,stair,1
aug_002191.jpg,img_002619.jpg,mild,stair,1
aug_002192.jpg,img_002620.jpg,mild,stair,1
aug_002193.jpg,img_002621.jpg,mild,stair,1
aug_002194.jpg,img_002622.jpg,mild,stair,1
aug_002195.jpg,img_002623.jpg,mild,stair,1
aug_002196.jpg,img_002624.jpg,mild,stair,1
aug_002197.jpg,img_002625.jpg,mild,stair,1
aug_002198.jpg,img_002626.jpg,mild,stair,1
aug_002199.jpg,img_002627.jpg,mild,stair,1
aug_002200.jpg,img_002628.jpg,mild,stair,1
aug_002201.jpg,img_002629.jpg,mild,stair,1
aug_002202.jpg,img_002630.jpg,mild,stair,1
aug_002203.jpg,img_002631.jpg,mild,stair,1
aug_002204.jpg,img_002632.jpg,mild,stair,1
aug_002205.jpg,img_002633.jpg,mild,stair,1
aug_002206.jpg,img_002634.jpg,mild,stair,1
aug_002207.jpg,img_002635.jpg,mild,stair,1
aug_002208.jpg,img_002636.jpg,mild,stair,1
aug_002209.jpg,img_002637.jpg,mild,stair,1
aug_002210.jpg,img_002638.jpg,mild,stair,1
aug_002211.jpg,img_002639.jpg,mild,stair,1
aug_002212.jpg,img_002640.jpg,mild,stair,1
aug_002213.jpg,img_002641.jpg,mild,stair,1
aug_002214.jpg,img_002642.jpg,mild,stair,1
aug_002215.jpg,img_002643.jpg,mild,stair,1
aug_002216.jpg,img_002644.jpg,mild,stair,1
aug_002217.jpg,img_002645.jpg,mild,stair,1
aug_002218.jpg,img_002646.jpg,mild,stair,1
aug_002219.jpg,img_002647.jpg,mild,stair,1
aug_002220.jpg,img_002648.jpg,mild,stair,1
aug_002221.jpg,img_002649.jpg,mild,stair,1
aug_002222.jpg,img_002650.jpg,mild,stair,1
aug_002223.jpg,img_002651.jpg,mild,stair,1
aug_002224.jpg,img_002652.jpg,mild,stair,2
aug_002225.jpg,img_002653.jpg,mild,stair,1
aug_002226.jpg,img_002654.jpg,mild,stair,1
aug_002227.jpg,img_002655.jpg,mild,stair,1
aug_002228.jpg,img_002656.jpg,mild,stair,1
aug_002229.jpg,img_002657.jpg,mild,stair,1
aug_002230.jpg,img_002658.jpg,mild,stair,1
aug_002231.jpg,img_002659.jpg,mild,stair,1
aug_002232.jpg,img_002660.jpg,mild,stair,1
aug_002233.jpg,img_002661.jpg,mild,stair,1
aug_002234.jpg,img_002662.jpg,mild,stair,1
aug_002235.jpg,img_002663.jpg,mild,stair,2
aug_002236.jpg,img_002664.jpg,mild,stair,2
aug_002237.jpg,img_002665.jpg,mild,stair,2
aug_002238.jpg,img_002666.jpg,mild,stair,1
aug_002239.jpg,img_002667.jpg,mild,stair,1
aug_002240.jpg,img_002668.jpg,mild,stair,1
aug_002241.jpg,img_002669.jpg,mild,stair,1
aug_002242.jpg,img_002670.jpg,mild,stair,1
aug_002243.jpg,img_002671.jpg,mild,stair,1
aug_002244.jpg,img_002672.jpg,mild,stair,1
aug_002245.jpg,img_002673.jpg,mild,stair,1
aug_002246.jpg,img_002674.jpg,mild,stair,1
aug_002247.jpg,img_002675.jpg,mild,stair,1
aug_002248.jpg,img_002676.jpg,mild,stair,1
aug_002249.jpg,img_002677.jpg,mild,stair,1
aug_002250.jpg,img_002678.jpg,mild,stair,1
aug_002251.jpg,img_002679.jpg,mild,stair,1
aug_002252.jpg,img_002680.jpg,mild,stair,1
aug_002253.jpg,img_002681.jpg,mild,stair,1
aug_002254.jpg,img_002682.jpg,mild,stair,1
aug_002255.jpg,img_002683.jpg,mild,stair,1
aug_002256.jpg,img_002684.jpg,mild,stair,1
aug_002257.jpg,img_002685.jpg,mild,stair,1
aug_002258.jpg,img_002686.jpg,mild,stair,1
aug_002259.jpg,img_002687.jpg,mild,stair,1
aug_002260.jpg,img_002688.jpg,mild,stair,1
aug_002261.jpg,img_002689.jpg,mild,stair,1
aug_002262.jpg,img_002690.jpg,mild,stair,2
aug_002263.jpg,img_002691.jpg,mild,stair,2
aug_002264.jpg,img_002692.jpg,mild,stair,2
aug_002265.jpg,img_002693.jpg,mild,stair,1
aug_002266.jpg,img_002694.jpg,mild,stair,4
aug_002267.jpg,img_002695.jpg,mild,stair,1
aug_002268.jpg,img_002696.jpg,mild,stair,1
aug_002269.jpg,img_002697.jpg,mild,stair,3
aug_002270.jpg,img_002698.jpg,mild,stair,2
aug_002271.jpg,img_002699.jpg,mild,stair,1
aug_002272.jpg,img_002700.jpg,mild,stair,1
aug_002273.jpg,img_002701.jpg,mild,stair,2
aug_002274.jpg,img_002702.jpg,mild,stair,1
aug_002275.jpg,img_002703.jpg,mild,stair,1
aug_002276.jpg,img_002704.jpg,mild,stair,1
aug_002277.jpg,img_002705.jpg,mild,stair,1
aug_002278.jpg,img_002706.jpg,mild,stair,1
aug_002279.jpg,img_002707.jpg,mild,stair,1
aug_002280.jpg,img_002708.jpg,mild,stair,1
aug_002281.jpg,img_002709.jpg,mild,stair,1
aug_002282.jpg,img_002710.jpg,mild,stair,2
aug_002283.jpg,img_002711.jpg,mild,stair,1
aug_002284.jpg,img_002712.jpg,mild,stair,1
aug_002285.jpg,img_002713.jpg,mild,stair,2
aug_002286.jpg,img_002714.jpg,mild,stair,2
aug_002287.jpg,img_002715.jpg,mild,stair,1
aug_002288.jpg,img_002716.jpg,mild,stair,3
aug_002289.jpg,img_002717.jpg,mild,stair,2
aug_002290.jpg,img_002718.jpg,mild,stair,1
aug_002291.jpg,img_002719.jpg,mild,stair,1
aug_002292.jpg,img_002720.jpg,mild,stair,1
aug_002293.jpg,img_002721.jpg,mild,stair,1
aug_002294.jpg,img_002722.jpg,mild,stair,1
aug_002295.jpg,img_002723.jpg,mild,stair,1
aug_002296.jpg,img_002724.jpg,mild,stair,1
aug_002297.jpg,img_002725.jpg,mild,stair,1
aug_002298.jpg,img_002726.jpg,mild,stair,1
aug_002299.jpg,img_002727.jpg,mild,stair,1
aug_002300.jpg,img_002728.jpg,mild,stair,2
aug_002301.jpg,img_002729.jpg,mild,stair,1
aug_002302.jpg,img_002730.jpg,mild,stair,1
aug_002303.jpg,img_002731.jpg,mild,stair,1
aug_002304.jpg,img_002732.jpg,mild,stair,1
aug_002305.jpg,img_002733.jpg,mild,stair,1
aug_002306.jpg,img_002734.jpg,mild,stair,1
aug_002307.jpg,img_002735.jpg,mild,stair,1
aug_002308.jpg,img_002736.jpg,mild,stair,1
aug_002309.jpg,img_002737.jpg,mild,stair,1
aug_002310.jpg,img_002738.jpg,mild,stair,1
aug_002311.jpg,img_002739.jpg,mild,stair,1
aug_002312.jpg,img_002740.jpg,mild,stair,1
aug_002313.jpg,img_002741.jpg,mild,stair,3
aug_002314.jpg,img_002742.jpg,mild,stair,1
aug_002315.jpg,img_002743.jpg,mild,stair,1
aug_002316.jpg,img_002744.jpg,mild,stair,2
aug_002317.jpg,img_002745.jpg,mild,stair,1
aug_002318.jpg,img_002746.jpg,mild,stair,1
aug_002319.jpg,img_002747.jpg,mild,stair,1
aug_002320.jpg,img_002748.jpg,mild,stair,1
aug_002321.jpg,img_002749.jpg,mild,stair,1
aug_002322.jpg,img_002750.jpg,mild,stair,1
aug_002323.jpg,img_002751.jpg,mild,stair,1
aug_002324.jpg,img_002752.jpg,mild,stair,1
aug_002325.jpg,img_002753.jpg,mild,stair,1
aug_002326.jpg,img_002754.jpg,mild,stair,1
aug_002327.jpg,img_002755.jpg,mild,stair,1
aug_002328.jpg,img_002756.jpg,mild,stair,1
aug_002329.jpg,img_002757.jpg,mild,stair,1
aug_002330.jpg,img_002758.jpg,mild,stair,1
aug_002331.jpg,img_002759.jpg,mild,stair,1
aug_002332.jpg,img_002760.jpg,mild,stair,1
aug_002333.jpg,img_002761.jpg,mild,stair,1
aug_002334.jpg,img_002762.jpg,mild,stair,1
aug_002335.jpg,img_002763.jpg,mild,stair,1
aug_002336.jpg,img_002764.jpg,mild,stair,1
aug_002337.jpg,img_002765.jpg,mild,stair,1
aug_002338.jpg,img_002766.jpg,mild,stair,1
aug_002339.jpg,img_002767.jpg,mild,stair,1
aug_002340.jpg,img_002768.jpg,mild,stair,1
aug_002341.jpg,img_002769.jpg,mild,stair,1
aug_002342.jpg,img_002770.jpg,mild,stair,1
aug_002343.jpg,img_002771.jpg,mild,stair,1
aug_002344.jpg,img_002772.jpg,mild,stair,1
aug_002345.jpg,img_002773.jpg,mild,stair,1
aug_002346.jpg,img_002774.jpg,mild,stair,1
aug_002347.jpg,img_002775.jpg,mild,stair,1
aug_002348.jpg,img_002776.jpg,mild,stair,1
aug_002349.jpg,img_002777.jpg,mild,stair,1
aug_002350.jpg,img_002778.jpg,mild,stair,1
aug_002351.jpg,img_002779.jpg,mild,stair,1
aug_002352.jpg,img_002780.jpg,mild,stair,1
aug_002353.jpg,img_002781.jpg,mild,stair,1
aug_002354.jpg,img_002782.jpg,mild,stair,1
aug_002355.jpg,img_002783.jpg,mild,stair,1
aug_002356.jpg,img_002784.jpg,mild,stair,1
aug_002357.jpg,img_002785.jpg,mild,stair,1
aug_002358.jpg,img_002786.jpg,mild,stair,1
aug_002359.jpg,img_002787.jpg,mild,stair,1
aug_002360.jpg,img_002788.jpg,mild,stair,1
aug_002361.jpg,img_002789.jpg,mild,stair,1
aug_002362.jpg,img_002790.jpg,mild,stair,3
aug_002363.jpg,img_002791.jpg,mild,stair,3
aug_002364.jpg,img_002792.jpg,mild,stair,3
aug_002365.jpg,img_002793.jpg,mild,stair,1
aug_002366.jpg,img_002794.jpg,mild,stair,1
aug_002367.jpg,img_002795.jpg,mild,stair,1
aug_002368.jpg,img_002796.jpg,mild,stair,1
aug_002369.jpg,img_002797.jpg,mild,stair,1
aug_002370.jpg,img_002798.jpg,mild,stair,1
aug_002371.jpg,img_002799.jpg,mild,stair,1
aug_002372.jpg,img_002800.jpg,mild,stair,1
aug_002373.jpg,img_002801.jpg,mild,stair,1
aug_002374.jpg,img_002802.jpg,mild,stair,1
aug_002375.jpg,img_002803.jpg,mild,stair,1
aug_002376.jpg,img_002804.jpg,mild,stair,1
aug_002377.jpg,img_002805.jpg,mild,stair,1
aug_002378.jpg,img_002806.jpg,mild,stair,1
aug_002379.jpg,img_002807.jpg,mild,stair,1
aug_002380.jpg,img_002808.jpg,mild,stair,1
aug_002381.jpg,img_002809.jpg,mild,stair,1
aug_002382.jpg,img_002810.jpg,mild,stair,5
aug_002383.jpg,img_002811.jpg,mild,stair,1
aug_002384.jpg,img_002812.jpg,mild,stair,1
aug_002385.jpg,img_002813.jpg,mild,stair,1
aug_002386.jpg,img_002814.jpg,mild,stair,1
aug_002387.jpg,img_002815.jpg,mild,stair,1
aug_002388.jpg,img_002816.jpg,mild,stair,1
aug_002389.jpg,img_002817.jpg,mild,stair,1
aug_002390.jpg,img_002818.jpg,mild,stair,1
aug_002391.jpg,img_002819.jpg,mild,stair,1
aug_002392.jpg,img_002820.jpg,mild,stair,1
aug_002393.jpg,img_002821.jpg,mild,stair,1
aug_002394.jpg,img_002822.jpg,mild,stair,1
aug_002395.jpg,img_002823.jpg,mild,stair,1
aug_002396.jpg,img_002824.jpg,mild,stair,3
aug_002397.jpg,img_002825.jpg,mild,stair,1
aug_002398.jpg,img_002826.jpg,mild,stair,1
aug_002399.jpg,img_002827.jpg,mild,stair,1
aug_002400.jpg,img_002828.jpg,mild,stair,1
aug_002401.jpg,img_002829.jpg,mild,stair,1
aug_002402.jpg,img_002830.jpg,mild,stair,1
aug_002403.jpg,img_002831.jpg,mild,stair,1
aug_002404.jpg,img_002832.jpg,mild,stair,1
aug_002405.jpg,img_002833.jpg,mild,stair,1
aug_002406.jpg,img_002834.jpg,mild,stair,1
aug_002407.jpg,img_002835.jpg,mild,stair,1
aug_002408.jpg,img_002836.jpg,mild,stair,1
aug_002409.jpg,img_002837.jpg,mild,stair,1
aug_002410.jpg,img_002838.jpg,mild,stair,2
aug_002411.jpg,img_002839.jpg,mild,stair,2
aug_002412.jpg,img_002840.jpg,mild,stair,2
aug_002413.jpg,img_002841.jpg,mild,stair,1
aug_002414.jpg,img_002842.jpg,mild,stair,1
aug_002415.jpg,img_002843.jpg,mild,stair,1
aug_002416.jpg,img_002844.jpg,mild,stair,1
aug_002417.jpg,img_002845.jpg,mild,stair,1
aug_002418.jpg,img_002846.jpg,mild,stair,1
aug_002419.jpg,img_002847.jpg,mild,stair,1
aug_002420.jpg,img_002848.jpg,mild,stair,1
aug_002421.jpg,img_002849.jpg,mild,stair,1
aug_002422.jpg,img_002850.jpg,mild,stair,1
aug_002423.jpg,img_002851.jpg,mild,stair,1
aug_002424.jpg,img_002852.jpg,mild,stair,1
aug_002425.jpg,img_002853.jpg,mild,stair,1
aug_002426.jpg,img_002854.jpg,mild,stair,1
aug_002427.jpg,img_002855.jpg,mild,stair,1
aug_002428.jpg,img_002856.jpg,mild,stair,2
aug_002429.jpg,img_002857.jpg,mild,stair,1
aug_002430.jpg,img_002858.jpg,mild,stair,1
aug_002431.jpg,img_002859.jpg,mild,stair,1
aug_002432.jpg,img_002860.jpg,mild,stair,1
aug_002433.jpg,img_002861.jpg,mild,stair,1
aug_002434.jpg,img_002862.jpg,mild,stair,1
aug_002435.jpg,img_002863.jpg,mild,stair,1
aug_002436.jpg,img_002864.jpg,mild,stair,1
aug_002437.jpg,img_002865.jpg,mild,stair,1
aug_002438.jpg,img_002866.jpg,mild,stair,1
aug_002439.jpg,img_002867.jpg,mild,stair,1
aug_002440.jpg,img_002868.jpg,mild,stair,1
aug_002441.jpg,img_002869.jpg,mild,stair,1
aug_002442.jpg,img_002870.jpg,mild,stair,1
aug_002443.jpg,img_002871.jpg,mild,stair,1
aug_002444.jpg,img_002872.jpg,mild,stair,1
aug_002445.jpg,img_002873.jpg,mild,stair,1
aug_002446.jpg,img_002874.jpg,mild,stair,1
aug_002447.jpg,img_002875.jpg,mild,stair,1
aug_002448.jpg,img_002876.jpg,mild,stair,1
aug_002449.jpg,img_002877.jpg,mild,stair,1
aug_002450.jpg,img_002878.jpg,mild,stair,1
aug_002451.jpg,img_002879.jpg,mild,stair,1
aug_002452.jpg,img_002880.jpg,mild,stair,1
aug_002453.jpg,img_002881.jpg,mild,stair,1
aug_002454.jpg,img_002882.jpg,mild,stair,1
aug_002455.jpg,img_002883.jpg,mild,stair,1
aug_002456.jpg,img_002884.jpg,mild,stair,1
aug_002457.jpg,img_002885.jpg,mild,stair,1
aug_002458.jpg,img_002886.jpg,mild,stair,1
aug_002459.jpg,img_002887.jpg,mild,stair,1
aug_002460.jpg,img_002888.jpg,mild,stair,1
aug_002461.jpg,img_002889.jpg,mild,stair,1
aug_002462.jpg,img_002890.jpg,mild,stair,1
aug_002463.jpg,img_002891.jpg,mild,stair,1
aug_002464.jpg,img_002892.jpg,mild,stair,1
aug_002465.jpg,img_002893.jpg,mild,stair,1
aug_002466.jpg,img_002894.jpg,mild,stair,1
aug_002467.jpg,img_002895.jpg,mild,stair,1
aug_002468.jpg,img_002896.jpg,mild,stair,1
aug_002469.jpg,img_002897.jpg,mild,stair,3
aug_002470.jpg,img_002898.jpg,mild,stair,2
aug_002471.jpg,img_002899.jpg,mild,stair,4
aug_002472.jpg,img_002900.jpg,mild,stair,1
aug_002473.jpg,img_002901.jpg,mild,stair,1
aug_002474.jpg,img_002902.jpg,mild,stair,2
aug_002475.jpg,img_002903.jpg,mild,stair,1
aug_002476.jpg,img_002904.jpg,mild,stair,2
aug_002477.jpg,img_002905.jpg,mild,stair,1
aug_002478.jpg,img_002906.jpg,mild,stair,1
aug_002479.jpg,img_002907.jpg,mild,stair,1
aug_002480.jpg,img_002908.jpg,mild,stair,1
aug_002481.jpg,img_002909.jpg,mild,stair,1
aug_002482.jpg,img_002910.jpg,mild,stair,1
aug_002483.jpg,img_002911.jpg,mild,stair,1
aug_002484.jpg,img_002912.jpg,mild,stair,1
aug_002485.jpg,img_002913.jpg,mild,stair,1
aug_002486.jpg,img_002914.jpg,mild,stair,1
aug_002487.jpg,img_002915.jpg,mild,stair,1
aug_002488.jpg,img_002916.jpg,mild,stair,1
aug_002489.jpg,img_002917.jpg,mild,stair,1
aug_002490.jpg,img_002918.jpg,mild,stair,1
aug_002491.jpg,img_002919.jpg,mild,stair,2
aug_002492.jpg,img_002920.jpg,mild,stair,1
aug_002493.jpg,img_002921.jpg,mild,stair,2
aug_002494.jpg,img_002922.jpg,mild,stair,2
aug_002495.jpg,img_002923.jpg,mild,stair,2
aug_002496.jpg,img_002924.jpg,mild,stair,1
aug_002497.jpg,img_002925.jpg,mild,stair,1
aug_002498.jpg,img_002926.jpg,mild,stair,1
aug_002499.jpg,img_002927.jpg,mild,stair,1
aug_002500.jpg,img_002928.jpg,mild,stair,1
aug_002501.jpg,img_002929.jpg,mild,stair,1
aug_002502.jpg,img_002930.jpg,mild,stair,1
aug_002503.jpg,img_002931.jpg,mild,stair,1
aug_002504.jpg,img_002932.jpg,mild,stair,1
aug_002505.jpg,img_002933.jpg,mild,stair,1
aug_002506.jpg,img_002934.jpg,mild,stair,1
aug_002507.jpg,img_002935.jpg,mild,stair,1
aug_002508.jpg,img_002936.jpg,mild,stair,1
aug_002509.jpg,img_002937.jpg,mild,stair,1
aug_002510.jpg,img_002938.jpg,mild,stair,1
aug_002511.jpg,img_002939.jpg,mild,stair,1
aug_002512.jpg,img_002940.jpg,mild,stair,1
aug_002513.jpg,img_002941.jpg,mild,stair,1
aug_002514.jpg,img_002942.jpg,mild,stair,1
aug_002515.jpg,img_002943.jpg,mild,stair,1
aug_002516.jpg,img_002944.jpg,mild,stair,1
aug_002517.jpg,img_002945.jpg,mild,stair,1
aug_002518.jpg,img_002946.jpg,mild,stair,1
aug_002519.jpg,img_002947.jpg,mild,stair,1
aug_002520.jpg,img_002948.jpg,mild,stair,1
aug_002521.jpg,img_002949.jpg,mild,stair,1
aug_002522.jpg,img_002950.jpg,mild,stair,1
aug_002523.jpg,img_002951.jpg,mild,stair,1
aug_002524.jpg,img_002952.jpg,mild,stair,1
aug_002525.jpg,img_002953.jpg,mild,stair,1
aug_002526.jpg,img_002954.jpg,mild,stair,1
aug_002527.jpg,img_002955.jpg,mild,stair,1
aug_002528.jpg,img_002956.jpg,mild,stair,1
aug_002529.jpg,img_002957.jpg,mild,stair,1
aug_002530.jpg,img_002958.jpg,mild,stair,1
aug_002531.jpg,img_002959.jpg,mild,stair,1
aug_002532.jpg,img_002960.jpg,mild,stair,1
aug_002533.jpg,img_002961.jpg,mild,stair,1
aug_002534.jpg,img_002962.jpg,mild,stair,1
aug_002535.jpg,img_002963.jpg,mild,stair,1
aug_002536.jpg,img_002964.jpg,mild,stair,1
aug_002537.jpg,img_002965.jpg,mild,stair,1
aug_002538.jpg,img_002966.jpg,mild,stair,1
aug_002539.jpg,img_002967.jpg,mild,stair,1
aug_002540.jpg,img_002968.jpg,mild,stair,1
aug_002541.jpg,img_002969.jpg,mild,stair,1
aug_002542.jpg,img_002970.jpg,mild,stair,2
aug_002543.jpg,img_002971.jpg,mild,stair,1
aug_002544.jpg,img_002972.jpg,mild,stair,1
aug_002545.jpg,img_002973.jpg,mild,stair,1
aug_002546.jpg,img_002974.jpg,mild,stair,1
aug_002547.jpg,img_002975.jpg,mild,stair,1
aug_002548.jpg,img_002976.jpg,mild,stair,1
aug_002549.jpg,img_002977.jpg,mild,stair,1
aug_002550.jpg,img_002978.jpg,mild,stair,1
aug_002551.jpg,img_002979.jpg,mild,stair,1
aug_002552.jpg,img_002980.jpg,mild,stair,1
aug_002553.jpg,img_002981.jpg,mild,stair,1
aug_002554.jpg,img_002982.jpg,mild,stair,1
aug_002555.jpg,img_002983.jpg,mild,stair,1
aug_002556.jpg,img_002984.jpg,mild,stair,1
aug_002557.jpg,img_002985.jpg,mild,stair,1
aug_002558.jpg,img_002986.jpg,mild,stair,1
aug_002559.jpg,img_002987.jpg,mild,stair,1
aug_002560.jpg,img_002988.jpg,mild,stair,1
aug_002561.jpg,img_002989.jpg,mild,stair,1
aug_002562.jpg,img_002990.jpg,mild,stair,1
aug_002563.jpg,img_002991.jpg,mild,stair,1
aug_002564.jpg,img_002992.jpg,mild,stair,1
aug_002565.jpg,img_002993.jpg,mild,stair,1
aug_002566.jpg,img_002994.jpg,mild,stair,1
aug_002567.jpg,img_002995.jpg,mild,stair,3
aug_002568.jpg,img_002996.jpg,mild,stair,1
aug_002569.jpg,img_002997.jpg,mild,stair,1
aug_002570.jpg,img_002998.jpg,mild,stair,1
aug_002571.jpg,img_002999.jpg,mild,stair,1
aug_002572.jpg,img_003000.jpg,mild,stair,1
aug_002573.jpg,img_003001.jpg,mild,stair,1
aug_002574.jpg,img_003002.jpg,mild,stair,1
aug_002575.jpg,img_003003.jpg,mild,stair,1
aug_002576.jpg,img_003004.jpg,mild,stair,1
aug_002577.jpg,img_003005.jpg,mild,stair,1
aug_002578.jpg,img_003006.jpg,mild,stair,1
aug_002579.jpg,img_003007.jpg,mild,stair,1
aug_002580.jpg,img_003008.jpg,mild,stair,1
aug_002581.jpg,img_003009.jpg,mild,stair,1
aug_002582.jpg,img_003010.jpg,mild,stair,2
aug_002583.jpg,img_003011.jpg,mild,stair,1
aug_002584.jpg,img_003012.jpg,mild,stair,1
aug_002585.jpg,img_003013.jpg,mild,stair,1
aug_002586.jpg,img_003014.jpg,mild,stair,1
aug_002587.jpg,img_003015.jpg,mild,stair,1
aug_002588.jpg,img_003016.jpg,mild,stair,1
aug_002589.jpg,img_003017.jpg,mild,stair,1
aug_002590.jpg,img_003018.jpg,mild,stair,1
aug_002591.jpg,img_003019.jpg,mild,stair,1
aug_002592.jpg,img_003020.jpg,mild,stair,1
aug_002593.jpg,img_003021.jpg,mild,stair,1
aug_002594.jpg,img_003022.jpg,mild,stair,1
aug_002595.jpg,img_003023.jpg,mild,stair,1
aug_002596.jpg,img_003024.jpg,mild,stair,1
aug_002597.jpg,img_003025.jpg,mild,stair,1
aug_002598.jpg,img_003026.jpg,mild,stair,1
aug_002599.jpg,img_003027.jpg,mild,stair,1
aug_002600.jpg,img_003028.jpg,mild,stair,1
aug_002601.jpg,img_003029.jpg,mild,stair,1
aug_002602.jpg,img_003030.jpg,mild,stair,1
aug_002603.jpg,img_003031.jpg,mild,stair,1
aug_002604.jpg,img_003032.jpg,mild,stair,1
aug_002605.jpg,img_003033.jpg,mild,stair,1
aug_002606.jpg,img_003034.jpg,mild,stair,1
aug_002607.jpg,img_003035.jpg,mild,stair,1
aug_002608.jpg,img_003036.jpg,mild,stair,1
aug_002609.jpg,img_003037.jpg,mild,stair,1
aug_002610.jpg,img_003038.jpg,mild,stair,1
aug_002611.jpg,img_003039.jpg,mild,stair,1
aug_002612.jpg,img_003040.jpg,mild,stair,1
aug_002613.jpg,img_003041.jpg,mild,stair,1
aug_002614.jpg,img_003042.jpg,mild,stair,1
aug_002615.jpg,img_003043.jpg,mild,stair,1
aug_002616.jpg,img_003044.jpg,mild,stair,1
aug_002617.jpg,img_003045.jpg,mild,stair,1
aug_002618.jpg,img_003046.jpg,mild,stair,1
aug_002619.jpg,img_003047.jpg,mild,stair,1
aug_002620.jpg,img_003048.jpg,mild,stair,1
aug_002621.jpg,img_003049.jpg,mild,stair,1
aug_002622.jpg,img_003050.jpg,mild,stair,2
aug_002623.jpg,img_003051.jpg,mild,stair,2
aug_002624.jpg,img_003052.jpg,mild,stair,2
aug_002625.jpg,img_003053.jpg,mild,stair,1
aug_002626.jpg,img_003054.jpg,mild,stair,1
aug_002627.jpg,img_003055.jpg,mild,stair,1
aug_002628.jpg,img_003056.jpg,mild,stair,1
aug_002629.jpg,img_003057.jpg,mild,stair,1
aug_002630.jpg,img_003058.jpg,mild,stair,1
aug_002631.jpg,img_003059.jpg,mild,stair,1
aug_002632.jpg,img_003060.jpg,mild,stair,1
aug_002633.jpg,img_003061.jpg,mild,stair,1
aug_002634.jpg,img_003062.jpg,mild,stair,1
aug_002635.jpg,img_003063.jpg,mild,stair,1
aug_002636.jpg,img_003064.jpg,mild,stair,1
aug_002637.jpg,img_003065.jpg,mild,stair,1
aug_002638.jpg,img_003066.jpg,mild,stair,1
aug_002639.jpg,img_003067.jpg,mild,stair,1
aug_002640.jpg,img_003068.jpg,mild,stair,1
aug_002641.jpg,img_003069.jpg,mild,stair,1
aug_002642.jpg,img_003070.jpg,mild,stair,1
aug_002643.jpg,img_003071.jpg,mild,stair,1
aug_002644.jpg,img_003072.jpg,mild,stair,6
aug_002645.jpg,img_003073.jpg,mild,stair,1
aug_002646.jpg,img_003074.jpg,mild,stair,1
aug_002647.jpg,img_003075.jpg,mild,stair,1
aug_002648.jpg,img_003076.jpg,mild,stair,1
aug_002649.jpg,img_003077.jpg,mild,stair,1
aug_002650.jpg,img_003078.jpg,mild,stair,1
aug_002651.jpg,img_003079.jpg,mild,stair,1
aug_002652.jpg,img_003080.jpg,mild,stair,1
aug_002653.jpg,img_003081.jpg,mild,stair,1
aug_002654.jpg,img_003082.jpg,mild,stair,1
aug_002655.jpg,img_003083.jpg,mild,stair,1
aug_002656.jpg,img_003084.jpg,mild,stair,1
aug_002657.jpg,img_003085.jpg,mild,stair,1
aug_002658.jpg,img_003086.jpg,mild,stair,1
aug_002659.jpg,img_003087.jpg,mild,stair,2
aug_002660.jpg,img_003088.jpg,mild,stair,2
aug_002661.jpg,img_003089.jpg,mild,stair,1
aug_002662.jpg,img_003090.jpg,mild,stair,1
aug_002663.jpg,img_003091.jpg,mild,stair,1
aug_002664.jpg,img_003092.jpg,mild,stair,2
aug_002665.jpg,img_003093.jpg,mild,stair,1
aug_002666.jpg,img_003094.jpg,mild,stair,1
aug_002667.jpg,img_003095.jpg,mild,stair,1
aug_002668.jpg,img_003096.jpg,mild,stair,1
aug_002669.jpg,img_003097.jpg,mild,stair,1
aug_002670.jpg,img_003098.jpg,mild,stair,1
aug_002671.jpg,img_003099.jpg,mild,stair,2
aug_002672.jpg,img_003100.jpg,mild,stair,1
aug_002673.jpg,img_003101.jpg,mild,stair,2
aug_002674.jpg,img_003102.jpg,mild,stair,2
aug_002675.jpg,img_003103.jpg,mild,stair,2
aug_002676.jpg,img_003104.jpg,mild,stair,1
aug_002677.jpg,img_003105.jpg,mild,stair,1
aug_002678.jpg,img_003106.jpg,mild,stair,1
aug_002679.jpg,img_003107.jpg,mild,stair,1
aug_002680.jpg,img_003108.jpg,mild,stair,1
aug_002681.jpg,img_003109.jpg,mild,stair,1
aug_002682.jpg,img_003110.jpg,mild,stair,1
aug_002683.jpg,img_003111.jpg,mild,stair,1
aug_002684.jpg,img_003112.jpg,mild,stair,1
aug_002685.jpg,img_003113.jpg,mild,stair,1
aug_002686.jpg,img_003114.jpg,mild,stair,1
aug_002687.jpg,img_003115.jpg,mild,stair,1
aug_002688.jpg,img_003116.jpg,mild,stair,1
aug_002689.jpg,img_003117.jpg,mild,stair,1
aug_002690.jpg,img_003118.jpg,mild,stair,1
aug_002691.jpg,img_003119.jpg,mild,stair,3
aug_002692.jpg,img_003120.jpg,mild,stair,1
aug_002693.jpg,img_003121.jpg,mild,stair,1
aug_002694.jpg,img_003122.jpg,mild,stair,1
aug_002695.jpg,img_003123.jpg,mild,stair,1
aug_002696.jpg,img_003124.jpg,mild,stair,1
aug_002697.jpg,img_003125.jpg,mild,stair,1
aug_002698.jpg,img_003126.jpg,mild,stair,2
aug_002699.jpg,img_003127.jpg,mild,stair,1
aug_002700.jpg,img_003128.jpg,mild,stair,1
aug_002701.jpg,img_003129.jpg,mild,stair,1
aug_002702.jpg,img_003130.jpg,mild,stair,1
aug_002703.jpg,img_003131.jpg,mild,stair,1
aug_002704.jpg,img_003132.jpg,mild,stair,1
aug_002705.jpg,img_003133.jpg,mild,stair,1
aug_002706.jpg,img_003134.jpg,mild,stair,1
aug_002707.jpg,img_003135.jpg,mild,stair,1
aug_002708.jpg,img_003136.jpg,mild,stair,1
aug_002709.jpg,img_003137.jpg,mild,stair,1
aug_002710.jpg,img_003138.jpg,mild,stair,1
aug_002711.jpg,img_003139.jpg,mild,stair,2
aug_002712.jpg,img_003140.jpg,mild,stair,1
aug_002713.jpg,img_003141.jpg,mild,stair,1
aug_002714.jpg,img_003142.jpg,mild,stair,1
aug_002715.jpg,img_003143.jpg,mild,stair,1
aug_002716.jpg,img_003144.jpg,mild,stair,1
aug_002717.jpg,img_003145.jpg,mild,stair,4
aug_002718.jpg,img_003146.jpg,mild,stair,1
aug_002719.jpg,img_003147.jpg,mild,stair,2
aug_002720.jpg,img_003148.jpg,mild,stair,1
aug_002721.jpg,img_003149.jpg,mild,stair,1
aug_002722.jpg,img_003150.jpg,mild,stair,1
aug_002723.jpg,img_003151.jpg,mild,stair,1
aug_002724.jpg,img_003152.jpg,mild,stair,1
aug_002725.jpg,img_003153.jpg,mild,stair,1
aug_002726.jpg,img_003154.jpg,mild,stair,1
aug_002727.jpg,img_003155.jpg,mild,stair,1
aug_002728.jpg,img_003156.jpg,mild,stair,1
aug_002729.jpg,img_003157.jpg,mild,stair,1
aug_002730.jpg,img_003158.jpg,mild,stair,1
aug_002731.jpg,img_003159.jpg,mild,stair,1
aug_002732.jpg,img_003160.jpg,mild,stair,1
aug_002733.jpg,img_003161.jpg,mild,stair,1
aug_002734.jpg,img_003162.jpg,mild,stair,1
aug_002735.jpg,img_003163.jpg,mild,stair,1
aug_002736.jpg,img_003164.jpg,mild,stair,2
aug_002737.jpg,img_003165.jpg,mild,stair,1
aug_002738.jpg,img_003166.jpg,mild,stair,1
aug_002739.jpg,img_003167.jpg,mild,stair,2
aug_002740.jpg,img_003168.jpg,mild,stair,1
aug_002741.jpg,img_003169.jpg,mild,stair,1
aug_002742.jpg,img_003170.jpg,mild,stair,1
aug_002743.jpg,img_003171.jpg,mild,stair,1
aug_002744.jpg,img_003172.jpg,mild,stair,1
aug_002745.jpg,img_003173.jpg,mild,stair,1
aug_002746.jpg,img_003174.jpg,mild,stair,1
aug_002747.jpg,img_003175.jpg,mild,stair,1
aug_002748.jpg,img_003176.jpg,mild,stair,1
aug_002749.jpg,img_003177.jpg,mild,stair,1
aug_002750.jpg,img_003178.jpg,mild,stair,1
aug_002751.jpg,img_003179.jpg,mild,stair,1
aug_002752.jpg,img_003180.jpg,mild,stair,1
aug_002753.jpg,img_003181.jpg,mild,stair,1
aug_002754.jpg,img_003182.jpg,mild,stair,1
aug_002755.jpg,img_003183.jpg,mild,stair,1
aug_002756.jpg,img_003184.jpg,mild,stair,1
aug_002757.jpg,img_003185.jpg,mild,stair,1
aug_002758.jpg,img_003186.jpg,mild,stair,1
aug_002759.jpg,img_003187.jpg,mild,stair,1
aug_002760.jpg,img_003188.jpg,mild,stair,1
aug_002761.jpg,img_003189.jpg,mild,stair,1
aug_002762.jpg,img_003190.jpg,mild,stair,2
aug_002763.jpg,img_003191.jpg,mild,stair,1
aug_002764.jpg,img_003192.jpg,mild,stair,1
aug_002765.jpg,img_003193.jpg,mild,stair,1
aug_002766.jpg,img_003194.jpg,mild,stair,1
aug_002767.jpg,img_003195.jpg,mild,stair,1
aug_002768.jpg,img_003196.jpg,mild,stair,1
aug_002769.jpg,img_003197.jpg,mild,stair,1
aug_002770.jpg,img_003198.jpg,mild,stair,1
aug_002771.jpg,img_003199.jpg,mild,stair,1
aug_002772.jpg,img_003200.jpg,mild,stair,1
aug_002773.jpg,img_003201.jpg,mild,stair,1
aug_002774.jpg,img_003202.jpg,mild,stair,2
aug_002775.jpg,img_003203.jpg,mild,stair,1
aug_002776.jpg,img_003204.jpg,mild,stair,1
aug_002777.jpg,img_003205.jpg,mild,stair,1
aug_002778.jpg,img_003206.jpg,mild,stair,1
aug_002779.jpg,img_003207.jpg,mild,stair,1
aug_002780.jpg,img_003208.jpg,mild,stair,1
aug_002781.jpg,img_003209.jpg,mild,stair,1
aug_002782.jpg,img_003210.jpg,mild,stair,1
aug_002783.jpg,img_003211.jpg,mild,stair,1
aug_002784.jpg,img_003212.jpg,mild,stair,1
aug_002785.jpg,img_003213.jpg,mild,stair,1
aug_002786.jpg,img_003214.jpg,mild,stair,1
aug_002787.jpg,img_003215.jpg,mild,stair,1
aug_002788.jpg,img_003216.jpg,mild,stair,2
aug_002789.jpg,img_003217.jpg,mild,stair,1
aug_002790.jpg,img_003218.jpg,mild,stair,1
aug_002791.jpg,img_003219.jpg,mild,stair,1
aug_002792.jpg,img_003220.jpg,mild,stair,1
aug_002793.jpg,img_003221.jpg,mild,stair,1
aug_002794.jpg,img_003222.jpg,mild,stair,1
aug_002795.jpg,img_003223.jpg,mild,stair,1
aug_002796.jpg,img_003224.jpg,mild,stair,1
aug_002797.jpg,img_003225.jpg,mild,stair,1
aug_002798.jpg,img_003226.jpg,mild,stair,1
aug_002799.jpg,img_003227.jpg,mild,stair,1
aug_002800.jpg,img_003228.jpg,mild,stair,1
aug_002801.jpg,img_003229.jpg,mild,stair,1
aug_002802.jpg,img_003230.jpg,mild,stair,1
aug_002803.jpg,img_003231.jpg,mild,stair,1
aug_002804.jpg,img_003232.jpg,mild,stair,1
aug_002805.jpg,img_003233.jpg,mild,stair,1
aug_002806.jpg,img_003234.jpg,mild,stair,1
aug_002807.jpg,img_003235.jpg,mild,stair,1
aug_002808.jpg,img_003236.jpg,mild,stair,1
aug_002809.jpg,img_003237.jpg,mild,stair,1
aug_002810.jpg,img_003238.jpg,mild,stair,1
aug_002811.jpg,img_003239.jpg,mild,stair,1
aug_002812.jpg,img_003240.jpg,mild,stair,1
aug_002813.jpg,img_003241.jpg,mild,stair,1
aug_002814.jpg,img_003242.jpg,mild,stair,1
aug_002815.jpg,img_003243.jpg,mild,stair,2
aug_002816.jpg,img_003244.jpg,mild,stair,1
aug_002817.jpg,img_003245.jpg,mild,stair,1
aug_002818.jpg,img_003246.jpg,mild,stair,1
aug_002819.jpg,img_003247.jpg,mild,stair,1
aug_002820.jpg,img_003248.jpg,mild,stair,1
aug_002821.jpg,img_003249.jpg,mild,stair,2
aug_002822.jpg,img_003250.jpg,mild,stair,1
aug_002823.jpg,img_003251.jpg,mild,stair,2
aug_002824.jpg,img_003252.jpg,mild,stair,2
aug_002825.jpg,img_003253.jpg,mild,stair,1
aug_002826.jpg,img_003254.jpg,mild,stair,1
aug_002827.jpg,img_003255.jpg,mild,stair,1
aug_002828.jpg,img_003256.jpg,mild,stair,1
aug_002829.jpg,img_003257.jpg,mild,stair,1
aug_002830.jpg,img_003258.jpg,mild,stair,2
aug_002831.jpg,img_003259.jpg,mild,stair,1
aug_002832.jpg,img_003260.jpg,mild,stair,1
aug_002833.jpg,img_003261.jpg,mild,stair,3
aug_002834.jpg,img_003262.jpg,mild,stair,1
aug_002835.jpg,img_003263.jpg,mild,stair,2
aug_002836.jpg,img_003264.jpg,mild,stair,1
aug_002837.jpg,img_003265.jpg,mild,stair,1
aug_002838.jpg,img_003266.jpg,mild,stair,1
aug_002839.jpg,img_003267.jpg,mild,stair,2
aug_002840.jpg,img_003268.jpg,mild,stair,1
aug_002841.jpg,img_003269.jpg,mild,stair,1
aug_002842.jpg,img_003270.jpg,mild,stair,1
aug_002843.jpg,img_003271.jpg,mild,stair,1
aug_002844.jpg,img_003272.jpg,mild,stair,1
aug_002845.jpg,img_003273.jpg,mild,stair,1
aug_002846.jpg,img_003274.jpg,mild,stair,1
aug_002847.jpg,img_003275.jpg,mild,stair,1
aug_002848.jpg,img_003276.jpg,mild,stair,1
aug_002849.jpg,img_003277.jpg,mild,stair,1
aug_002850.jpg,img_003278.jpg,mild,stair,1
aug_002851.jpg,img_003279.jpg,mild,stair,1
aug_002852.jpg,img_003280.jpg,mild,stair,1
aug_002853.jpg,img_003281.jpg,mild,stair,1
aug_002854.jpg,img_003282.jpg,mild,stair,1
aug_002855.jpg,img_003283.jpg,mild,stair,1
aug_002856.jpg,img_003284.jpg,mild,stair,3
aug_002857.jpg,img_003285.jpg,mild,stair,1
aug_002858.jpg,img_003286.jpg,mild,stair,1
aug_002859.jpg,img_003287.jpg,mild,stair,1
aug_002860.jpg,img_003288.jpg,mild,stair,1
aug_002861.jpg,img_003289.jpg,mild,stair,2
aug_002862.jpg,img_003290.jpg,mild,stair,2
aug_002863.jpg,img_003291.jpg,mild,stair,1
aug_002864.jpg,img_003292.jpg,mild,stair,2
aug_002865.jpg,img_003293.jpg,mild,stair,1
aug_002866.jpg,img_003294.jpg,mild,stair,1
aug_002867.jpg,img_003295.jpg,mild,stair,1
aug_002868.jpg,img_003296.jpg,mild,stair,1
aug_002869.jpg,img_003297.jpg,mild,stair,2
aug_002870.jpg,img_003298.jpg,mild,stair,1
aug_002871.jpg,img_003299.jpg,mild,stair,1
aug_002872.jpg,img_003300.jpg,mild,stair,1
aug_002873.jpg,img_003301.jpg,mild,stair,1
aug_002874.jpg,img_003302.jpg,mild,stair,1
aug_002875.jpg,img_003303.jpg,mild,stair,1
aug_002876.jpg,img_003304.jpg,mild,stair,1
aug_002877.jpg,img_003305.jpg,mild,stair,1
aug_002878.jpg,img_003306.jpg,mild,stair,1
aug_002879.jpg,img_003307.jpg,mild,stair,1
aug_002880.jpg,img_003308.jpg,mild,stair,1
aug_002881.jpg,img_003309.jpg,mild,stair,1
aug_002882.jpg,img_003310.jpg,mild,stair,1
aug_002883.jpg,img_003311.jpg,mild,stair,1
aug_002884.jpg,img_003312.jpg,mild,stair,1
aug_002885.jpg,img_003313.jpg,mild,stair,1
aug_002886.jpg,img_003314.jpg,mild,stair,1
aug_002887.jpg,img_003315.jpg,mild,stair,1
aug_002888.jpg,img_003316.jpg,mild,stair,1
aug_002889.jpg,img_003317.jpg,mild,stair,1
aug_002890.jpg,img_003318.jpg,mild,stair,1
aug_002891.jpg,img_003319.jpg,mild,stair,1
aug_002892.jpg,img_003320.jpg,mild,stair,1
aug_002893.jpg,img_003321.jpg,mild,stair,1
aug_002894.jpg,img_003322.jpg,mild,stair,2
aug_002895.jpg,img_003323.jpg,mild,stair,1
aug_002896.jpg,img_003324.jpg,mild,stair,1
aug_002897.jpg,img_003325.jpg,mild,stair,1
aug_002898.jpg,img_003326.jpg,mild,stair,1
aug_002899.jpg,img_003327.jpg,mild,stair,1
aug_002900.jpg,img_003328.jpg,mild,stair,1
aug_002901.jpg,img_003329.jpg,mild,stair,1
aug_002902.jpg,img_003330.jpg,mild,stair,1
aug_002903.jpg,img_003331.jpg,mild,stair,1
aug_002904.jpg,img_003332.jpg,mild,stair,3
aug_002905.jpg,img_003333.jpg,mild,stair,1
aug_002906.jpg,img_003334.jpg,mild,stair,2
aug_002907.jpg,img_003335.jpg,mild,stair,1
aug_002908.jpg,img_003336.jpg,mild,stair,1
aug_002909.jpg,img_003337.jpg,mild,stair,1
aug_002910.jpg,img_003338.jpg,mild,stair,1
aug_002911.jpg,img_003339.jpg,mild,stair,2
aug_002912.jpg,img_003340.jpg,mild,stair,1
aug_002913.jpg,img_003341.jpg,mild,stair,2
aug_002914.jpg,img_003342.jpg,mild,stair,1
aug_002915.jpg,img_003343.jpg,mild,stair,1
aug_002916.jpg,img_003344.jpg,mild,stair,1
aug_002917.jpg,img_003345.jpg,mild,stair,1
aug_002918.jpg,img_003346.jpg,mild,stair,1
aug_002919.jpg,img_003347.jpg,mild,stair,1
aug_002920.jpg,img_003348.jpg,mild,stair,1
aug_002921.jpg,img_003349.jpg,mild,stair,2
aug_002922.jpg,img_003350.jpg,mild,stair,1
aug_002923.jpg,img_003351.jpg,mild,stair,1
aug_002924.jpg,img_003352.jpg,mild,stair,1
aug_002925.jpg,img_003353.jpg,mild,stair,1
aug_002926.jpg,img_003354.jpg,mild,stair,1
aug_002927.jpg,img_003355.jpg,mild,stair,1
aug_002928.jpg,img_003356.jpg,mild,stair,2
aug_002929.jpg,img_003357.jpg,mild,stair,1
aug_002930.jpg,img_003358.jpg,mild,stair,2
aug_002931.jpg,img_003359.jpg,mild,stair,2
aug_002932.jpg,img_003360.jpg,mild,stair,2
aug_002933.jpg,img_003361.jpg,mild,stair,1
aug_002934.jpg,img_003362.jpg,mild,stair,1
aug_002935.jpg,img_003363.jpg,mild,stair,1
aug_002936.jpg,img_003364.jpg,mild,stair,1
aug_002937.jpg,img_003365.jpg,mild,stair,1
aug_002938.jpg,img_003366.jpg,mild,stair,1
aug_002939.jpg,img_003367.jpg,mild,stair,1
aug_002940.jpg,img_003368.jpg,mild,stair,1
aug_002941.jpg,img_003369.jpg,mild,stair,1
aug_002942.jpg,img_003370.jpg,mild,stair,2
aug_002943.jpg,img_003371.jpg,mild,stair,1
aug_002944.jpg,img_003372.jpg,mild,stair,1
aug_002945.jpg,img_003373.jpg,mild,stair,1
aug_002946.jpg,img_003374.jpg,mild,stair,1
aug_002947.jpg,img_003375.jpg,mild,stair,2
aug_002948.jpg,img_003376.jpg,mild,stair,1
aug_002949.jpg,img_003377.jpg,mild,stair,1
aug_002950.jpg,img_003378.jpg,mild,stair,1
aug_002951.jpg,img_003379.jpg,mild,stair,1
aug_002952.jpg,img_003380.jpg,mild,stair,1
aug_002953.jpg,img_003381.jpg,mild,stair,1
aug_002954.jpg,img_003382.jpg,mild,stair,1
aug_002955.jpg,img_003383.jpg,mild,stair,2
aug_002956.jpg,img_003384.jpg,mild,stair,2
aug_002957.jpg,img_003385.jpg,mild,stair,1
aug_002958.jpg,img_003386.jpg,mild,stair,2
aug_002959.jpg,img_003387.jpg,mild,stair,2
aug_002960.jpg,img_003388.jpg,mild,stair,1
aug_002961.jpg,img_003389.jpg,mild,stair,2
aug_002962.jpg,img_003390.jpg,mild,stair,1
aug_002963.jpg,img_003391.jpg,mild,stair,1
aug_002964.jpg,img_003392.jpg,mild,stair,1
aug_002965.jpg,img_003393.jpg,mild,stair,3
aug_002966.jpg,img_003394.jpg,mild,stair,3
aug_002967.jpg,img_003395.jpg,mild,stair,1
aug_002968.jpg,img_003396.jpg,mild,stair,1
aug_002969.jpg,img_003397.jpg,mild,stair,1
aug_002970.jpg,img_003398.jpg,mild,stair,2
aug_002971.jpg,img_003399.jpg,mild,stair,1
aug_002972.jpg,img_003400.jpg,mild,stair,2
aug_002973.jpg,img_003401.jpg,mild,stair,2
aug_002974.jpg,img_003402.jpg,mild,stair,1
aug_002975.jpg,img_003403.jpg,mild,stair,2
aug_002976.jpg,img_003404.jpg,mild,stair,1
aug_002977.jpg,img_003405.jpg,mild,stair,1
aug_002978.jpg,img_003406.jpg,mild,stair,1
aug_002979.jpg,img_003407.jpg,mild,stair,1
aug_002980.jpg,img_003408.jpg,mild,stair,1
aug_002981.jpg,img_003409.jpg,mild,stair,1
aug_002982.jpg,img_003410.jpg,mild,stair,1
aug_002983.jpg,img_003411.jpg,mild,stair,1
aug_002984.jpg,img_003412.jpg,mild,stair,1
aug_002985.jpg,img_003413.jpg,mild,stair,1
aug_002986.jpg,img_003414.jpg,mild,stair,1
aug_002987.jpg,img_003415.jpg,mild,stair,1
aug_002988.jpg,img_003416.jpg,mild,stair,2
aug_002989.jpg,img_003417.jpg,mild,stair,2
aug_002990.jpg,img_003418.jpg,mild,stair,1
aug_002991.jpg,img_003419.jpg,mild,stair,2
aug_002992.jpg,img_003420.jpg,mild,stair,3
aug_002993.jpg,img_003421.jpg,mild,stair,1
aug_002994.jpg,img_003422.jpg,mild,stair,2
aug_002995.jpg,img_003423.jpg,mild,stair,1
aug_002996.jpg,img_003424.jpg,mild,stair,1
aug_002997.jpg,img_003425.jpg,mild,stair,1
aug_002998.jpg,img_003426.jpg,mild,stair,1
aug_002999.jpg,img_003427.jpg,mild,stair,1
aug_003000.jpg,img_003428.jpg,mild,stair,1
aug_003001.jpg,img_003429.jpg,mild,stair,1
aug_003002.jpg,img_003430.jpg,mild,stair,1
aug_003003.jpg,img_003431.jpg,mild,stair,1
aug_003004.jpg,img_003432.jpg,mild,stair,1
aug_003005.jpg,img_003433.jpg,mild,stair,1
aug_003006.jpg,img_003434.jpg,mild,stair,1
aug_003007.jpg,img_003435.jpg,mild,stair,1
aug_003008.jpg,img_003436.jpg,mild,stair,1
aug_003009.jpg,img_003437.jpg,mild,stair,1
aug_003010.jpg,img_003438.jpg,mild,stair,1
aug_003011.jpg,img_003439.jpg,mild,stair,1
aug_003012.jpg,img_003440.jpg,mild,stair,1
aug_003013.jpg,img_003441.jpg,mild,stair,1
aug_003014.jpg,img_003442.jpg,mild,stair,1
aug_003015.jpg,img_003443.jpg,mild,stair,1
aug_003016.jpg,img_003444.jpg,mild,stair,1
aug_003017.jpg,img_003445.jpg,mild,stair,1
aug_003018.jpg,img_003446.jpg,mild,stair,1
aug_003019.jpg,img_003447.jpg,mild,stair,1
aug_003020.jpg,img_003448.jpg,mild,stair,2
aug_003021.jpg,img_003449.jpg,mild,stair,1
aug_003022.jpg,img_003450.jpg,mild,stair,1
aug_003023.jpg,img_003451.jpg,mild,stair,1
aug_003024.jpg,img_003452.jpg,mild,stair,1
aug_003025.jpg,img_003453.jpg,mild,stair,1
aug_003026.jpg,img_003454.jpg,mild,stair,1
aug_003027.jpg,img_003455.jpg,mild,stair,1
aug_003028.jpg,img_003456.jpg,mild,stair,1
aug_003029.jpg,img_003457.jpg,mild,stair,1
aug_003030.jpg,img_003458.jpg,mild,stair,1
aug_003031.jpg,img_003459.jpg,mild,stair,1
aug_003032.jpg,img_003460.jpg,mild,stair,1
aug_003033.jpg,img_003461.jpg,mild,stair,1
aug_003034.jpg,img_003462.jpg,mild,stair,1
aug_003035.jpg,img_003463.jpg,mild,stair,1
aug_003036.jpg,img_003464.jpg,mild,stair,1
aug_003037.jpg,img_003465.jpg,mild,stair,1
aug_003038.jpg,img_003466.jpg,mild,stair,1
aug_003039.jpg,img_003467.jpg,mild,stair,1
aug_003040.jpg,img_003468.jpg,mild,stair,1
aug_003041.jpg,img_003469.jpg,mild,stair,1
aug_003042.jpg,img_003470.jpg,mild,stair,1
aug_003043.jpg,img_003471.jpg,mild,stair,1
aug_003044.jpg,img_003472.jpg,mild,stair,1
aug_003045.jpg,img_003473.jpg,mild,stair,1
aug_003046.jpg,img_003474.jpg,mild,stair,1
aug_003047.jpg,img_003475.jpg,mild,stair,1
aug_003048.jpg,img_003476.jpg,mild,stair,1
aug_003049.jpg,img_003477.jpg,mild,stair,1
aug_003050.jpg,img_003478.jpg,mild,stair,1
aug_003051.jpg,img_003479.jpg,mild,stair,1
aug_003052.jpg,img_003480.jpg,mild,stair,1
aug_003053.jpg,img_003481.jpg,mild,stair,1
aug_003054.jpg,img_003482.jpg,mild,stair,1
aug_003055.jpg,img_003483.jpg,mild,stair,1
aug_003056.jpg,img_003484.jpg,mild,stair,1
aug_003057.jpg,img_003485.jpg,mild,stair,1
aug_003058.jpg,img_003486.jpg,mild,stair,1
aug_003059.jpg,img_003487.jpg,mild,stair,1
aug_003060.jpg,img_003488.jpg,mild,stair,1
aug_003061.jpg,img_003489.jpg,mild,stair,1
aug_003062.jpg,img_003490.jpg,mild,stair,1
aug_003063.jpg,img_003491.jpg,mild,stair,1
aug_003064.jpg,img_003492.jpg,mild,stair,1
aug_003065.jpg,img_003493.jpg,mild,stair,1
aug_003066.jpg,img_003494.jpg,mild,stair,1
aug_003067.jpg,img_003495.jpg,mild,stair,1
aug_003068.jpg,img_003496.jpg,mild,stair,1
aug_003069.jpg,img_003497.jpg,mild,stair,1
aug_003070.jpg,img_003498.jpg,mild,stair,1
aug_003071.jpg,img_003499.jpg,mild,stair,1
aug_003072.jpg,img_003500.jpg,mild,stair,1
aug_003073.jpg,img_003501.jpg,mild,stair,1
aug_003074.jpg,img_003502.jpg,mild,stair,1
aug_003075.jpg,img_003503.jpg,mild,stair,1
aug_003076.jpg,img_003504.jpg,mild,stair,1
aug_003077.jpg,img_003505.jpg,mild,stair,1
aug_003078.jpg,img_003506.jpg,mild,stair,1
aug_003079.jpg,img_003507.jpg,mild,stair,1
aug_003080.jpg,img_003508.jpg,mild,stair,1
aug_003081.jpg,img_003509.jpg,mild,stair,1
aug_003082.jpg,img_003510.jpg,mild,stair,1
aug_003083.jpg,img_003511.jpg,mild,stair,1
aug_003084.jpg,img_003512.jpg,mild,stair,1
aug_003085.jpg,img_003513.jpg,mild,stair,1
aug_003086.jpg,img_003514.jpg,mild,stair,1
aug_003087.jpg,img_003515.jpg,mild,stair,1
aug_003088.jpg,img_003516.jpg,mild,stair,1
aug_003089.jpg,img_003517.jpg,mild,stair,1
aug_003090.jpg,img_003518.jpg,mild,stair,1
aug_003091.jpg,img_003519.jpg,mild,stair,1
aug_003092.jpg,img_003520.jpg,mild,stair,1
aug_003093.jpg,img_003521.jpg,mild,stair,1
aug_003094.jpg,img_003522.jpg,mild,stair,1
aug_003095.jpg,img_003523.jpg,mild,stair,1
aug_003096.jpg,img_003524.jpg,mild,stair,1
aug_003097.jpg,img_003525.jpg,mild,stair,1
aug_003098.jpg,img_003526.jpg,mild,stair,1
aug_003099.jpg,img_003527.jpg,mild,stair,1
aug_003100.jpg,img_003528.jpg,mild,stair,1
aug_003101.jpg,img_003529.jpg,mild,stair,1
aug_003102.jpg,img_003530.jpg,mild,stair,1
aug_003103.jpg,img_003531.jpg,mild,stair,1
aug_003104.jpg,img_003532.jpg,mild,stair,1
aug_003105.jpg,img_003533.jpg,mild,stair,1
aug_003106.jpg,img_003534.jpg,mild,stair,1
aug_003107.jpg,img_003535.jpg,mild,stair,1
aug_003108.jpg,img_003536.jpg,mild,stair,1
aug_003109.jpg,img_003537.jpg,mild,stair,1
aug_003110.jpg,img_003538.jpg,mild,stair,1
aug_003111.jpg,img_003539.jpg,mild,stair,1
aug_003112.jpg,img_003540.jpg,mild,stair,1
aug_003113.jpg,img_003541.jpg,mild,stair,1
aug_003114.jpg,img_003542.jpg,mild,stair,1
aug_003115.jpg,img_003543.jpg,mild,stair,1
aug_003116.jpg,img_003544.jpg,mild,stair,1
aug_003117.jpg,img_003545.jpg,mild,stair,1
aug_003118.jpg,img_003546.jpg,mild,stair,1
aug_003119.jpg,img_003547.jpg,mild,stair,1
aug_003120.jpg,img_003548.jpg,mild,stair,1
aug_003121.jpg,img_003549.jpg,mild,stair,1
aug_003122.jpg,img_003550.jpg,mild,stair,1
aug_003123.jpg,img_003551.jpg,mild,stair,1
aug_003124.jpg,img_003552.jpg,mild,stair,1
aug_003125.jpg,img_003553.jpg,mild,stair,1
aug_003126.jpg,img_003554.jpg,mild,stair,1
aug_003127.jpg,img_003555.jpg,mild,stair,1
aug_003128.jpg,img_003556.jpg,mild,stair,1
aug_003129.jpg,img_003557.jpg,mild,stair,1
aug_003130.jpg,img_003558.jpg,mild,stair,1
aug_003131.jpg,img_003559.jpg,mild,stair,1
aug_003132.jpg,img_003560.jpg,mild,stair,1
aug_003133.jpg,img_003561.jpg,mild,stair,1
aug_003134.jpg,img_003562.jpg,mild,stair,1
aug_003135.jpg,img_003563.jpg,mild,stair,1
aug_003136.jpg,img_003564.jpg,mild,stair,1
aug_003137.jpg,img_003565.jpg,mild,stair,1
aug_003138.jpg,img_003566.jpg,mild,stair,1
aug_003139.jpg,img_003567.jpg,mild,stair,1
aug_003140.jpg,img_003568.jpg,mild,stair,1
aug_003141.jpg,img_003569.jpg,mild,stair,1
aug_003142.jpg,img_003570.jpg,mild,stair,1
aug_003143.jpg,img_003571.jpg,mild,stair,1
aug_003144.jpg,img_003572.jpg,mild,stair,1
aug_003145.jpg,img_003573.jpg,mild,stair,1
aug_003146.jpg,img_003574.jpg,mild,stair,1
aug_003147.jpg,img_003575.jpg,mild,stair,1
aug_003148.jpg,img_003576.jpg,mild,stair,1
aug_003149.jpg,img_003577.jpg,mild,stair,1
aug_003150.jpg,img_003578.jpg,mild,stair,1
aug_003151.jpg,img_003579.jpg,mild,stair,1
aug_003152.jpg,img_003580.jpg,mild,stair,1
aug_003153.jpg,img_003581.jpg,mild,stair,1
aug_003154.jpg,img_003582.jpg,mild,stair,1
aug_003155.jpg,img_003583.jpg,mild,stair,1
aug_003156.jpg,img_003584.jpg,mild,stair,1
aug_003157.jpg,img_003585.jpg,mild,stair,1
aug_003158.jpg,img_003586.jpg,mild,stair,1
aug_003159.jpg,img_003587.jpg,mild,stair,1
aug_003160.jpg,img_003588.jpg,mild,stair,1
aug_003161.jpg,img_003589.jpg,mild,stair,1
aug_003162.jpg,img_003590.jpg,mild,stair,1
aug_003163.jpg,img_003591.jpg,mild,stair,1
aug_003164.jpg,img_003592.jpg,mild,stair,1
aug_003165.jpg,img_003593.jpg,mild,stair,1
aug_003166.jpg,img_003594.jpg,mild,stair,1
aug_003167.jpg,img_003595.jpg,mild,stair,1
aug_003168.jpg,img_003596.jpg,mild,stair,1
aug_003169.jpg,img_003597.jpg,mild,stair,1
aug_003170.jpg,img_003598.jpg,mild,stair,1
aug_003171.jpg,img_003599.jpg,mild,stair,1
aug_003172.jpg,img_003600.jpg,mild,stair,1
aug_003173.jpg,img_003601.jpg,mild,stair,1
aug_003174.jpg,img_003602.jpg,mild,stair,1
aug_003175.jpg,img_003603.jpg,mild,stair,1
aug_003176.jpg,img_003604.jpg,mild,stair,1
aug_003177.jpg,img_003605.jpg,mild,stair,1
aug_003178.jpg,img_003606.jpg,mild,stair,1
aug_003179.jpg,img_003607.jpg,mild,stair,1
aug_003180.jpg,img_003608.jpg,mild,stair,1
aug_003181.jpg,img_003609.jpg,mild,stair,1
aug_003182.jpg,img_003610.jpg,mild,stair,1
aug_003183.jpg,img_003611.jpg,mild,stair,1
aug_003184.jpg,img_003612.jpg,mild,stair,1
aug_003185.jpg,img_003613.jpg,mild,stair,1
aug_003186.jpg,img_003614.jpg,mild,stair,1
aug_003187.jpg,img_003615.jpg,mild,stair,1
aug_003188.jpg,img_003616.jpg,mild,stair,1
aug_003189.jpg,img_003617.jpg,mild,stair,1
aug_003190.jpg,img_003618.jpg,mild,stair,1
aug_003191.jpg,img_003619.jpg,mild,stair,1
aug_003192.jpg,img_003620.jpg,mild,stair,1
aug_003193.jpg,img_003621.jpg,mild,stair,1
aug_003194.jpg,img_003622.jpg,mild,stair,1
aug_003195.jpg,img_003623.jpg,mild,stair,1
aug_003196.jpg,img_003624.jpg,mild,stair,1
aug_003197.jpg,img_003625.jpg,mild,stair,1
aug_003198.jpg,img_003626.jpg,mild,stair,1
aug_003199.jpg,img_003627.jpg,mild,stair,1
aug_003200.jpg,img_003628.jpg,mild,stair,1
aug_003201.jpg,img_003629.jpg,mild,stair,1
aug_003202.jpg,img_003630.jpg,mild,stair,1
aug_003203.jpg,img_003631.jpg,mild,stair,1
aug_003204.jpg,img_003632.jpg,mild,stair,1
aug_003205.jpg,img_003633.jpg,mild,stair,1
aug_003206.jpg,img_003634.jpg,mild,stair,1
aug_003207.jpg,img_003635.jpg,mild,stair,1
aug_003208.jpg,img_003636.jpg,mild,stair,1
aug_003209.jpg,img_003637.jpg,mild,stair,1
aug_003210.jpg,img_003638.jpg,mild,stair,1
aug_003211.jpg,img_003639.jpg,mild,stair,1
aug_003212.jpg,img_003640.jpg,mild,stair,1
aug_003213.jpg,img_003641.jpg,mild,stair,1
aug_003214.jpg,img_003642.jpg,mild,stair,1
aug_003215.jpg,img_003643.jpg,mild,stair,1
aug_003216.jpg,img_003644.jpg,mild,stair,1
aug_003217.jpg,img_003645.jpg,mild,stair,1
aug_003218.jpg,img_003646.jpg,mild,stair,1
aug_003219.jpg,img_003647.jpg,mild,stair,1
aug_003220.jpg,img_003648.jpg,mild,stair,1
aug_003221.jpg,img_003649.jpg,mild,stair,1
aug_003222.jpg,img_003650.jpg,mild,stair,1
aug_003223.jpg,img_003651.jpg,mild,stair,1
aug_003224.jpg,img_003652.jpg,mild,stair,1
aug_003225.jpg,img_003653.jpg,mild,stair,1
aug_003226.jpg,img_003654.jpg,mild,stair,1
aug_003227.jpg,img_003655.jpg,mild,stair,1
aug_003228.jpg,img_003656.jpg,mild,stair,1
aug_003229.jpg,img_003657.jpg,mild,stair,1
aug_003230.jpg,img_003658.jpg,mild,stair,1
aug_003231.jpg,img_003659.jpg,mild,stair,1
aug_003232.jpg,img_003660.jpg,mild,stair,1
aug_003233.jpg,img_003661.jpg,mild,stair,1
aug_003234.jpg,img_003662.jpg,mild,stair,1
aug_003235.jpg,img_003663.jpg,mild,stair,1
aug_003236.jpg,img_003664.jpg,mild,stair,1
aug_003237.jpg,img_003665.jpg,mild,stair,1
aug_003238.jpg,img_003666.jpg,mild,stair,1
aug_003239.jpg,img_003667.jpg,mild,stair,1
aug_003240.jpg,img_003668.jpg,mild,stair,1
aug_003241.jpg,img_003669.jpg,mild,stair,1
aug_003242.jpg,img_003670.jpg,mild,stair,1
aug_003243.jpg,img_003671.jpg,mild,stair,1
aug_003244.jpg,img_003672.jpg,mild,stair,1
aug_003245.jpg,img_003673.jpg,mild,stair,1
aug_003246.jpg,img_003674.jpg,mild,stair,1
aug_003247.jpg,img_003675.jpg,mild,stair,1
aug_003248.jpg,img_003676.jpg,mild,stair,1
aug_003249.jpg,img_003677.jpg,mild,stair,1
aug_003250.jpg,img_003678.jpg,mild,stair,1
aug_003251.jpg,img_003679.jpg,mild,stair,1
aug_003252.jpg,img_003680.jpg,mild,stair,1
aug_003253.jpg,img_003681.jpg,mild,stair,1
aug_003254.jpg,img_003682.jpg,mild,stair,1
aug_003255.jpg,img_003683.jpg,mild,stair,1
aug_003256.jpg,img_003684.jpg,mild,stair,1
aug_003257.jpg,img_003685.jpg,mild,stair,1
aug_003258.jpg,img_003686.jpg,mild,stair,1
aug_003259.jpg,img_003687.jpg,mild,stair,1
aug_003260.jpg,img_003688.jpg,mild,stair,1
aug_003261.jpg,img_003689.jpg,mild,stair,1
aug_003262.jpg,img_003690.jpg,mild,stair,1
aug_003263.jpg,img_003691.jpg,mild,stair,1
aug_003264.jpg,img_003692.jpg,mild,stair,1
aug_003265.jpg,img_003693.jpg,mild,stair,1
aug_003266.jpg,img_003694.jpg,mild,stair,1
aug_003267.jpg,img_003695.jpg,mild,stair,1
aug_003268.jpg,img_003696.jpg,mild,stair,1
aug_003269.jpg,img_003697.jpg,mild,stair,1
aug_003270.jpg,img_003698.jpg,mild,stair,1
aug_003271.jpg,img_003699.jpg,mild,stair,1
aug_003272.jpg,img_003700.jpg,mild,stair,1
aug_003273.jpg,img_003701.jpg,mild,stair,1
aug_003274.jpg,img_003702.jpg,mild,stair,1
aug_003275.jpg,img_003703.jpg,mild,stair,1
aug_003276.jpg,img_003704.jpg,mild,stair,1
aug_003277.jpg,img_003705.jpg,mild,stair,1
aug_003278.jpg,img_003706.jpg,mild,stair,1
aug_003279.jpg,img_003707.jpg,mild,stair,1
aug_003280.jpg,img_003708.jpg,mild,stair,1
aug_003281.jpg,img_003709.jpg,mild,stair,1
aug_003282.jpg,img_003710.jpg,mild,stair,1
aug_003283.jpg,img_003711.jpg,mild,stair,1
aug_003284.jpg,img_003712.jpg,mild,stair,1
aug_003285.jpg,img_003713.jpg,mild,stair,1
aug_003286.jpg,img_003714.jpg,mild,stair,1
aug_003287.jpg,img_003715.jpg,mild,stair,1
aug_003288.jpg,img_003716.jpg,mild,stair,1
aug_003289.jpg,img_003717.jpg,mild,stair,1
aug_003290.jpg,img_003718.jpg,mild,stair,1
aug_003291.jpg,img_003719.jpg,mild,stair,1
aug_003292.jpg,img_003720.jpg,mild,stair,1
aug_003293.jpg,img_003721.jpg,mild,stair,1
aug_003294.jpg,img_003722.jpg,mild,stair,1
aug_003295.jpg,img_003723.jpg,mild,stair,1
aug_003296.jpg,img_003724.jpg,mild,stair,1
aug_003297.jpg,img_003725.jpg,mild,stair,1
aug_003298.jpg,img_003726.jpg,mild,stair,1
aug_003299.jpg,img_003727.jpg,mild,stair,1
aug_003300.jpg,img_003728.jpg,mild,stair,1
aug_003301.jpg,img_003729.jpg,mild,stair,1
aug_003302.jpg,img_003730.jpg,mild,stair,1
aug_003303.jpg,img_003731.jpg,mild,stair,1
aug_003304.jpg,img_003732.jpg,mild,stair,1
aug_003305.jpg,img_003733.jpg,mild,stair,1
aug_003306.jpg,img_003734.jpg,mild,stair,1
aug_003307.jpg,img_003735.jpg,mild,stair,1
aug_003308.jpg,img_003736.jpg,mild,stair,1
aug_003309.jpg,img_003737.jpg,mild,stair,1
aug_003310.jpg,img_003738.jpg,mild,stair,1
aug_003311.jpg,img_003739.jpg,mild,stair,1
aug_003312.jpg,img_003740.jpg,mild,stair,1
aug_003313.jpg,img_003741.jpg,mild,stair,1
aug_003314.jpg,img_003742.jpg,mild,stair,1
aug_003315.jpg,img_003743.jpg,mild,stair,1
aug_003316.jpg,img_003744.jpg,mild,stair,1
aug_003317.jpg,img_003745.jpg,mild,stair,1
aug_003318.jpg,img_003746.jpg,mild,stair,1
aug_003319.jpg,img_003747.jpg,mild,stair,1
aug_003320.jpg,img_003748.jpg,mild,stair,1
aug_003321.jpg,img_003749.jpg,mild,stair,1
aug_003322.jpg,img_003750.jpg,mild,stair,1
aug_003323.jpg,img_003751.jpg,mild,stair,1
aug_003324.jpg,img_003752.jpg,mild,stair,1
aug_003325.jpg,img_003753.jpg,mild,stair,1
aug_003326.jpg,img_003754.jpg,mild,stair,1
aug_003327.jpg,img_003755.jpg,mild,stair,1
aug_003328.jpg,img_003756.jpg,mild,stair,1
aug_003329.jpg,img_003757.jpg,mild,stair,1
aug_003330.jpg,img_003758.jpg,mild,stair,1
aug_003331.jpg,img_003759.jpg,mild,stair,1
aug_003332.jpg,img_003760.jpg,mild,stair,1
aug_003333.jpg,img_003761.jpg,mild,stair,1
aug_003334.jpg,img_003762.jpg,mild,stair,1
aug_003335.jpg,img_003763.jpg,mild,stair,1
aug_003336.jpg,img_003764.jpg,mild,stair,1
aug_003337.jpg,img_003765.jpg,mild,stair,1
aug_003338.jpg,img_003766.jpg,mild,stair,1
aug_003339.jpg,img_003767.jpg,mild,stair,1
aug_003340.jpg,img_003768.jpg,mild,stair,1
aug_003341.jpg,img_003769.jpg,mild,stair,1
aug_003342.jpg,img_003770.jpg,mild,stair,1
aug_003343.jpg,img_003771.jpg,mild,stair,1
aug_003344.jpg,img_003772.jpg,mild,stair,1
aug_003345.jpg,img_003773.jpg,mild,stair,1
aug_003346.jpg,img_003774.jpg,mild,stair,1
aug_003347.jpg,img_003775.jpg,mild,stair,1
aug_003348.jpg,img_003776.jpg,mild,stair,1
aug_003349.jpg,img_003777.jpg,mild,stair,1
aug_003350.jpg,img_003778.jpg,mild,stair,1
aug_003351.jpg,img_003779.jpg,mild,stair,1
aug_003352.jpg,img_003780.jpg,mild,stair,1
aug_003353.jpg,img_003781.jpg,mild,stair,1
aug_003354.jpg,img_003782.jpg,mild,stair,1
aug_003355.jpg,img_003783.jpg,mild,stair,1
aug_003356.jpg,img_003784.jpg,mild,stair,1
aug_003357.jpg,img_003785.jpg,mild,stair,1
aug_003358.jpg,img_003786.jpg,mild,stair,1
aug_003359.jpg,img_003787.jpg,mild,stair,1
aug_003360.jpg,img_003788.jpg,mild,stair,1
aug_003361.jpg,img_003789.jpg,mild,stair,1
aug_003362.jpg,img_003790.jpg,mild,stair,1
aug_003363.jpg,img_003791.jpg,mild,stair,1
aug_003364.jpg,img_003792.jpg,mild,stair,1
aug_003365.jpg,img_003793.jpg,mild,stair,1
aug_003366.jpg,img_003794.jpg,mild,stair,1
aug_003367.jpg,img_003795.jpg,mild,stair,1
aug_003368.jpg,img_003796.jpg,mild,stair,1
aug_003369.jpg,img_003797.jpg,mild,stair,1
aug_003370.jpg,img_003798.jpg,mild,stair,1
aug_003371.jpg,img_003799.jpg,mild,stair,1
aug_003372.jpg,img_003800.jpg,mild,stair,1
aug_003373.jpg,img_003801.jpg,mild,stair,1
aug_003374.jpg,img_003802.jpg,mild,stair,1
aug_003375.jpg,img_003803.jpg,mild,stair,1
aug_003376.jpg,img_003804.jpg,mild,stair,1
aug_003377.jpg,img_003805.jpg,mild,stair,1
aug_003378.jpg,img_003806.jpg,mild,stair,1
aug_003379.jpg,img_003807.jpg,mild,stair,1
aug_003380.jpg,img_003808.jpg,mild,stair,1
aug_003381.jpg,img_003809.jpg,mild,stair,1
aug_003382.jpg,img_003810.jpg,mild,stair,1
aug_003383.jpg,img_003811.jpg,mild,stair,1
aug_003384.jpg,img_003812.jpg,mild,stair,1
aug_003385.jpg,img_003813.jpg,mild,stair,1
aug_003386.jpg,img_003814.jpg,mild,stair,1
aug_003387.jpg,img_003815.jpg,mild,stair,1
aug_003388.jpg,img_003816.jpg,mild,stair,1
aug_003389.jpg,img_003817.jpg,mild,stair,1
aug_003390.jpg,img_003818.jpg,mild,stair,1
aug_003391.jpg,img_003819.jpg,mild,stair,1
aug_003392.jpg,img_003820.jpg,mild,stair,1
aug_003393.jpg,img_003821.jpg,mild,stair,1
aug_003394.jpg,img_003822.jpg,mild,stair,1
aug_003395.jpg,img_003823.jpg,mild,stair,1
aug_003396.jpg,img_003824.jpg,mild,stair,1
aug_003397.jpg,img_003825.jpg,mild,stair,1
aug_003398.jpg,img_003826.jpg,mild,stair,1
aug_003399.jpg,img_003827.jpg,mild,stair,1
aug_003400.jpg,img_003828.jpg,mild,stair,1
aug_003401.jpg,img_003829.jpg,mild,stair,1
aug_003402.jpg,img_003830.jpg,mild,stair,1
aug_003403.jpg,img_003831.jpg,mild,stair,1
aug_003404.jpg,img_003832.jpg,mild,stair,1
aug_003405.jpg,img_003833.jpg,mild,stair,1
aug_003406.jpg,img_003834.jpg,mild,stair,1
aug_003407.jpg,img_003835.jpg,mild,stair,1
aug_003408.jpg,img_003836.jpg,mild,stair,1
aug_003409.jpg,img_003837.jpg,mild,stair,1
aug_003410.jpg,img_003838.jpg,mild,stair,1
aug_003411.jpg,img_003839.jpg,mild,stair,1
aug_003412.jpg,img_003840.jpg,mild,stair,1
aug_003413.jpg,img_003841.jpg,mild,stair,1
aug_003414.jpg,img_003842.jpg,mild,stair,1
aug_003415.jpg,img_003843.jpg,mild,stair,1
aug_003416.jpg,img_003844.jpg,mild,stair,1
aug_003417.jpg,img_003845.jpg,mild,stair,1
aug_003418.jpg,img_003846.jpg,mild,stair,1
aug_003419.jpg,img_003847.jpg,mild,stair,1
aug_003420.jpg,img_003848.jpg,mild,stair,1
aug_003421.jpg,img_003849.jpg,mild,stair,1
aug_003422.jpg,img_003850.jpg,mild,stair,1
aug_003423.jpg,img_003851.jpg,mild,stair,6
aug_003424.jpg,img_003852.jpg,mild,stair,1
aug_003425.jpg,img_003853.jpg,mild,stair,1
aug_003426.jpg,img_003854.jpg,mild,stair,2
aug_003427.jpg,img_003855.jpg,mild,stair,1
aug_003428.jpg,img_003856.jpg,mild,stair,1
aug_003429.jpg,img_003857.jpg,mild,stair,1
aug_003430.jpg,img_003858.jpg,mild,stair,1
aug_003431.jpg,img_003859.jpg,mild,stair,2
aug_003432.jpg,img_003860.jpg,mild,stair,1
aug_003433.jpg,img_003861.jpg,mild,stair,1
aug_003434.jpg,img_003862.jpg,mild,stair,1
aug_003435.jpg,img_003863.jpg,mild,stair,1
aug_003436.jpg,img_003864.jpg,mild,stair,1
aug_003437.jpg,img_003865.jpg,mild,stair,1
aug_003438.jpg,img_003866.jpg,mild,stair,1
aug_003439.jpg,img_003867.jpg,mild,stair,1
aug_003440.jpg,img_003868.jpg,mild,stair,1
aug_003441.jpg,img_003869.jpg,mild,stair,1
aug_003442.jpg,img_003870.jpg,mild,stair,1
aug_003443.jpg,img_003871.jpg,mild,stair,1
aug_003444.jpg,img_003872.jpg,mild,stair,1
aug_003445.jpg,img_003873.jpg,mild,stair,1
aug_003446.jpg,img_003874.jpg,mild,stair,1
aug_003447.jpg,img_003875.jpg,mild,stair,1
aug_003448.jpg,img_003876.jpg,mild,stair,1
aug_003449.jpg,img_003877.jpg,mild,stair,1
aug_003450.jpg,img_003878.jpg,mild,stair,2
aug_003451.jpg,img_003879.jpg,mild,stair,1
aug_003452.jpg,img_003880.jpg,mild,stair,1
aug_003453.jpg,img_003881.jpg,mild,stair,2
aug_003454.jpg,img_003882.jpg,mild,stair,1
aug_003455.jpg,img_003883.jpg,mild,stair,1
aug_003456.jpg,img_003884.jpg,mild,stair,1
aug_003457.jpg,img_003885.jpg,mild,stair,3
aug_003458.jpg,img_003886.jpg,mild,stair,1
aug_003459.jpg,img_003887.jpg,mild,stair,1
aug_003460.jpg,img_003888.jpg,mild,stair,1
aug_003461.jpg,img_003889.jpg,mild,stair,1
aug_003462.jpg,img_003890.jpg,mild,stair,2
aug_003463.jpg,img_003891.jpg,mild,stair,2
aug_003464.jpg,img_003892.jpg,mild,stair,2
aug_003465.jpg,img_003893.jpg,mild,stair,2
aug_003466.jpg,img_003894.jpg,mild,stair,1
aug_003467.jpg,img_003895.jpg,mild,stair,2
aug_003468.jpg,img_003896.jpg,mild,stair,1
aug_003469.jpg,img_003897.jpg,mild,stair,1
aug_003470.jpg,img_003898.jpg,mild,stair,1
aug_003471.jpg,img_003899.jpg,mild,stair,1
aug_003472.jpg,img_003900.jpg,mild,stair,6
aug_003473.jpg,img_003901.jpg,mild,stair,1
aug_003474.jpg,img_003902.jpg,mild,stair,1
aug_003475.jpg,img_003903.jpg,mild,stair,2
aug_003476.jpg,img_003904.jpg,mild,stair,2
aug_003477.jpg,img_003905.jpg,mild,stair,1
aug_003478.jpg,img_003906.jpg,mild,stair,1
aug_003479.jpg,img_003907.jpg,mild,stair,2
aug_003480.jpg,img_003908.jpg,mild,stair,1
aug_003481.jpg,img_003909.jpg,mild,stair,1
aug_003482.jpg,img_003910.jpg,mild,stair,2
aug_003483.jpg,img_003911.jpg,mild,stair,1
aug_003484.jpg,img_003912.jpg,mild,stair,1
aug_003485.jpg,img_003913.jpg,mild,stair,1
aug_003486.jpg,img_003914.jpg,mild,stair,3
aug_003487.jpg,img_003915.jpg,mild,stair,1
aug_003488.jpg,img_003916.jpg,mild,stair,1
aug_003489.jpg,img_003917.jpg,mild,stair,2
aug_003490.jpg,img_003918.jpg,mild,stair,1
aug_003491.jpg,img_003919.jpg,mild,stair,1
aug_003492.jpg,img_003920.jpg,mild,stair,1
aug_003493.jpg,img_003921.jpg,mild,stair,1
aug_003494.jpg,img_003922.jpg,mild,stair,1
aug_003495.jpg,img_003923.jpg,mild,stair,1
aug_003496.jpg,img_003924.jpg,mild,stair,1
aug_003497.jpg,img_003925.jpg,mild,stair,1
aug_003498.jpg,img_003926.jpg,mild,stair,6
aug_003499.jpg,img_003927.jpg,mild,stair,1
aug_003500.jpg,img_003928.jpg,mild,stair,1
aug_003501.jpg,img_003929.jpg,mild,stair,1
aug_003502.jpg,img_003930.jpg,mild,stair,1
aug_003503.jpg,img_003931.jpg,mild,stair,1
aug_003504.jpg,img_003932.jpg,mild,stair,1
aug_003505.jpg,img_003933.jpg,mild,stair,2
aug_003506.jpg,img_003934.jpg,mild,stair,3
aug_003507.jpg,img_003935.jpg,mild,stair,1
aug_003508.jpg,img_003936.jpg,mild,stair,1
aug_003509.jpg,img_003937.jpg,mild,stair,1
aug_003510.jpg,img_003938.jpg,mild,stair,1
aug_003511.jpg,img_003939.jpg,mild,stair,1
aug_003512.jpg,img_003940.jpg,mild,stair,1
aug_003513.jpg,img_003941.jpg,mild,stair,1
aug_003514.jpg,img_003942.jpg,mild,stair,1
aug_003515.jpg,img_003943.jpg,mild,stair,1
aug_003516.jpg,img_003944.jpg,mild,stair,1
aug_003517.jpg,img_003945.jpg,mild,stair,1
aug_003518.jpg,img_003946.jpg,mild,stair,6
aug_003519.jpg,img_003947.jpg,mild,stair,2
aug_003520.jpg,img_003948.jpg,mild,stair,1
aug_003521.jpg,img_003949.jpg,mild,stair,1
aug_003522.jpg,img_003950.jpg,mild,stair,1
aug_003523.jpg,img_003951.jpg,mild,stair,2
aug_003524.jpg,img_003952.jpg,mild,stair,1
aug_003525.jpg,img_003953.jpg,mild,stair,1
aug_003526.jpg,img_003954.jpg,mild,stair,1
aug_003527.jpg,img_003955.jpg,mild,stair,1
aug_003528.jpg,img_003956.jpg,mild,stair,1
aug_003529.jpg,img_003957.jpg,mild,stair,1
aug_003530.jpg,img_003958.jpg,mild,stair,1
aug_003531.jpg,img_003959.jpg,mild,stair,1
aug_003532.jpg,img_003960.jpg,mild,stair,2
aug_003533.jpg,img_003961.jpg,mild,stair,1
aug_003534.jpg,img_003962.jpg,mild,stair,3
aug_003535.jpg,img_003963.jpg,mild,stair,1
aug_003536.jpg,img_003964.jpg,mild,stair,2
aug_003537.jpg,img_003965.jpg,mild,stair,1
aug_003538.jpg,img_003966.jpg,mild,stair,1
aug_003539.jpg,img_003967.jpg,mild,stair,3
aug_003540.jpg,img_003968.jpg,mild,stair,1
aug_003541.jpg,img_003969.jpg,mild,stair,1
aug_003542.jpg,img_003970.jpg,mild,stair,1
aug_003543.jpg,img_003971.jpg,mild,stair,4
aug_003544.jpg,img_003972.jpg,mild,stair,2
aug_003545.jpg,img_003973.jpg,mild,stair,1
aug_003546.jpg,img_003974.jpg,mild,stair,2
aug_003547.jpg,img_003975.jpg,mild,stair,1
aug_003548.jpg,img_003976.jpg,mild,stair,3
aug_003549.jpg,img_003977.jpg,mild,stair,1
aug_003550.jpg,img_003978.jpg,mild,stair,1
aug_003551.jpg,img_003979.jpg,mild,stair,1
aug_003552.jpg,img_003980.jpg,mild,stair,1
aug_003553.jpg,img_003981.jpg,mild,stair,1
aug_003554.jpg,img_003982.jpg,mild,stair,1
aug_003555.jpg,img_003983.jpg,mild,stair,1
aug_003556.jpg,img_003984.jpg,mild,stair,1
aug_003557.jpg,img_003985.jpg,mild,stair,1
aug_003558.jpg,img_003986.jpg,mild,stair,1
aug_003559.jpg,img_003987.jpg,mild,stair,1
aug_003560.jpg,img_003988.jpg,mild,stair,1
aug_003561.jpg,img_003989.jpg,mild,stair,1
aug_003562.jpg,img_003990.jpg,mild,stair,1
aug_003563.jpg,img_003991.jpg,mild,stair,1
aug_003564.jpg,img_003992.jpg,mild,stair,1
aug_003565.jpg,img_003993.jpg,mild,stair,1
aug_003566.jpg,img_003994.jpg,mild,stair,1
aug_003567.jpg,img_003995.jpg,mild,stair,1
aug_003568.jpg,img_003996.jpg,mild,stair,1
aug_003569.jpg,img_003997.jpg,mild,stair,1
aug_003570.jpg,img_003998.jpg,mild,stair,1
aug_003571.jpg,img_003999.jpg,mild,stair,1
aug_003572.jpg,img_004000.jpg,mild,stair,1
aug_003573.jpg,img_004001.jpg,mild,stair,1
aug_003574.jpg,img_004002.jpg,mild,stair,1
aug_003575.jpg,img_004003.jpg,mild,stair,1
aug_003576.jpg,img_004004.jpg,mild,stair,1
aug_003577.jpg,img_004005.jpg,mild,stair,2
aug_003578.jpg,img_004006.jpg,mild,stair,1
aug_003579.jpg,img_004007.jpg,mild,stair,1
aug_003580.jpg,img_004008.jpg,mild,stair,1
aug_003581.jpg,img_004009.jpg,mild,stair,1
aug_003582.jpg,img_004010.jpg,mild,stair,1
aug_003583.jpg,img_004011.jpg,mild,stair,1
aug_003584.jpg,img_004012.jpg,mild,stair,2
aug_003585.jpg,img_004013.jpg,mild,stair,1
aug_003586.jpg,img_004014.jpg,mild,stair,2
aug_003587.jpg,img_004015.jpg,mild,stair,1
aug_003588.jpg,img_004016.jpg,mild,stair,1
aug_003589.jpg,img_004017.jpg,mild,stair,1
aug_003590.jpg,img_004018.jpg,mild,stair,2
aug_003591.jpg,img_004019.jpg,mild,stair,3
aug_003592.jpg,img_004020.jpg,mild,stair,1
aug_003593.jpg,img_004021.jpg,mild,stair,1
aug_003594.jpg,img_004022.jpg,mild,stair,2
aug_003595.jpg,img_004023.jpg,mild,stair,1
aug_003596.jpg,img_004024.jpg,mild,stair,1
aug_003597.jpg,img_004025.jpg,mild,stair,3
aug_003598.jpg,img_004026.jpg,mild,stair,2
aug_003599.jpg,img_004027.jpg,mild,stair,2
aug_003600.jpg,img_004028.jpg,mild,stair,1
aug_003601.jpg,img_004029.jpg,mild,stair,1
aug_003602.jpg,img_004030.jpg,mild,stair,1
aug_003603.jpg,img_004031.jpg,mild,stair,1
aug_003604.jpg,img_004032.jpg,mild,stair,1
aug_003605.jpg,img_004033.jpg,mild,stair,2
aug_003606.jpg,img_004034.jpg,mild,stair,2
aug_003607.jpg,img_004035.jpg,mild,stair,1
aug_003608.jpg,img_004036.jpg,mild,stair,1
aug_003609.jpg,img_004037.jpg,mild,stair,1
aug_003610.jpg,img_004038.jpg,mild,stair,1
aug_003611.jpg,img_004039.jpg,mild,stair,1
aug_003612.jpg,img_004040.jpg,mild,stair,1
aug_003613.jpg,img_004041.jpg,mild,stair,1
aug_003614.jpg,img_004042.jpg,mild,stair,1
aug_003615.jpg,img_004043.jpg,mild,stair,2
aug_003616.jpg,img_004044.jpg,mild,stair,1
aug_003617.jpg,img_004045.jpg,mild,stair,1
aug_003618.jpg,img_004046.jpg,mild,stair,1
aug_003619.jpg,img_004047.jpg,mild,stair,1
aug_003620.jpg,img_004048.jpg,mild,stair,1
aug_003621.jpg,img_004049.jpg,mild,stair,1
aug_003622.jpg,img_004050.jpg,mild,stair,1
aug_003623.jpg,img_004051.jpg,mild,stair,1
aug_003624.jpg,img_004052.jpg,mild,stair,1
aug_003625.jpg,img_004053.jpg,mild,stair,1
aug_003626.jpg,img_004054.jpg,mild,stair,1
aug_003627.jpg,img_004055.jpg,mild,stair,1
aug_003628.jpg,img_004056.jpg,mild,stair,1
aug_003629.jpg,img_004057.jpg,mild,stair,1
aug_003630.jpg,img_004058.jpg,mild,stair,1
aug_003631.jpg,img_004059.jpg,mild,stair,1
aug_003632.jpg,img_004060.jpg,mild,stair,1
aug_003633.jpg,img_004061.jpg,mild,stair,1
aug_003634.jpg,img_004062.jpg,mild,stair,1
aug_003635.jpg,img_004063.jpg,mild,stair,1
aug_003636.jpg,img_004064.jpg,mild,stair,1
aug_003637.jpg,img_004065.jpg,mild,stair,1
aug_003638.jpg,img_004066.jpg,mild,stair,1
aug_003639.jpg,img_004067.jpg,mild,stair,1
aug_003640.jpg,img_004068.jpg,mild,stair,1
aug_003641.jpg,img_004069.jpg,mild,stair,1
aug_003642.jpg,img_004070.jpg,mild,stair,1
aug_003643.jpg,img_004071.jpg,mild,stair,1
aug_003644.jpg,img_004072.jpg,mild,stair,1
aug_003645.jpg,img_004073.jpg,mild,stair,1
aug_003646.jpg,img_004074.jpg,mild,stair,1
aug_003647.jpg,img_004075.jpg,mild,stair,1
aug_003648.jpg,img_004076.jpg,mild,stair,1
aug_003649.jpg,img_004077.jpg,mild,stair,1
aug_003650.jpg,img_004078.jpg,mild,stair,1
aug_003651.jpg,img_004079.jpg,mild,stair,1
aug_003652.jpg,img_004080.jpg,mild,stair,1
aug_003653.jpg,img_004081.jpg,mild,stair,1
aug_003654.jpg,img_004082.jpg,mild,stair,1
aug_003655.jpg,img_004083.jpg,mild,stair,1
aug_003656.jpg,img_004084.jpg,mild,stair,1
aug_003657.jpg,img_004085.jpg,mild,stair,1
aug_003658.jpg,img_004086.jpg,mild,stair,1
aug_003659.jpg,img_004087.jpg,mild,stair,1
aug_003660.jpg,img_004088.jpg,mild,stair,1
aug_003661.jpg,img_004089.jpg,mild,stair,1
aug_003662.jpg,img_004090.jpg,mild,stair,1
aug_003663.jpg,img_004091.jpg,mild,stair,1
aug_003664.jpg,img_004092.jpg,mild,stair,1
aug_003665.jpg,img_004093.jpg,mild,stair,1
aug_003666.jpg,img_004094.jpg,mild,stair,1
aug_003667.jpg,img_004095.jpg,mild,stair,1
aug_003668.jpg,img_004096.jpg,mild,stair,1
aug_003669.jpg,img_004097.jpg,mild,stair,1
aug_003670.jpg,img_004098.jpg,mild,stair,1
aug_003671.jpg,img_004099.jpg,mild,stair,1
aug_003672.jpg,img_004100.jpg,mild,stair,1
aug_003673.jpg,img_004101.jpg,mild,stair,1
aug_003674.jpg,img_004102.jpg,mild,stair,1
aug_003675.jpg,img_004103.jpg,mild,stair,1
aug_003676.jpg,img_004104.jpg,mild,stair,1
aug_003677.jpg,img_004105.jpg,mild,stair,1
aug_003678.jpg,img_004106.jpg,mild,stair,1
aug_003679.jpg,img_004107.jpg,mild,stair,1
aug_003680.jpg,img_004108.jpg,mild,stair,1
aug_003681.jpg,img_004109.jpg,mild,stair,1
aug_003682.jpg,img_004110.jpg,mild,stair,1
aug_003683.jpg,img_004111.jpg,mild,stair,1
aug_003684.jpg,img_004112.jpg,mild,stair,1
aug_003685.jpg,img_004113.jpg,mild,stair,1
aug_003686.jpg,img_004114.jpg,mild,stair,1
aug_003687.jpg,img_004115.jpg,mild,stair,1
aug_003688.jpg,img_004116.jpg,mild,stair,1
aug_003689.jpg,img_004117.jpg,mild,stair,1
aug_003690.jpg,img_004118.jpg,mild,stair,1
aug_003691.jpg,img_004119.jpg,mild,stair,1
aug_003692.jpg,img_004120.jpg,mild,stair,1
aug_003693.jpg,img_004121.jpg,mild,stair,1
aug_003694.jpg,img_004122.jpg,mild,stair,1
aug_003695.jpg,img_004123.jpg,mild,stair,1
aug_003696.jpg,img_004124.jpg,mild,stair,1
aug_003697.jpg,img_004125.jpg,mild,stair,1
aug_003698.jpg,img_004126.jpg,mild,stair,1
aug_003699.jpg,img_004127.jpg,mild,stair,1
aug_003700.jpg,img_004128.jpg,mild,stair,1
aug_003701.jpg,img_004129.jpg,mild,stair,1
aug_003702.jpg,img_004130.jpg,mild,stair,1
aug_003703.jpg,img_004131.jpg,mild,stair,1
aug_003704.jpg,img_004132.jpg,mild,stair,1
aug_003705.jpg,img_004133.jpg,mild,stair,1
aug_003706.jpg,img_004134.jpg,mild,stair,1
aug_003707.jpg,img_004135.jpg,mild,stair,1
aug_003708.jpg,img_004136.jpg,mild,stair,1
aug_003709.jpg,img_004137.jpg,mild,stair,1
aug_003710.jpg,img_004138.jpg,mild,stair,1
aug_003711.jpg,img_004139.jpg,mild,stair,1
aug_003712.jpg,img_004140.jpg,mild,stair,1
aug_003713.jpg,img_004141.jpg,mild,stair,1
aug_003714.jpg,img_004142.jpg,mild,stair,1
aug_003715.jpg,img_004143.jpg,mild,stair,1
aug_003716.jpg,img_004144.jpg,mild,stair,1
aug_003717.jpg,img_004145.jpg,mild,stair,1
aug_003718.jpg,img_004146.jpg,mild,stair,1
aug_003719.jpg,img_004147.jpg,mild,stair,1
aug_003720.jpg,img_004148.jpg,mild,stair,1
aug_003721.jpg,img_004149.jpg,mild,stair,1
aug_003722.jpg,img_004150.jpg,mild,stair,1
aug_003723.jpg,img_004151.jpg,mild,stair,1
aug_003724.jpg,img_004152.jpg,mild,stair,1
aug_003725.jpg,img_004153.jpg,mild,stair,1
aug_003726.jpg,img_004154.jpg,mild,stair,1
aug_003727.jpg,img_004155.jpg,mild,stair,1
aug_003728.jpg,img_004156.jpg,mild,stair,1
aug_003729.jpg,img_004157.jpg,mild,stair,1
aug_003730.jpg,img_004158.jpg,mild,stair,1
aug_003731.jpg,img_004159.jpg,mild,stair,1
aug_003732.jpg,img_004160.jpg,mild,stair,1
aug_003733.jpg,img_004161.jpg,mild,stair,1
aug_003734.jpg,img_004162.jpg,mild,stair,1
aug_003735.jpg,img_004163.jpg,mild,stair,1
aug_003736.jpg,img_004164.jpg,mild,stair,1
aug_003737.jpg,img_004165.jpg,mild,stair,1
aug_003738.jpg,img_004166.jpg,mild,stair,1
aug_003739.jpg,img_004167.jpg,mild,stair,1
aug_003740.jpg,img_004168.jpg,mild,stair,1
aug_003741.jpg,img_004169.jpg,mild,stair,1
aug_003742.jpg,img_004170.jpg,mild,stair,1
aug_003743.jpg,img_004171.jpg,mild,stair,1
aug_003744.jpg,img_004172.jpg,mild,stair,1
aug_003745.jpg,img_004173.jpg,mild,stair,1
aug_003746.jpg,img_004174.jpg,mild,stair,1
aug_003747.jpg,img_004175.jpg,mild,stair,1
aug_003748.jpg,img_004176.jpg,mild,stair,1
aug_003749.jpg,img_004177.jpg,mild,stair,1
aug_003750.jpg,img_004178.jpg,mild,stair,1
aug_003751.jpg,img_004179.jpg,mild,stair,1
aug_003752.jpg,img_004180.jpg,mild,stair,1
aug_003753.jpg,img_004181.jpg,mild,stair,1
aug_003754.jpg,img_004182.jpg,mild,stair,1
aug_003755.jpg,img_004183.jpg,mild,stair,1
aug_003756.jpg,img_004184.jpg,mild,stair,1
aug_003757.jpg,img_004185.jpg,mild,stair,1
aug_003758.jpg,img_004186.jpg,mild,stair,1
aug_003759.jpg,img_004187.jpg,mild,stair,2
aug_003760.jpg,img_004188.jpg,mild,stair,2
aug_003761.jpg,img_004189.jpg,mild,stair,2
aug_003762.jpg,img_004190.jpg,mild,stair,1
aug_003763.jpg,img_004191.jpg,mild,stair,1
aug_003764.jpg,img_004192.jpg,mild,stair,2
aug_003765.jpg,img_004193.jpg,mild,stair,1
aug_003766.jpg,img_004194.jpg,mild,stair,1
aug_003767.jpg,img_004195.jpg,mild,stair,1
aug_003768.jpg,img_004196.jpg,mild,stair,1
aug_003769.jpg,img_004197.jpg,mild,stair,1
aug_003770.jpg,img_004198.jpg,mild,stair,2
aug_003771.jpg,img_004199.jpg,mild,stair,1
aug_003772.jpg,img_004200.jpg,mild,stair,1
aug_003773.jpg,img_004201.jpg,mild,stair,2
aug_003774.jpg,img_004202.jpg,mild,stair,1
aug_003775.jpg,img_004203.jpg,mild,stair,1
aug_003776.jpg,img_004204.jpg,mild,stair,1
aug_003777.jpg,img_004205.jpg,mild,stair,1
aug_003778.jpg,img_004206.jpg,mild,stair,1
aug_003779.jpg,img_004207.jpg,mild,stair,1
aug_003780.jpg,img_004208.jpg,mild,stair,1
aug_003781.jpg,img_004209.jpg,mild,stair,1
aug_003782.jpg,img_004210.jpg,mild,stair,1
aug_003783.jpg,img_004211.jpg,mild,stair,1
aug_003784.jpg,img_004212.jpg,mild,stair,1
aug_003785.jpg,img_004213.jpg,mild,stair,1
aug_003786.jpg,img_004214.jpg,mild,stair,1
aug_003787.jpg,img_004215.jpg,mild,stair,1
aug_003788.jpg,img_004216.jpg,mild,stair,2
aug_003789.jpg,img_004217.jpg,mild,stair,1
aug_003790.jpg,img_004218.jpg,mild,stair,1
aug_003791.jpg,img_004219.jpg,mild,stair,1
aug_003792.jpg,img_004220.jpg,mild,stair,1
aug_003793.jpg,img_004221.jpg,mild,stair,1
aug_003794.jpg,img_004222.jpg,mild,stair,1
aug_003795.jpg,img_004223.jpg,mild,stair,1
aug_003796.jpg,img_004224.jpg,mild,stair,1
aug_003797.jpg,img_004225.jpg,mild,stair,1
aug_003798.jpg,img_004226.jpg,mild,stair,1
aug_003799.jpg,img_004227.jpg,mild,stair,1
aug_003800.jpg,img_004228.jpg,mild,stair,1
aug_003801.jpg,img_004229.jpg,mild,stair,1
aug_003802.jpg,img_004230.jpg,mild,stair,1
aug_003803.jpg,img_004231.jpg,mild,stair,1
aug_003804.jpg,img_004232.jpg,mild,stair,1
aug_003805.jpg,img_004233.jpg,mild,stair,1
aug_003806.jpg,img_004234.jpg,mild,stair,1
aug_003807.jpg,img_004235.jpg,mild,stair,1
aug_003808.jpg,img_004236.jpg,mild,stair,1
aug_003809.jpg,img_004237.jpg,mild,stair,1
aug_003810.jpg,img_004238.jpg,mild,stair,1
aug_003811.jpg,img_004239.jpg,mild,stair,1
aug_003812.jpg,img_004240.jpg,mild,stair,1
aug_003813.jpg,img_004241.jpg,mild,stair,1
aug_003814.jpg,img_004242.jpg,mild,stair,1
aug_003815.jpg,img_004243.jpg,mild,stair,1
aug_003816.jpg,img_004244.jpg,mild,stair,1
aug_003817.jpg,img_004245.jpg,mild,stair,1
aug_003818.jpg,img_004246.jpg,mild,stair,1
aug_003819.jpg,img_004247.jpg,mild,stair,1
aug_003820.jpg,img_004248.jpg,mild,stair,1
aug_003821.jpg,img_004249.jpg,mild,stair,1
aug_003822.jpg,img_004250.jpg,mild,stair,1
aug_003823.jpg,img_004251.jpg,mild,stair,1
aug_003824.jpg,img_004252.jpg,mild,stair,1
aug_003825.jpg,img_004253.jpg,mild,stair,1
aug_003826.jpg,img_004326.jpg,mild,stair,2
aug_003827.jpg,img_004327.jpg,mild,stair,2
aug_003828.jpg,img_004350.jpg,mild,stair,4
aug_003829.jpg,img_004351.jpg,mild,stair,3
aug_003830.jpg,img_004352.jpg,mild,stair,2
aug_003831.jpg,img_004353.jpg,mild,stair,2
aug_003832.jpg,img_004354.jpg,mild,stair,2
aug_003833.jpg,img_004364.jpg,mild,stair,1
aug_003834.jpg,img_004365.jpg,mild,stair,1
aug_003835.jpg,img_004366.jpg,mild,stair,1
aug_003836.jpg,img_004367.jpg,mild,stair,2
aug_003837.jpg,img_004368.jpg,mild,stair,1
aug_003838.jpg,img_004369.jpg,mild,stair,3
aug_003839.jpg,img_004370.jpg,mild,stair,1
aug_003840.jpg,img_004371.jpg,mild,stair,1
aug_003841.jpg,img_004373.jpg,mild,stair,4
aug_003842.jpg,img_004374.jpg,mild,stair,4
aug_003843.jpg,img_004375.jpg,mild,stair,4
aug_003844.jpg,img_004382.jpg,mild,stair,2
aug_003845.jpg,img_004385.jpg,mild,stair,1
aug_003846.jpg,img_004386.jpg,mild,stair,1
aug_003847.jpg,img_004387.jpg,mild,stair,1
aug_003848.jpg,img_004515.jpg,mild,stair,4
aug_003849.jpg,img_004618.jpg,mild,stair,13
aug_003850.jpg,img_004619.jpg,mild,stair,13
aug_003851.jpg,img_004620.jpg,mild,stair,8
aug_003852.jpg,img_004621.jpg,mild,stair,8
aug_003853.jpg,img_004622.jpg,mild,stair,5
aug_003854.jpg,img_004623.jpg,mild,stair,8
aug_003855.jpg,img_004624.jpg,mild,stair,6
aug_003856.jpg,img_004625.jpg,mild,stair,7
aug_003857.jpg,img_004626.jpg,mild,stair,5
aug_003858.jpg,img_004627.jpg,mild,stair,6
aug_003859.jpg,img_004629.jpg,mild,stair,2
aug_003860.jpg,img_004630.jpg,mild,stair,2
aug_003861.jpg,img_004631.jpg,mild,stair,2
aug_003862.jpg,img_004632.jpg,mild,stair,7
aug_003863.jpg,img_004648.jpg,mild,stair,2
aug_003864.jpg,img_004649.jpg,mild,stair,3
