Category,Area,Ratio,Size_COCO,Center_X,Center_Y
dog,87530.4041,1.1781560700003668,Large (>96²),0.5306884765625,0.7814123159303883
dog,88159.83390000001,1.1429445864688725,Large (>96²),0.5207861328125,0.7819745649263722
dog,88738.81199999999,1.939872825883673,Large (>96²),0.43775390625,0.49615384615384617
dog,85071.4004,0.5958291430688615,Large (>96²),0.335107421875,0.3379785330948122
dog,174150.96360000002,0.8966440516439382,Large (>96²),0.711923828125,0.3942128801431127
dog,53053.8818,2.1848167875248667,Large (>96²),0.526171875,0.5110286225402505
dog,161163.661,0.7711692004812426,Large (>96²),0.65763671875,0.3459716796875
dog,166916.7682,2.2384736514446844,Large (>96²),0.55376953125,0.5014404296875
dog,52200.349500000004,1.8475221607472188,Large (>96²),0.45854980468749995,0.49270019531250003
dog,326283.2253,0.5734796961380901,Large (>96²),0.7887841796874999,0.3683056640625
dog,17734.693,1.207707542498762,Large (>96²),0.5655908203125,0.46981699346405226
dog,17099.9107,0.6729188884009786,Large (>96²),0.4361669921875,0.4566078431372549
dog,175964.888,0.8693487441653701,Large (>96²),0.484921875,0.5424183006535948
dog,22426.141499999998,0.8168869575713682,Large (>96²),0.3421044921875,0.49000653594771243
dog,11076.7404,0.4377042997234095,Large (>96²),0.4636865234375,0.49090196078431375
dog,16432.7,1.030970297029703,Large (>96²),0.5682812500000001,0.5217320261437909
dog,258886.3033,1.4238174526863816,Large (>96²),0.5717236328124999,0.5474444444444445
dog,17677.430699999997,0.8291897815218136,Large (>96²),0.5834619140624999,0.6078366013071895
dog,10217.06,0.577593984962406,Large (>96²),0.518955078125,0.7444444444444445
dog,58489.56,1.9164281625643962,Large (>96²),0.521875,0.6622875816993464
dog,88566.59700000001,1.1068688796973876,Large (>96²),0.612841796875,0.48683006535947715
dog,64076.595,3.1203768318213534,Large (>96²),0.6763427734375,0.5311764705882354
dog,22326.3525,0.42186481199739184,Large (>96²),0.37937011718749997,0.7033006535947712
dog,29662.8926,0.43497740675499735,Large (>96²),0.4372998046875,0.6358562091503268
dog,39327.587600000006,0.47279914011303353,Large (>96²),0.5066601562499999,0.7657320261437908
dog,7890.351299999999,0.6477303615112802,Medium,0.3459521484375,0.640281045751634
dog,57163.1682,0.41741879695184564,Large (>96²),0.4230810546875,0.6156470588235294
dog,48894.7954,0.73041394503923,Large (>96²),0.616689453125,0.514202614379085
dog,13817.865600000001,0.5157624633431085,Large (>96²),0.42655273437499996,0.4760261437908496
dog,94733.0982,0.7139680448031626,Large (>96²),0.44819824218750004,0.34526797385620916
dog,7152.1639,0.6856947028297269,Medium,0.1806591796875,0.4497581699346405
dog,37047.2361,0.7566773624983052,Large (>96²),0.6296044921875,0.585156862745098
dog,10886.9018,0.5087155649736824,Large (>96²),0.382041015625,0.13613725490196077
dog,26506.962000000003,0.4920080996079445,Large (>96²),0.42373046875000003,0.5059542483660131
dog,7020.869,0.5542425588627277,Medium,0.5252050781250001,0.4552614379084967
dog,21764.4411,0.6138934622125445,Large (>96²),0.5519677734375,0.5243725490196078
dog,27559.744,1.4282629040385861,Large (>96²),0.3625,0.4411176470588235
dog,20078.760000000002,1.2120270375262217,Large (>96²),0.2744140625,0.4099803921568627
dog,36255.5039,0.6644548139903249,Large (>96²),0.47499511718750004,0.3539803921568628
dog,25258.5042,0.7251781599957134,Large (>96²),0.591474609375,0.46838562091503266
dog,18479.2899,0.596500198852338,Large (>96²),0.7133837890625,0.4457581699346405
dog,2192.9375,3.0103742126713597,Medium,0.10663705583756346,0.5015984654731458
dog,3898.1844,1.4522292993630572,Medium,0.29855297157622734,0.4202941176470588
dog,1899.06,0.5060398302317989,Medium,0.4433846153846154,0.5728172588832487
dog,1833.7279999999998,0.5039787798408488,Medium,0.44591836734693874,0.5743734015345268
dog,6637.2735,0.42882404951370473,Medium,0.32604901960784316,0.3940391459074733
dog,10050.2136,1.0449678800856532,Large (>96²),0.66576171875,0.4999113475177305
dog,8998.0048,2.2990728900255757,Medium,0.740046875,0.7795000000000001
dog,12630.138299999999,2.4712547209399918,Large (>96²),0.7239531250000001,0.8138541666666668
dog,8245.875,2.2928130732032685,Medium,0.78515625,0.5382708333333334
dog,7998.9156,1.3657389259114072,Medium,0.8335625,0.7572708333333333
dog,2259.6731,2.066223162987602,Medium,0.10679687499999999,0.3825208333333333
dog,16547.4444,2.264124459001053,Large (>96²),0.43975,0.5233125
dog,24116.2362,0.5446725596426195,Large (>96²),0.41476562499999997,0.5616249999999999
dog,4907.6939999999995,0.9972915181753383,Medium,0.64459375,0.7306041666666668
dog,2033.0464000000002,1.9176904176904175,Medium,0.130125,0.5589166666666666
dog,30812.600000000002,0.6361034122404471,Large (>96²),0.33334375,0.5223958333333333
dog,3728.572,1.2739371534195933,Medium,0.66646875,0.593875
dog,19067.7032,0.48898566870917104,Large (>96²),0.62090625,0.5832291666666667
dog,15363.3375,0.4550204081632653,Large (>96²),0.565546875,0.6172291666666666
dog,18338.782799999997,0.549225633448257,Large (>96²),0.48234374999999996,0.5880624999999999
dog,1220.3028,1.5778496943545488,Medium,0.257375,0.48202083333333334
dog,2804.4864,1.5139405204460965,Medium,0.7263125,0.5665833333333333
dog,2969.1711999999998,1.657844990548204,Medium,0.7158749999999999,0.562125
dog,17388.7488,0.4884460462158151,Large (>96²),0.45128124999999997,0.59475
dog,17313.7608,0.4982565313019688,Large (>96²),0.4498125,0.6053958333333334
dog,2803.0704,1.3695844385499558,Medium,0.6645312499999999,0.5706666666666667
dog,18193.279000000002,0.4950185175525533,Large (>96²),0.44646875,0.5990625
dog,15655.785600000001,0.48747279727693765,Large (>96²),0.41384375,0.5832291666666667
dog,16647.754,0.4809459822628326,Large (>96²),0.41193749999999996,0.5959375
dog,16257.280799999999,0.5089240754210261,Large (>96²),0.38390625,0.6119375
dog,3174.4068,1.283071974266184,Medium,0.59559375,0.5786666666666667
dog,15230.398799999999,0.4429942832488405,Large (>96²),0.38356250000000003,0.6137083333333333
dog,3304.5359999999996,1.193462561763588,Medium,0.56984375,0.5813333333333333
dog,14572.3778,0.4319703816627648,Large (>96²),0.3921875,0.5996458333333333
dog,2796.1814999999997,1.263124335812965,Medium,0.5517031250000001,0.5719791666666667
dog,14627.2509,0.43568192981498666,Large (>96²),0.392953125,0.5953125
dog,20299.383,0.4745672565515908,Large (>96²),0.524484375,0.458
dog,8452.654799999998,0.44397738802725034,Medium,0.44078125,0.545875
dog,9286.536,0.480506401956553,Large (>96²),0.42078125,0.5535
dog,10237.554000000002,0.5238197424892703,Large (>96²),0.419140625,0.5777083333333334
dog,11173.6238,0.5782317818861953,Large (>96²),0.43028125,0.6056041666666666
dog,9710.0736,0.4784500912536852,Large (>96²),0.42565624999999996,0.6476666666666666
dog,30258.218100000002,1.0071539837304562,Large (>96²),0.4953906249999999,0.6388958333333333
dog,30174.228000000003,1.0190027894002789,Large (>96²),0.499234375,0.6415000000000001
dog,30354.825,1.0201159420289856,Large (>96²),0.4988906249999999,0.640625
dog,28862.699999999997,0.9699710144927536,Large (>96²),0.48668750000000005,0.640625
dog,30241.2732,1.73666262503789,Large (>96²),0.35807812499999997,0.39645833333333336
dog,10546.0146,0.9282296650717703,Large (>96²),0.386375,0.7050625
dog,6771.0507,0.6458638538919816,Medium,0.319484375,0.7641041666666666
dog,27548.121600000002,2.128691983122363,Large (>96²),0.38228125,0.7525833333333334
dog,5089.6372,2.139840065614107,Medium,0.6125312500000001,0.8025208333333332
dog,4229.687,1.9001695633743112,Medium,0.5891093749999999,0.785375
dog,3604.4811,2.2607062359128474,Medium,0.17667187499999998,0.8907708333333333
dog,2696.38,2.8058064516129035,Medium,0.37059375,0.7930416666666668
dog,1946.0028,1.7013601419278532,Medium,0.80475,0.8065833333333333
dog,18901.0393,2.090335471658429,Large (>96²),0.527953125,0.5033125
dog,23996.9145,2.148263790330211,Large (>96²),0.6125468749999999,0.42214583333333333
dog,25848.1963,2.199335854625957,Large (>96²),0.565265625,0.4324791666666667
dog,21384.4188,0.8144285361639102,Large (>96²),0.306453125,0.6223333333333334
dog,9084.8816,0.9123158633129572,Medium,0.69825,0.5942291666666667
dog,7738.5936,1.19240317775571,Medium,0.57125,0.587375
dog,13649.5296,1.156480117820324,Large (>96²),0.43196874999999996,0.39691666666666664
dog,9921.445,1.0490488431876606,Large (>96²),0.46296875000000004,0.6470208333333333
dog,14802.311999999998,2.003257328990228,Large (>96²),0.299,0.798875
dog,9782.157199999998,1.3713000236798485,Large (>96²),0.296875,0.7853333333333333
dog,6891.279999999999,1.6013719512195124,Medium,0.524828125,0.6314583333333333
dog,5702.1204,1.964179658500371,Medium,0.834609375,0.6799583333333333
dog,4564.4872,1.7576530612244896,Medium,0.770203125,0.68375
dog,4559.3763,1.792782074162205,Medium,0.7780156249999999,0.6536458333333334
dog,2922.0312,0.8497612551159618,Medium,0.392953125,0.564875
dog,3260.9796,1.0725426187885383,Medium,0.46090625,0.4950833333333333
dog,3351.6,1.06875,Medium,0.32792187500000003,0.5420416666666666
dog,2929.3614,0.8847758081334723,Medium,0.345171875,0.5504166666666667
dog,3191.825,0.548983606557377,Medium,0.608375,0.6206875000000001
dog,15375.423999999999,1.231430105602291,Large (>96²),0.4506562499999999,0.5866666666666667
dog,11086.911600000001,1.275555078837284,Large (>96²),0.4483125,0.5905208333333333
dog,17216.281,1.0532655455612046,Large (>96²),0.3546875,0.6968958333333333
dog,3102.2564999999995,1.5218161683277962,Medium,0.311921875,0.7659374999999999
dog,2096.6998,1.2827108582735591,Medium,0.4286875,0.7248541666666667
dog,36612.2644,0.6513834992407626,Large (>96²),0.412328125,0.49391666666666667
dog,7959.775000000001,0.6603515802896438,Medium,0.88671875,0.6106874999999999
dog,41476.554,0.8047749096995859,Large (>96²),0.29134374999999996,0.48512500000000003
dog,4430.51,0.493509234828496,Medium,0.38396874999999997,0.7807291666666667
dog,11107.5921,0.9361057559900853,Large (>96²),0.501765625,0.7688541666666667
dog,5437.7408,1.0396847345132745,Medium,0.375296875,0.5951249999999999
dog,4144.2764,1.1702234918501093,Medium,0.34709375,0.7090208333333333
dog,8793.3456,1.4815680166147456,Medium,0.7148749999999999,0.5042500000000001
dog,10183.673200000001,1.259201601245413,Large (>96²),0.34259375,0.5710208333333334
dog,8673.8477,1.5844032977429383,Medium,0.644921875,0.5638958333333334
dog,9802.5727,1.2350432147266808,Large (>96²),0.287796875,0.5953125
dog,11737.152,1.538990037787702,Large (>96²),0.63765625,0.6298541666666666
dog,6766.9521,0.8942407173238305,Medium,0.820734375,0.7006875
dog,4832.6458999999995,1.1898634865840263,Medium,0.881484375,0.4296041666666666
dog,3596.0924999999997,1.295312203454166,Medium,0.649578125,0.4570208333333333
dog,3932.2496000000006,0.45977508650519033,Medium,0.08459375,0.5885
dog,4443.935399999999,1.8202792956891318,Medium,0.7930625,0.5334791666666666
dog,2374.8634,0.8372136687945927,Medium,0.570921875,0.5623333333333334
dog,6470.55,0.7041518881702483,Medium,0.10546875,0.6198333333333333
dog,5218.773,1.7699815837937385,Medium,0.715703125,0.3735416666666667
dog,4045.6171999999997,1.7015996718621822,Medium,0.443453125,0.3411666666666667
dog,6474.1974,1.3353439609363782,Medium,0.8523125,0.4330625
dog,10084.7712,2.4729094895082993,Large (>96²),0.362625,0.29450000000000004
dog,6100.836,1.5896690879741726,Medium,0.8348749999999999,0.38656250000000003
dog,10640.939400000001,2.162959794696322,Large (>96²),0.32951562500000003,0.26245833333333335
dog,5427.5675,1.3961507618283882,Medium,0.645109375,0.3763958333333333
dog,5183.0,1.028169014084507,Medium,0.8828125,0.43366666666666664
dog,3298.5984000000003,1.073980512450379,Medium,0.47078125000000004,0.872375
dog,1778.3588,1.0704121687929344,Medium,0.694453125,0.7099166666666666
dog,2105.9808000000003,1.0507035961581415,Medium,0.49681250000000005,0.7070624999999999
dog,8000.222399999999,0.8992790500424088,Medium,0.59215625,0.6600416666666666
dog,1010.055,0.6437768240343348,Small (<32²),0.43178125000000006,0.6519375000000001
dog,6441.714400000001,0.8009589652096342,Medium,0.552359375,0.6642500000000001
dog,886.1759999999999,0.8318014705882353,Small (<32²),0.423734375,0.6457916666666665
dog,7299.093000000001,1.0050457639051866,Medium,0.499703125,0.6619166666666667
dog,6654.9216,0.9116338951310862,Medium,0.5018906249999999,0.6485
dog,6592.751400000001,0.9702778114764042,Medium,0.5104062500000001,0.6508958333333333
dog,6932.4599,1.4306852463726476,Medium,0.513671875,0.6571458333333333
dog,10692.432,1.1748427672955974,Large (>96²),0.8248749999999999,0.7994583333333334
dog,11921.5152,1.2831206556696753,Large (>96²),0.8065312500000001,0.7876041666666667
dog,11498.034599999999,0.9430356819416772,Large (>96²),0.8163281250000001,0.7699583333333334
dog,11316.560000000001,1.0071698113207548,Large (>96²),0.8022187500000001,0.7711666666666667
dog,10864.088,0.9322834645669291,Large (>96²),0.8135,0.7734791666666666
dog,11386.9604,1.1529482793318575,Large (>96²),0.8209687499999999,0.760875
dog,11509.012499999999,0.9731494252873563,Large (>96²),0.834609375,0.7734375
dog,9213.0522,0.8787967574958493,Medium,0.8280937500000001,0.7827708333333333
dog,9739.409899999999,1.0310731556744521,Large (>96²),0.823265625,0.7841041666666667
dog,8290.1808,0.9247993240388678,Medium,0.8164999999999999,0.7840416666666667
dog,8075.3712,0.8229355945891378,Medium,0.8018437500000001,0.7845
dog,6592.9920999999995,0.6064064448067517,Medium,0.790203125,0.7653958333333333
dog,1426.2248,0.8896103896103895,Medium,0.2366875,0.7083333333333334
dog,10218.4443,0.7453241096592365,Large (>96²),0.595984375,0.7491041666666667
dog,1913.9784,1.0133456051541647,Medium,0.27493749999999995,0.6790833333333333
dog,9910.7904,0.6930924903830071,Large (>96²),0.58653125,0.7508750000000001
dog,3601.5735,0.6016543880056869,Medium,0.717265625,0.7271875
dog,8238.809799999999,0.6364035858674635,Medium,0.583171875,0.7526666666666666
dog,5785.276,0.9697048161574315,Medium,0.69778125,0.6886666666666666
dog,9641.25,1.09696,Large (>96²),0.22340625000000003,0.8046875
dog,8275.4816,0.68917685709071,Medium,0.64925,0.7717083333333332
dog,10185.0,1.3302857142857143,Large (>96²),0.224375,0.8177083333333334
dog,8424.6489,0.706879179261702,Medium,0.647953125,0.7725625
dog,9641.8,1.2241126760563381,Large (>96²),0.23650000000000002,0.8151041666666666
dog,12280.1184,1.1113013698630136,Large (>96²),0.69034375,0.7727916666666667
dog,9530.8248,1.3861553304389773,Large (>96²),0.2149375,0.82725
dog,6318.4356,0.6245774507854445,Medium,0.62290625,0.7859166666666667
dog,7479.6568,0.49471372804163954,Medium,0.485671875,0.34104166666666663
dog,16306.553700000002,0.630417210719393,Large (>96²),0.690953125,0.33506250000000004
dog,8738.126100000001,0.7659395187716506,Medium,0.5492343749999999,0.3833958333333333
dog,11729.733600000001,0.870359204065811,Large (>96²),0.56153125,0.6539791666666666
dog,5937.275000000001,0.581337819117356,Medium,0.091796875,0.453625
dog,2669.4355000000005,0.5747615553925165,Medium,0.9388281249999999,0.4344375
dog,17973.943,1.0488121610266596,Large (>96²),0.60384375,0.6738125
dog,8550.1152,0.9562182741116751,Medium,0.14128125,0.6570833333333332
dog,3783.0,0.6608511763150938,Medium,0.921875,0.46141666666666664
dog,16114.252499999999,1.1331656184486372,Large (>96²),0.595234375,0.6894375
dog,4492.5,0.5564830272676684,Medium,0.921875,0.5118541666666666
dog,16359.1755,1.1294557540506855,Large (>96²),0.554859375,0.6829791666666666
dog,15599.1879,0.7275148535136242,Large (>96²),0.7254531249999999,0.5498541666666666
dog,3215.1,0.3810145874156325,Medium,0.0546875,0.6497083333333333
dog,20390.730799999998,0.5076339686658018,Large (>96²),0.634,0.5824583333333333
dog,4280.531199999999,0.8220620842572063,Medium,0.0926875,0.5184166666666666
dog,16553.6756,1.841172748365324,Large (>96²),0.27278125000000003,0.7687083333333333
dog,8107.264,0.6113233761722822,Medium,0.49546875,0.6236250000000001
dog,7963.984,0.570412999322952,Medium,0.42074999999999996,0.6732499999999999
dog,12124.145999999999,0.603655094552639,Large (>96²),0.388484375,0.47929166666666667
dog,9292.200499999999,0.5377710155952834,Large (>96²),0.507609375,0.5828541666666667
dog,11240.4204,0.5395967574308874,Large (>96²),0.38340625,0.4857708333333334
dog,4194.4716,0.6813663013000255,Medium,0.5535625,0.715
dog,5203.263099999999,0.9473755228714072,Medium,0.450203125,0.7049791666666666
dog,4947.043199999999,0.9769533445756042,Medium,0.45518749999999997,0.722875
dog,3623.3999999999996,0.5343047965998786,Medium,0.5349062499999999,0.7045625
dog,2145.2247,0.5104118463674225,Medium,0.593390625,0.7381875
dog,2732.0679,0.7985980509488801,Medium,0.113203125,0.7641875
dog,2144.8217,1.2447602987231994,Medium,0.9192968749999999,0.8069375
dog,2426.4633999999996,0.4452722839338933,Medium,0.814515625,0.7874583333333334
dog,16071.044799999998,0.8007341003741089,Large (>96²),0.17725,0.7048541666666667
dog,1582.8645000000001,0.44936815501263694,Medium,0.9583593749999999,0.7590208333333334
dog,4137.4509,0.6998309272987385,Medium,0.702546875,0.7591458333333333
dog,3820.5070000000005,0.6400465959099145,Medium,0.499140625,0.74775
dog,4421.8575,0.661651376146789,Medium,0.49729687499999997,0.7171875
dog,5495.825,0.6528610354223433,Medium,0.57146875,0.7206458333333333
dog,3677.8819999999996,0.45305216426193123,Medium,0.5611875,0.7102499999999999
dog,4270.9926,0.5196337966026914,Medium,0.561890625,0.7087083333333334
dog,5974.3944,0.8807673627974746,Medium,0.563875,0.7225
dog,3142.4967,1.4857577734290062,Medium,0.10679687499999999,0.7347291666666667
dog,9538.6626,0.5383517391630981,Large (>96²),0.88803125,0.6731458333333333
dog,4148.0960000000005,1.196501358695652,Medium,0.7519843749999999,0.7597916666666666
dog,3229.4634,1.049576347575266,Medium,0.532375,0.8010625
dog,3381.406,0.804287476866132,Medium,0.722078125,0.7322916666666667
dog,9667.1992,0.4949198626216371,Large (>96²),0.891953125,0.6619583333333333
dog,11904.225,0.624909433415447,Large (>96²),0.865234375,0.6725416666666668
dog,13394.0386,1.2220842487343586,Large (>96²),0.5006875,0.6933541666666667
dog,2839.5628,1.072289156626506,Medium,0.1143125,0.7487083333333333
dog,2523.4812,0.8035331905781585,Medium,0.722640625,0.7851250000000001
dog,20126.9375,0.5608932059335903,Large (>96²),0.833984375,0.5977708333333334
dog,3635.4460999999997,1.2986202986202986,Medium,0.770109375,0.7716875
dog,4571.4344,0.8384344528710725,Medium,0.550421875,0.7354166666666667
dog,4084.4438999999998,0.9646534501306288,Medium,0.542109375,0.7602708333333333
dog,1921.7520000000002,0.7565476190476191,Medium,0.321328125,0.6761666666666667
dog,11365.5604,1.3840211873758552,Large (>96²),0.69334375,0.75475
dog,12096.5229,1.4332208555567647,Large (>96²),0.794296875,0.5230208333333334
dog,7726.4096,1.0004551661356396,Medium,0.8626250000000001,0.5322083333333334
dog,6035.2288,1.7551159618008185,Medium,0.8391875000000001,0.8292083333333333
dog,5889.9456,1.8568892045454546,Medium,0.8365937499999999,0.8444583333333333
dog,6033.244800000001,0.6957689003436427,Medium,0.5836718750000001,0.6714583333333334
dog,2505.2765,0.5742619227857684,Medium,0.712890625,0.7383124999999999
dog,3255.6002999999996,0.550383565206085,Medium,0.6885468749999999,0.7383541666666666
dog,3564.4540000000006,0.5446229913473424,Medium,0.68603125,0.7432083333333334
dog,4826.1327,0.9034067587905322,Medium,0.666953125,0.7686041666666665
dog,1361.3605,0.5995802728226652,Medium,0.582421875,0.7781041666666666
dog,1493.8,0.6350515463917525,Medium,0.610625,0.774625
dog,41728.035200000006,1.1073562744694003,Large (>96²),0.6249375,0.41133333333333333
dog,8621.12,0.998923573735199,Medium,0.6840625,0.589375
dog,1483.3189999999997,1.108529250956807,Medium,0.473515625,0.28491666666666665
dog,11853.971199999998,2.2664546460176993,Large (>96²),0.5907656250000001,0.6975416666666666
dog,3264.7692,1.7119303869933593,Medium,0.5985937499999999,0.4781458333333333
dog,3291.4727999999996,2.1010611419909044,Medium,0.5622187500000001,0.4939166666666666
dog,6839.469000000001,1.6855572998430142,Medium,0.686390625,0.832375
dog,4363.6437000000005,1.1348169650056443,Medium,0.630765625,0.6382291666666667
dog,4727.6523,1.5910842047330767,Medium,0.858171875,0.8822708333333333
dog,6409.291499999999,0.8675974403723093,Medium,0.382171875,0.5592708333333333
dog,5030.161099999999,1.4024044080814826,Medium,0.583078125,0.5726875
dog,7634.770799999999,1.04122387013897,Medium,0.6887812500000001,0.7842708333333334
dog,5245.6838,1.7609014290949065,Medium,0.336828125,0.8862916666666666
dog,5731.8372,1.1690945444158813,Medium,0.6174999999999999,0.5712083333333333
dog,6853.5725999999995,1.7088267803568609,Medium,0.66778125,0.8680625
dog,6298.25,1.2156154487357598,Medium,0.13671875,0.36524999999999996
dog,4970.9765,1.103083569194101,Medium,0.692546875,0.7075208333333334
dog,4390.2312999999995,1.1228210458979688,Medium,0.478203125,0.5313125
dog,2444.96,1.282638570774164,Medium,0.32446875,0.49545833333333333
dog,8600.336,0.542407878017789,Medium,0.44406249999999997,0.6407916666666666
dog,3532.0481999999997,1.4167834968956539,Medium,0.62746875,0.6439791666666667
dog,9346.0689,0.3886631843683498,Large (>96²),0.24520312500000002,0.5921875
dog,12368.0196,1.2946593001841622,Large (>96²),0.5128125,0.21058333333333332
dog,6274.3464,1.5194522253345781,Medium,0.7931874999999999,0.7502083333333333
dog,2060.88,0.9531182795698925,Medium,0.52628125,0.5274166666666666
dog,4279.3608,1.2844767844767846,Medium,0.4805,0.7174583333333333
dog,1786.9812,1.1412686378569623,Medium,0.48203125,0.3584791666666666
dog,2066.7023999999997,0.5104510451045103,Medium,0.4179375,0.4802708333333333
dog,3875.3904999999995,0.7848299416536217,Medium,0.6304218749999999,0.5474374999999999
dog,25315.9143,1.7140623714309224,Large (>96²),0.427140625,0.7062708333333333
dog,11056.0,1.1056,Large (>96²),0.6753750000000001,0.7916666666666666
dog,6529.35,0.6695696202531646,Medium,0.48090625,0.5564375
dog,3006.4479999999994,0.6986280487804878,Medium,0.071640625,0.7929166666666667
dog,6505.1984,1.0043489065606361,Medium,0.126296875,0.8065416666666667
dog,2112.2953,0.8418846077061289,Medium,0.17007812500000002,0.5886875
dog,10858.114800000001,0.6800411522633746,Large (>96²),0.134265625,0.5254166666666666
dog,12250.005599999999,0.8519723125677592,Large (>96²),0.17915625,0.5953125
dog,10635.93,0.9430320150659134,Large (>96²),0.15907812500000001,0.6535416666666667
dog,7438.5864,1.8064516129032258,Medium,0.30090625,0.8663125
dog,7547.949200000001,1.4195008228195283,Medium,0.523171875,0.8480833333333334
dog,8858.894400000001,1.638514891880865,Medium,0.42371875000000003,0.7416874999999999
dog,2179.4036,1.0873352691534508,Medium,0.1986875,0.7721041666666666
dog,2875.782,0.609315866084425,Medium,0.7242500000000001,0.8358333333333333
dog,3604.06,0.9375806451612904,Medium,0.909203125,0.7822916666666667
dog,3211.0919999999996,1.0224839400428265,Medium,0.9033125,0.7591249999999999
dog,9584.1248,1.175897208684094,Large (>96²),0.61215625,0.8015000000000001
dog,2752.9062,0.749381290216136,Medium,0.07096875,0.5811458333333334
dog,2167.837,0.5401736385161799,Medium,0.23431249999999998,0.7656458333333335
dog,2482.5516000000002,0.6383899935856319,Medium,0.25320312500000003,0.7523333333333333
dog,2069.1879,0.6591111904336963,Medium,0.057703125,0.5893958333333332
dog,2521.0296,0.6851302340916585,Medium,0.06493750000000001,0.5938333333333332
dog,2596.676,0.7054557441898797,Medium,0.25246874999999996,0.7539791666666668
dog,2668.8784,0.8234674161250659,Medium,0.07325000000000001,0.5990625
dog,3537.7572999999998,0.584929921563585,Medium,0.073671875,0.6377291666666667
dog,2659.7844,0.6587976078061064,Medium,0.241875,0.7677916666666668
dog,3326.0029,0.6820850637261923,Medium,0.074390625,0.6255624999999999
dog,1904.0736000000002,0.6448288553551711,Medium,0.24712499999999998,0.7828333333333333
dog,3999.282,0.5483606557377049,Medium,0.073171875,0.6516249999999999
dog,3553.5191999999997,0.5502737680438029,Medium,0.06909375,0.6380416666666666
dog,3869.0064,0.5680358657457895,Medium,0.07325000000000001,0.6713541666666667
dog,2743.96,0.5234806629834253,Medium,0.05921875,0.6475416666666667
dog,3573.315,0.5234809973372064,Medium,0.067578125,0.6665833333333334
dog,3167.7516,0.5224091434442019,Medium,0.0635625,0.6658125
dog,3016.6227999999996,0.533581593296981,Medium,0.0626875,0.6565208333333333
dog,2977.6712,0.5661886376172091,Medium,0.06415625,0.6654166666666667
dog,3497.5570999999995,0.6733731094768975,Medium,0.075859375,0.6323958333333333
dog,2334.6592,0.3572488866897575,Medium,0.045125,0.6647916666666667
dog,3487.8418000000006,0.4684204426932437,Medium,0.06315625,0.6536875
dog,4694.5562,0.33168025552660335,Medium,0.06165625,0.7428958333333334
dog,1447.2079999999999,1.2229651162790698,Medium,0.22032812499999999,0.8247916666666666
dog,4011.9847,0.5711728910631189,Medium,0.074828125,0.6558958333333335
dog,1500.7289999999998,1.0586985391766268,Medium,0.22396875,0.8353541666666666
dog,7759.5232000000005,0.6516678885630498,Medium,0.7701718750000001,0.7685
dog,3881.8376,0.42714780237071226,Medium,0.063625,0.5505625
dog,3281.537,4.025919439579685,Medium,0.17959375,0.9404791666666666
dog,4589.8125,2.397942857142857,Medium,0.41395312500000003,0.9088541666666666
dog,3229.125,0.919831223628692,Medium,0.58646875,0.6907708333333333
dog,1987.3900999999998,0.6055157968231802,Medium,0.600296875,0.6863541666666667
dog,2349.6448,0.8060751991109465,Medium,0.6173124999999999,0.6831875000000001
dog,2011.06,0.8638341968911917,Medium,0.12665625,0.8431875000000001
dog,3676.9866,1.2146492184660123,Medium,0.15342187499999999,0.88025
dog,1202.713,0.731442663378545,Medium,0.614625,0.9154791666666667
dog,1163.9025000000001,1.1190697674418606,Medium,0.49967187499999993,0.8845208333333333
dog,1144.6590999999999,0.8015347975654935,Medium,0.513671875,0.8941458333333333
dog,1019.7564000000001,1.1376085504342017,Small (<32²),0.5534375,0.905125
dog,544.2624,0.4610011641443539,Small (<32²),0.55615625,0.8755833333333334
dog,18054.7056,1.5571136701337294,Large (>96²),0.35779687499999996,0.6913333333333334
dog,2627.0904000000005,0.7998604083057058,Medium,0.42046875000000006,0.6170625
dog,2180.2200000000003,0.7560521415270018,Medium,0.4211875,0.6750833333333333
dog,1162.8655999999999,0.7853430353430354,Medium,0.32471875,0.6797083333333334
dog,38527.6832,1.2392808529945554,Large (>96²),0.593484375,0.42241666666666666
dog,89953.8288,0.7478015165931436,Large (>96²),0.527325,0.628775
dog,93898.4382,0.9044412029421807,Large (>96²),0.435025,0.5109916666666667
dog,169075.1615,0.5466331025802391,Large (>96²),0.47270624999999994,0.5365249999999999
dog,141399.2647,0.6117478212034861,Large (>96²),0.50881875,0.599375
dog,102620.71,0.5373684210526316,Large (>96²),0.37465625,0.5962166666666667
dog,85784.0828,0.5998360525689505,Large (>96²),0.3822625,0.622025
dog,93772.4304,0.6837869950313242,Large (>96²),0.6553749999999999,0.5367999999999999
dog,107952.98780000002,0.7896630064369558,Large (>96²),0.41420625,0.4559833333333334
dog,175578.4328,0.8695255474452555,Large (>96²),0.54611875,0.5716833333333333
dog,184788.22040000002,0.8393077873918418,Large (>96²),0.528825,0.5987166666666667
dog,235151.8608,1.0094894745566054,Large (>96²),0.49682500000000007,0.5650166666666666
dog,272842.46809999994,1.1363237484949287,Large (>96²),0.45281875,0.540375
dog,250715.5936,0.9618066436853651,Large (>96²),0.6771125000000001,0.5562333333333334
dog,217204.8265,1.228919388216265,Large (>96²),0.64020625,0.5439416666666667
dog,243111.7887,0.8151654428594972,Large (>96²),0.5782312500000001,0.5320083333333333
dog,176585.63999999998,0.8853560232870576,Large (>96²),0.5202,0.6221666666666666
dog,186375.7401,1.0685774489380553,Large (>96²),0.51258125,0.590325
dog,73106.5467,0.7714972549783973,Large (>96²),0.42248125000000003,0.563975
dog,66078.84360000001,0.8136996876864231,Large (>96²),0.3641625,0.5676416666666667
dog,253687.29760000002,0.9315882262762532,Large (>96²),0.3932625,0.5433333333333333
dog,213856.88559999998,0.6523508453262541,Large (>96²),0.52766875,0.4933833333333333
dog,82175.18040000001,0.4114159133625705,Large (>96²),0.46684375,0.6275666666666667
dog,83918.133,0.606219426974144,Large (>96²),0.34845624999999997,0.5664666666666667
dog,56381.744,0.5894335230212107,Large (>96²),0.4322125,0.60645
dog,48473.8111,0.6823622106329494,Large (>96²),0.35364375,0.6310749999999999
dog,31547.789399999998,1.124985071061746,Large (>96²),0.35245625,0.67455
dog,47587.8312,1.3684577434577436,Large (>96²),0.45878125,0.6112666666666666
dog,110127.94320000001,0.841876797168768,Large (>96²),0.47413125,0.60245
dog,328999.67100000003,1.2816287056408637,Large (>96²),0.59141875,0.5594
dog,178677.6644,0.6149564959278705,Large (>96²),0.41493750000000007,0.5466416666666667
dog,144161.562,0.5678674208593827,Large (>96²),0.21536249999999998,0.5724416666666667
dog,139138.2001,0.6766268992436103,Large (>96²),0.40235624999999997,0.620425
dog,111389.14259999999,0.8204689789936493,Large (>96²),0.18894375,0.69295
dog,204046.7115,1.1031925035459345,Large (>96²),0.35250625,0.6250583333333333
dog,90960.5181,0.9382085621607733,Large (>96²),0.62008125,0.7325416666666666
dog,202086.0446,0.9121502475089761,Large (>96²),0.6894875,0.5603416666666666
dog,96378.76289999999,1.274151910700651,Large (>96²),0.51420625,0.5638249999999999
dog,107527.41,1.2697938144329897,Large (>96²),0.41170625,0.7348166666666667
dog,67034.7456,0.6643999496285102,Large (>96²),0.46169999999999994,0.5288833333333333
dog,55738.2912,0.9209007397772538,Large (>96²),0.3339125,0.5808833333333334
dog,50685.474,1.0979242297309875,Large (>96²),0.5141,0.5175166666666666
dog,66183.8288,1.4273905168810663,Large (>96²),0.47480000000000006,0.5603083333333333
dog,111505.103,1.4500901550667147,Large (>96²),0.46476875,0.4586666666666667
dog,139749.53759999998,1.5648507562575291,Large (>96²),0.6768875,0.5496833333333332
dog,82818.2982,1.333400208650991,Large (>96²),0.79230625,0.5859000000000001
dog,53435.111399999994,0.9009197667734253,Large (>96²),0.48423125,0.5316666666666666
dog,51795.4268,0.6654957344612517,Large (>96²),0.4266125,0.5610999999999999
dog,62613.7387,0.8494972190504254,Large (>96²),0.48451875,0.583925
dog,70817.538,0.5928476361321683,Large (>96²),0.45269999999999994,0.6162333333333333
dog,167028.62,1.0460722240296305,Large (>96²),0.438175,0.6522249999999999
dog,85784.5612,1.1938372006267253,Large (>96²),0.36636250000000004,0.61825
dog,55567.538,1.0806579643676135,Large (>96²),0.5185437500000001,0.7710166666666667
dog,138582.8298,1.3115424844644066,Large (>96²),0.36068124999999995,0.6760166666666667
dog,129958.6757,1.3111520503128673,Large (>96²),0.46858125,0.7174916666666666
dog,59978.0986,1.3166846272782644,Large (>96²),0.3592874999999999,0.6868416666666667
dog,49629.364199999996,1.2398660468835907,Large (>96²),0.39496250000000005,0.7050749999999999
dog,35897.3334,1.4565258933690044,Large (>96²),0.447725,0.6769916666666667
dog,28313.652900000005,1.4656450104324052,Large (>96²),0.32924375,0.608125
dog,22219.2768,0.790255248091603,Large (>96²),0.33930625,0.5384666666666668
dog,40499.587499999994,0.521219730941704,Large (>96²),0.38215625000000003,0.5335583333333334
dog,179908.547,0.758722661464216,Large (>96²),0.2309125,0.5647583333333334
dog,220832.3288,1.35006428642073,Large (>96²),0.34415,0.6011333333333333
dog,173806.6446,1.1962065166063278,Large (>96²),0.5397812500000001,0.6574
dog,56546.113399999995,0.6954829206705478,Large (>96²),0.21451875,0.7337666666666667
dog,38028.954,1.2149559122767353,Large (>96²),0.49589375,0.8525666666666666
dog,41221.336,1.3880345848082167,Large (>96²),0.25335,0.6333416666666667
dog,14364.487800000003,1.1875795599199854,Large (>96²),0.8133562499999999,0.7070333333333334
dog,37005.81390000001,0.7386409328508243,Large (>96²),0.38216875,0.686525
dog,22117.8055,1.3405216037368628,Large (>96²),0.59608125,0.7546583333333333
dog,233000.22960000002,1.4487083582685019,Large (>96²),0.46669375,0.6431666666666667
dog,57408.6933,1.0677966101694916,Large (>96²),0.38084375000000004,0.6381083333333334
dog,87056.99740000001,1.0045859093688432,Large (>96²),0.76176875,0.5273666666666667
dog,69003.5724,1.6358944395754214,Large (>96²),0.6061375,0.5455166666666666
dog,63975.43459999999,1.535171940824924,Large (>96²),0.35221874999999997,0.5008833333333332
dog,40032.977,1.0101974179936706,Large (>96²),0.391075,0.5569083333333333
dog,57775.4872,0.818945069839238,Large (>96²),0.48691249999999997,0.504675
dog,122985.5839,1.7671430195974376,Large (>96²),0.52116875,0.6890750000000001
dog,136043.38160000002,1.5086749475507009,Large (>96²),0.5293,0.6451083333333333
dog,109249.20000000001,1.1862787095923812,Large (>96²),0.225,0.534275
dog,72662.83989999999,1.1619546526972448,Large (>96²),0.42584374999999997,0.5276083333333333
dog,29968.0556,0.7033233213835869,Large (>96²),0.34555,0.58055
dog,43249.065899999994,0.6384523763783763,Large (>96²),0.8846312500000001,0.4664583333333333
dog,22326.2182,0.7368300109151491,Large (>96²),0.41791249999999996,0.6284083333333332
dog,52810.3773,0.6252279530674741,Large (>96²),0.44434375000000004,0.4847250000000001
dog,100124.54400000001,0.56611580073713,Large (>96²),0.31755,0.5380083333333333
dog,312868.9017,1.502860148596226,Large (>96²),0.47663125,0.5981916666666666
dog,66119.75690000001,1.1941268964344907,Large (>96²),0.54195625,0.6883916666666666
dog,83248.4497,1.1965348599158359,Large (>96²),0.52801875,0.6980083333333333
dog,35417.914000000004,1.2996728858735158,Large (>96²),0.70236875,0.8016666666666666
dog,57546.5436,1.3474305622762024,Large (>96²),0.17403749999999998,0.6504333333333333
dog,122349.57800000001,1.0817400612530106,Large (>96²),0.4956375,0.6610416666666666
dog,25321.0542,1.357200380701369,Large (>96²),0.8841374999999999,0.6907416666666667
dog,74190.09370000001,1.4498474868485036,Large (>96²),0.36653125000000003,0.5974916666666666
dog,67923.77279999999,0.828896807098442,Large (>96²),0.5559875,0.6565
dog,263656.36699999997,1.0178999489134277,Large (>96²),0.38006874999999996,0.5472
dog,174022.32599999997,0.9392031594842606,Large (>96²),0.49155,0.5797416666666667
dog,95494.962,1.216309778729479,Large (>96²),0.56969375,0.5793166666666667
dog,59561.403000000006,1.115231501514496,Large (>96²),0.59950625,0.6497333333333334
dog,95608.79999999999,0.7377222222222222,Large (>96²),0.6842625,0.7
dog,111946.6265,0.988352399346308,Large (>96²),0.6453812500000001,0.6259416666666666
dog,114297.93000000001,1.638459791004089,Large (>96²),0.36278125000000006,0.6611333333333334
dog,96436.39460000001,1.7080930937250116,Large (>96²),0.46135000000000004,0.6274916666666667
dog,74764.3988,1.6210188116967779,Large (>96²),0.64546875,0.5469166666666666
dog,97014.1263,1.600381787904634,Large (>96²),0.46549375,0.534675
dog,119017.8199,1.4055809477988934,Large (>96²),0.40688124999999997,0.5677749999999999
dog,136190.2192,1.079565290838448,Large (>96²),0.26561250000000003,0.7036833333333334
dog,130995.6822,0.815580008483669,Large (>96²),0.5167875,0.6660416666666666
dog,138664.002,1.564714971950687,Large (>96²),0.3511875,0.751925
dog,93021.3156,1.8064956812973736,Large (>96²),0.38801875,0.8109
dog,92086.4919,2.0094828794319617,Large (>96²),0.48786875,0.5950416666666666
dog,98385.3425,2.2067250769595073,Large (>96²),0.33763125000000005,0.5695583333333334
dog,61859.795600000005,2.38321643597542,Large (>96²),0.37925,0.7188583333333334
dog,17564.188000000002,1.062052877138414,Large (>96²),0.5165625,0.7033166666666667
dog,20056.368000000002,0.8124363543788188,Large (>96²),0.58361875,0.6604166666666667
dog,16213.134399999999,1.1167731761971949,Large (>96²),0.582175,0.5862916666666667
dog,16789.5504,1.5475230414746544,Large (>96²),0.59541875,0.6260166666666666
dog,10960.677599999999,1.1682841214123476,Large (>96²),0.4889875,0.5076333333333333
dog,9428.9626,1.3549508511148405,Large (>96²),0.30525625,0.6169499999999999
dog,7942.2487,1.3158707684386666,Medium,0.52063125,0.596775
dog,13194.359099999998,1.4148286217251735,Large (>96²),0.31076875000000004,0.592025
dog,44976.9204,1.1867166632422437,Large (>96²),0.50271875,0.6198166666666667
dog,24470.471999999998,1.1386084583901772,Large (>96²),0.8956750000000001,0.77655
dog,41489.1471,0.9360661188429202,Large (>96²),0.70471875,0.7630083333333334
dog,48885.8778,1.6337726904844492,Large (>96²),0.53239375,0.5928666666666668
dog,58415.6106,0.629028023889217,Large (>96²),0.36691874999999996,0.6398499999999999
dog,97585.25319999999,1.6005588854689778,Large (>96²),0.7193437500000001,0.7942333333333332
dog,37336.7977,0.5292345920710816,Large (>96²),0.45131874999999994,0.5503416666666667
dog,48651.999,0.5265149022962037,Large (>96²),0.5317562499999999,0.4135666666666667
dog,95672.69399999999,0.5799827649883048,Large (>96²),0.3703,0.4269083333333333
dog,125470.565,1.0822637962935768,Large (>96²),0.5957,0.5824583333333334
dog,131234.0044,0.8187381356778899,Large (>96²),0.43468125,0.5233833333333333
dog,196368.20010000002,0.8475889722227994,Large (>96²),0.37903125000000004,0.5395583333333334
dog,51200.4564,0.8267298882906051,Large (>96²),0.4464125,0.49328333333333335
dog,32065.314,0.77126042177538,Large (>96²),0.4607875,0.5494
dog,33929.022600000004,1.4066061425536025,Large (>96²),0.50865,0.476975
dog,15770.4005,0.8109716744352815,Large (>96²),0.59951875,0.40980833333333333
dog,46514.362400000005,0.7246210925165771,Large (>96²),0.37435625,0.47859999999999997
dog,34297.094999999994,1.003299259018876,Large (>96²),0.627475,0.42844166666666667
dog,127867.29340000002,0.9854255732607851,Large (>96²),0.38915625000000004,0.5360833333333332
dog,12404.0735,0.4674934004542944,Large (>96²),0.9523937500000001,0.42194166666666666
dog,79711.2184,0.9775178596442078,Large (>96²),0.542725,0.4876333333333334
dog,72914.688,1.2915824915824916,Large (>96²),0.197625,0.3763666666666667
dog,162940.1359,1.0355459197821866,Large (>96²),0.74328125,0.4574916666666667
door,4728.9738,0.22736097628622937,Medium,0.5135531496062992,0.3460646900269541
door,86031.0,0.6528925619834711,Large (>96²),0.88427734375,0.2372549019607843
door,97334.3602,0.7658130206726319,Large (>96²),0.306162109375,0.32777124183006534
door,101529.6912,0.5293996757472655,Large (>96²),0.40535156250000004,0.4418627450980392
door,38450.940299999995,0.13772024451636103,Large (>96²),0.5628759765625,0.3989477124183006
door,201526.9671,0.5126720576742109,Large (>96²),0.5085107421875,0.505235294117647
door,63880.641599999995,0.20551729085952075,Large (>96²),0.5719824218749999,0.412078431372549
door,83038.3776,0.5181604716227018,Large (>96²),0.38546386718750003,0.4586143790849674
door,279296.64,0.48867724867724865,Large (>96²),0.264375,0.49411764705882355
door,5007.9445,0.2478367921209989,Medium,0.5221161417322835,0.3587568306010929
door,96101.52750000001,0.41477095668432534,Large (>96²),0.8435791015625,0.3834313725490196
door,48097.0725,0.30616879021067234,Large (>96²),0.6819677734374999,0.39191503267973854
door,40870.31629999999,0.37059230931374026,Large (>96²),0.37845214843749997,0.32021568627450975
door,29641.315199999997,0.15747015166182637,Large (>96²),0.5008203125,0.42981258366800534
door,29091.168,0.15155665114580483,Large (>96²),0.5203125000000001,0.413574297188755
door,33336.261,0.16851027474256938,Large (>96²),0.5171142578125,0.41313253012048196
door,38872.52,0.13261913557443664,Large (>96²),0.60166015625,0.3712182061579652
door,47823.41759999999,0.15943616710487876,Large (>96²),0.6028710937499999,0.37638554216867465
door,30529.727400000003,0.1527535453854069,Large (>96²),0.5164697265625,0.41026773761713525
door,39178.37,0.15003913894324852,Large (>96²),0.6354150390625001,0.34203480589022756
door,25198.873600000003,0.13757973689744607,Large (>96²),0.5464453125000001,0.36682061579651937
door,90705.6663,0.44580663755071276,Large (>96²),0.46040527343750004,0.35268406961178045
door,45206.7,0.17044660194174757,Large (>96²),0.627822265625,0.34471218206157966
door,90492.1667,0.4446390175780817,Large (>96²),0.46748535156250004,0.35265729585006694
door,42902.97319999999,0.15871977842318863,Large (>96²),0.63548828125,0.3481191432396251
door,54114.02160000001,0.36926935033045116,Large (>96²),0.1549609375,0.48404953145917007
door,56909.45259999999,0.3450959146987121,Large (>96²),0.152275390625,0.48320615796519406
door,190793.96999999997,0.633023679417122,Large (>96²),0.3371533203125,0.3674698795180723
door,37996.14,0.5098168498168498,Large (>96²),0.15336614173228347,0.35826771653543305
door,12092.5668,0.1639784946236559,Large (>96²),0.33220156555772995,0.5032105263157894
door,15906.2982,0.3159372493092076,Large (>96²),0.20458904109589038,0.5534473684210527
door,17296.55,0.1859344262295082,Large (>96²),0.388713163064833,0.4023746701846966
door,35672.445,0.39864277595774555,Large (>96²),0.11901197604790419,0.41637602179836514
door,120841.55529999999,0.9035301194935879,Large (>96²),0.7772705078125001,0.327128801431127
door,128382.78619999999,1.0653626778821226,Large (>96²),0.6528271484375,0.31050089445438284
door,43782.424399999996,0.4073079973159275,Large (>96²),0.615595703125,0.2932558139534884
door,64964.0397,1.088583241229686,Large (>96²),0.1861474609375,0.21848837209302324
door,266210.175,2.4874671394509997,Large (>96²),0.5033740234375,0.2926118067978533
door,409082.2478,0.8736354469596225,Large (>96²),0.367236328125,0.3341259765625
door,88782.7488,0.3477477834072198,Large (>96²),0.0857958984375,0.333642578125
door,68509.76,0.5529261363636363,Large (>96²),0.5178759765625001,0.23006535947712417
door,76336.0582,0.4181430945303906,Large (>96²),0.22786132812499998,0.2893790849673203
door,68418.8712,0.4824344778140684,Large (>96²),0.27457031249999997,0.31335294117647056
door,34297.9032,0.6467778356783047,Large (>96²),0.671416015625,0.17498039215686276
door,69340.2,0.6524539877300614,Large (>96²),0.387060546875,0.2130718954248366
door,54816.09629999999,0.5067651798473654,Large (>96²),0.3011083984375,0.3327516339869281
door,115245.68000000001,0.20110964332893,Large (>96²),0.225703125,0.4947712418300654
door,40894.4752,0.4851887572333977,Large (>96²),0.471123046875,0.4376993464052288
door,48505.4185,0.2776515060889537,Large (>96²),0.6289306640625,0.3712614379084967
door,72884.0,0.2575187969924812,Large (>96²),0.06689453125,0.3477124183006536
door,28840.744799999997,0.4580742866252192,Large (>96²),0.546416015625,0.4137777777777778
door,144986.96,0.6345606694560669,Large (>96²),0.7962304687499999,0.31241830065359477
door,87003.84,0.4076190476190476,Large (>96²),0.1290625,0.30196078431372547
door,48018.980800000005,0.5007104107465771,Large (>96²),0.477998046875,0.35053594771241825
door,127277.85,0.305937984496124,Large (>96²),0.1441943359375,0.4215686274509804
door,126920.0,0.21973684210526315,Large (>96²),0.91845703125,0.49673202614379086
door,112695.1,0.4693673469387755,Large (>96²),0.8173779296875,0.3202614379084967
door,83194.65,0.5612727272727273,Large (>96²),0.2626513671875,0.25163398692810457
door,43828.30840000001,0.4969358205939794,Large (>96²),0.857216796875,0.2163529411764706
door,135803.52000000002,0.4983908045977012,Large (>96²),0.1514453125,0.3411764705882353
door,102165.2621,0.7598930918809829,Large (>96²),0.6995166015625001,0.23965359477124185
door,175175.38,0.40336874051593324,Large (>96²),0.27725585937499997,0.43071895424836604
door,211699.2,0.9188333333333334,Large (>96²),0.43703125,0.3137254901960784
door,96457.92000000001,0.7697175141242938,Large (>96²),0.351796875,0.23137254901960785
door,78752.9556,0.2926401418767831,Large (>96²),0.3331103515625,0.35244444444444445
door,176871.0,0.5825771324863884,Large (>96²),0.84326171875,0.36013071895424836
door,34732.0,0.9621052631578948,Large (>96²),0.4966796875,0.12418300653594772
door,95760.8272,0.4294003049296968,Large (>96²),0.299423828125,0.45213071895424833
door,23736.79,0.5760098522167488,Large (>96²),0.6908837890625,0.15098039215686274
door,38095.643299999996,0.4800326576976323,Large (>96²),0.9146630859375,0.5701372549019608
door,53747.8389,0.5438496039698444,Large (>96²),0.1128076171875,0.3487777777777778
door,176468.6,0.8399511301160659,Large (>96²),0.81201171875,0.2995816993464052
door,73157.34000000001,0.3368884120171674,Large (>96²),0.8940380859375,0.3045751633986928
door,56132.231400000004,0.5486462827487025,Large (>96²),0.7097119140625,0.26545098039215687
door,69468.38500000001,0.34343524180100055,Large (>96²),0.697490234375,0.3138888888888889
door,57358.30189999999,0.5062836091387147,Large (>96²),0.7517431640625001,0.22838562091503264
door,71956.0716,0.4010671199565597,Large (>96²),0.57806640625,0.2996274509803922
door,50018.95760000001,0.4870346678316223,Large (>96²),0.4121484375,0.30556209150326796
door,73959.9,0.4399756097560975,Large (>96²),0.1925732421875,0.2679738562091503
door,192819.2,0.735546875,Large (>96²),0.32294921875000004,0.33464052287581697
door,77834.46,0.4288967136150235,Large (>96²),0.8040576171875,0.2784313725490196
door,88030.07999999999,0.32306513409961685,Large (>96²),0.8137890624999999,0.3411764705882353
door,87859.08,0.5126086956521739,Large (>96²),0.500869140625,0.27058823529411763
door,29118.013199999998,0.5054789383775676,Large (>96²),0.51626953125,0.34379738562091505
door,39902.240000000005,0.2946467391304348,Large (>96²),0.7986083984375,0.24052287581699347
door,57743.72,0.3537871287128713,Large (>96²),0.7485693359375001,0.26405228758169935
door,65255.0,0.3681710213776722,Large (>96²),0.92431640625,0.2751633986928105
door,182284.0,0.868995633187773,Large (>96²),0.1943359375,0.29934640522875816
door,39719.25,0.9136690647482014,Large (>96²),0.1875,0.27219321148825065
door,23341.445000000003,0.3190018484288355,Large (>96²),0.6326372549019608,0.3578042328042328
door,32151.6096,0.47885149737573324,Large (>96²),0.30776470588235294,0.35433862433862434
door,7263.375,0.19360834322887088,Medium,0.9634502923976608,0.44737597911227156
door,16324.907799999997,0.46119910704794304,Large (>96²),0.6068212890625,0.4549934640522876
door,60498.262500000004,0.26013478486262315,Large (>96²),0.9387451171875,0.3318627450980392
door,48043.8917,0.2555758009087345,Large (>96²),0.0650341796875,0.35713071895424836
door,33590.883,0.42284903317367395,Large (>96²),0.7289160156250001,0.410359477124183
door,24625.895,0.5364760793465577,Large (>96²),0.2647545219638243,0.31655844155844154
door,202473.8913,0.9589127548910796,Large (>96²),0.4943005952380952,0.35319824218749996
door,44915.09329999999,1.1469503259386529,Large (>96²),0.4263853904282116,0.25308184143222506
door,13071.815100000002,0.3355626488321427,Large (>96²),0.26059644670050763,0.4263137755102041
door,27555.7581,0.3317372749037161,Large (>96²),0.8362627551020408,0.39102272727272724
door,14305.542899999999,0.30551319377050695,Large (>96²),0.3090688775510204,0.4046338383838384
door,29754.506800000003,0.9664880884532088,Large (>96²),0.4901023017902813,0.35846547314578003
door,82041.71009999998,1.042054242845433,Large (>96²),0.5070472440944882,0.380828947368421
door,19385.95,0.3726925943789188,Large (>96²),0.11303191489361702,0.3051973684210526
door,15526.633800000001,0.2889435313403218,Large (>96²),0.8936436170212766,0.3134078947368421
door,37860.5964,0.4803732991379925,Large (>96²),0.6347493403693931,0.3849602122015915
door,9241.851,0.11854876258013683,Large (>96²),0.24623076923076923,0.3603426395939086
door,66259.1376,0.8233573040045121,Large (>96²),0.47651785714285716,0.36183673469387756
door,16153.682999999999,0.18931224538701172,Large (>96²),0.17116455696202532,0.3706979695431472
door,9627.1263,0.12342010097031758,Large (>96²),0.24401785714285715,0.35760869565217396
door,65082.973600000005,0.833291587648048,Large (>96²),0.4837913486005089,0.35737851662404096
door,36866.202,0.8451999042374911,Large (>96²),0.7249803921568627,0.3836476868327402
door,52834.979999999996,2.53038062283737,Large (>96²),0.50173828125,0.26783687943262413
door,32749.4884,0.8466975136014645,Large (>96²),0.20938976377952756,0.35245519713261647
door,17396.775,0.552169014084507,Large (>96²),0.753140625,0.3697916666666667
door,15829.477600000002,0.5678605654048874,Large (>96²),0.780953125,0.35129166666666667
door,17729.212499999998,0.6611908396946564,Large (>96²),0.762921875,0.3411458333333333
door,15503.764,0.5750304506699148,Large (>96²),0.737375,0.3420833333333333
door,15420.4881,0.5721508192727052,Large (>96²),0.7047656250000001,0.3419791666666666
door,15517.125,0.5876307692307692,Large (>96²),0.671109375,0.3385416666666667
door,17248.5732,0.6027073358160431,Large (>96²),0.66359375,0.35243749999999996
door,15427.5,0.5666666666666667,Large (>96²),0.6208125,0.34375
door,16821.5,0.5820588235294117,Large (>96²),0.618859375,0.3541666666666667
door,17241.7875,0.6238195488721804,Large (>96²),0.5957343749999999,0.34631249999999997
door,13969.1125,0.631327731092437,Large (>96²),0.5498593749999999,0.3098958333333333
door,14027.0064,0.6304639313488871,Large (>96²),0.541875,0.31074999999999997
door,14069.349999999999,0.5856129032258064,Large (>96²),0.507921875,0.3229166666666667
door,15517.987500000001,0.6564552845528455,Large (>96²),0.512859375,0.3203125
door,17213.0049,0.6585637409537948,Large (>96²),0.525015625,0.33681249999999996
door,14451.876400000001,0.3720824030850416,Large (>96²),0.885390625,0.41058333333333336
door,14617.423600000002,0.3763446316216765,Large (>96²),0.884140625,0.41058333333333336
door,13952.1264,0.33063966507642883,Large (>96²),0.8938750000000001,0.42795833333333333
door,30761.082000000002,1.0608996946206248,Large (>96²),0.5172656250000001,0.6452500000000001
door,14431.6125,0.3476319018404908,Large (>96²),0.889296875,0.42443749999999997
door,7066.726200000001,0.24736717548219145,Medium,0.286234375,0.3545
door,14092.6532,0.2762086063396494,Large (>96²),0.210890625,0.4705833333333333
door,14963.316999999997,0.3006275212909009,Large (>96²),0.216796875,0.47966666666666663
door,10460.775000000001,0.22718799515332275,Large (>96²),0.249359375,0.44704166666666667
door,21533.7528,0.6097807577692635,Large (>96²),0.245453125,0.39149999999999996
door,13963.607,0.2874058615370656,Large (>96²),0.897859375,0.45920833333333333
door,18012.0,0.35531867643793025,Large (>96²),0.875,0.4691041666666667
door,17942.079999999998,0.5440528634361234,Large (>96²),0.48509375,0.6008333333333333
door,12993.6,0.22558333333333333,Large (>96²),0.708375,0.5
door,14083.5702,0.437883350061336,Large (>96²),0.6383281249999999,0.4666666666666667
door,10754.355,0.19292672596357474,Large (>96²),0.866046875,0.492125
door,9688.951799999999,0.24963199837571698,Large (>96²),0.5820000000000001,0.5753958333333333
door,12007.652,0.49595115681233937,Large (>96²),0.342953125,0.5828333333333333
door,8589.2925,0.400477978832366,Medium,0.6072656249999999,0.4292708333333333
door,14831.981500000002,0.4717726016581129,Large (>96²),0.45620312500000004,0.4049375
door,9668.2944,0.27624545648920246,Large (>96²),0.7187812499999999,0.38975000000000004
door,17160.631999999998,0.5003239740820734,Large (>96²),0.278875,0.38670833333333327
door,9094.562399999999,0.26099533936893987,Medium,0.5579062499999999,0.3888541666666666
door,12402.776000000002,0.4706172231119872,Large (>96²),0.38890625,0.430875
door,8403.847200000002,0.25004090983472427,Medium,0.6315312499999999,0.38193750000000004
door,11833.925000000001,0.3756056338028169,Large (>96²),0.895859375,0.3697916666666667
door,16223.4,0.5007222222222222,Large (>96²),0.773640625,0.375
door,14309.8316,0.4276732998031927,Large (>96²),0.611796875,0.38108333333333333
door,11484.735999999999,0.3628035071942446,Large (>96²),0.680265625,0.37066666666666664
door,13280.4625,0.4377906642935064,Large (>96²),0.880859375,0.36285416666666664
door,13771.8448,0.9240661861074705,Large (>96²),0.8205781250000002,0.25433333333333336
door,17495.3389,0.7127720686793899,Large (>96²),0.825546875,0.3263541666666666
door,8212.5,0.2465753424657534,Medium,0.9296875,0.3802083333333333
door,18930.336000000003,0.5198344075879054,Large (>96²),0.31515624999999997,0.39756250000000004
door,19664.275,0.5668724832214765,Large (>96²),0.6324062500000001,0.3880208333333333
door,13130.148,0.777529819161216,Large (>96²),0.5485,0.27072916666666663
door,19971.9375,0.6079448275862069,Large (>96²),0.665078125,0.37756249999999997
door,12118.449999999999,0.3621801880603543,Large (>96²),0.103546875,0.38108333333333333
door,9122.2875,0.2560529801324503,Medium,0.075546875,0.39318749999999997
door,16777.4,0.48365100671140937,Large (>96²),0.5665312499999999,0.3880208333333333
door,19417.3767,0.5622881127912608,Large (>96²),0.250828125,0.38714583333333336
door,20880.95,0.6101081081081081,Large (>96²),0.790921875,0.3854166666666667
door,13041.0,0.6310956521739131,Large (>96²),0.36959375,0.29943749999999997
door,15625.025,0.5827175572519084,Large (>96²),0.8509062500000001,0.3411458333333333
door,14620.0656,0.6796209177064159,Large (>96²),0.3041875,0.30556249999999996
door,12768.1375,0.7702524271844661,Large (>96²),0.845078125,0.26818749999999997
door,14129.3268,0.6315015376387216,Large (>96²),0.63846875,0.31162500000000004
door,15764.917800000001,0.5099243587556161,Large (>96²),0.14009375,0.36631250000000004
door,13793.672199999999,0.5444493309040649,Large (>96²),0.48178125000000005,0.33160416666666664
door,16640.625,0.47333333333333333,Large (>96²),0.13870312499999998,0.390625
door,16392.675,1.008392156862745,Large (>96²),0.648828125,0.265625
door,13311.913499999999,0.39170056956875504,Large (>96²),0.8871718749999999,0.38847916666666665
door,10408.550000000001,0.8409887640449438,Large (>96²),0.48471875000000003,0.23172916666666668
door,8561.0,0.4367857142857143,Medium,0.784671875,0.2916666666666667
door,13812.988000000001,0.7770194254856371,Large (>96²),0.31421875,0.27777083333333336
door,11283.011100000002,0.36495478587271796,Large (>96²),0.5950468750000001,0.36631250000000004
door,9644.675000000001,0.5493584905660378,Large (>96²),0.357609375,0.2760416666666667
door,12425.0841,0.9260985927652594,Large (>96²),0.283484375,0.24135416666666665
door,12549.6416,0.5426091530773276,Large (>96²),0.52996875,0.31683333333333336
door,8379.856800000001,0.4008853230045649,Medium,0.3404375,0.30120833333333336
door,9249.2323,0.4276195009179303,Large (>96²),0.24151562499999998,0.30643750000000003
door,8413.2171,0.3578556055566425,Medium,0.353078125,0.31943750000000004
door,7317.9018,0.539273757404069,Medium,0.09815625,0.2700625
door,11910.2,0.41211764705882353,Large (>96²),0.113375,0.3541666666666667
door,19803.45,0.5013333333333333,Large (>96²),0.48512500000000003,0.4140625
door,20381.7992,0.4929916883883342,Large (>96²),0.46968750000000004,0.4236458333333334
door,17035.7,0.42410937032232315,Large (>96²),0.8671875,0.41754166666666664
door,18135.0774,0.5689800033607797,Large (>96²),0.47121874999999996,0.3719791666666667
door,6937.6329,0.4435116334852483,Medium,0.38351562499999997,0.5817708333333333
door,7837.2756,0.48637151410115015,Medium,0.41678125,0.57525
door,10794.3239,0.6179163198910494,Large (>96²),0.872421875,0.43472916666666667
door,8756.1391,0.5655388571887808,Medium,0.427640625,0.40218750000000003
door,18265.4955,0.3651687905209032,Large (>96²),0.872421875,0.4728541666666667
door,21990.742000000002,0.47440780306549,Large (>96²),0.7181875,0.46416666666666667
door,27770.519699999997,0.6242947228675738,Large (>96²),0.20573437499999997,0.4393958333333333
door,12253.9375,0.22914594594594595,Large (>96²),0.485140625,0.4817708333333333
door,21051.657199999998,0.44842387040199383,Large (>96²),0.6895625000000001,0.4513541666666666
door,25731.5784,0.5008161644681696,Large (>96²),0.7633125,0.47222916666666664
door,25606.389900000002,0.531035110888474,Large (>96²),0.768140625,0.4609375
door,24599.9989,0.4731810008332968,Large (>96²),0.7831406249999999,0.4750625
door,14523.397200000001,0.3170731707317073,Large (>96²),0.46409374999999997,0.44762500000000005
door,27876.326399999998,0.5870044052863437,Large (>96²),0.199875,0.45399999999999996
door,32355.576399999994,0.6094089054769551,Large (>96²),0.7805937500000001,0.48004166666666664
door,16218.125,0.3389257142857143,Large (>96²),0.11584375,0.45568749999999997
door,17155.7854,0.3558156480553784,Large (>96²),0.12467187499999999,0.45745833333333336
door,8942.6736,0.16079379213840478,Medium,0.059250000000000004,0.49131250000000004
door,31002.211800000005,0.5574354407836153,Large (>96²),0.23990625000000004,0.49131250000000004
door,26733.6875,0.5990532544378698,Large (>96²),0.24720312500000002,0.44006249999999997
door,24998.4,0.5668571428571428,Large (>96²),0.24759375,0.4375
door,25949.9136,0.5464390602055801,Large (>96²),0.25275,0.45399999999999996
door,24824.7504,0.578906702723585,Large (>96²),0.251125,0.43141666666666667
door,19640.123199999998,0.4543093497499038,Large (>96²),0.27168749999999997,0.43316666666666664
door,25461.9391,0.5728311910069724,Large (>96²),0.251390625,0.4392708333333334
door,25753.1976,0.5658838419350302,Large (>96²),0.25503125,0.44443750000000004
door,25534.574999999997,0.5588771929824561,Large (>96²),0.25084375,0.4453125
door,25857.7293,0.5681807528242628,Large (>96²),0.25060937499999997,0.44443750000000004
door,27089.065,0.583743385015319,Large (>96²),0.248578125,0.44879166666666664
door,25677.7875,0.5620116959064327,Large (>96²),0.25410937499999997,0.4453125
door,28801.128,0.5347294036539124,Large (>96²),0.43478125,0.48350000000000004
door,20744.946,0.44703370160616474,Large (>96²),0.335375,0.44879166666666664
door,27929.649800000003,0.5599785071418977,Large (>96²),0.42178125,0.46527083333333336
door,23428.912500000002,0.4197671957671958,Large (>96²),0.154953125,0.4921875
door,18230.920000000002,0.319163179916318,Large (>96²),0.60096875,0.4979166666666667
door,17025.686999999998,0.3301188903566711,Large (>96²),0.346390625,0.5008333333333334
door,17162.7904,0.40023179447556495,Large (>96²),0.67778125,0.43141666666666667
door,12791.5875,0.35904635761589404,Large (>96²),0.41751562499999995,0.39318749999999997
door,18280.5471,0.47648950834737325,Large (>96²),0.145828125,0.5678125
door,18281.8206,0.4315211582373803,Large (>96²),0.42112499999999997,0.5711458333333332
door,31520.55,0.5707659574468085,Large (>96²),0.333390625,0.5104166666666666
door,17318.515799999997,0.5320363596053652,Large (>96²),0.454171875,0.37587499999999996
door,12847.380800000003,0.4467507960844439,Large (>96²),0.15687500000000001,0.35329166666666667
door,23558.479399999997,0.4250700875031858,Large (>96²),0.43370312499999997,0.49045833333333333
door,22411.2,0.4236521739130435,Large (>96²),0.480375,0.4791666666666667
door,14473.8625,0.5397862595419848,Large (>96²),0.419359375,0.3411458333333333
door,17577.513600000002,0.4199824029719425,Large (>96²),0.3918125,0.5737916666666667
door,14035.725,0.48492329395168404,Large (>96²),0.12890625,0.5419375
door,17492.895,0.4989052069425901,Large (>96²),0.28240625,0.5967291666666666
door,19837.4592,0.4817662132860241,Large (>96²),0.6071875,0.5772499999999999
door,15612.291199999998,0.3386270491803278,Large (>96²),0.490546875,0.49766666666666665
door,27460.9764,0.4885692593217479,Large (>96²),0.818984375,0.5060833333333333
door,16245.927599999999,0.378923983386458,Large (>96²),0.4373125,0.43483333333333335
door,21568.0518,0.41369947006525637,Large (>96²),0.76996875,0.47568750000000004
door,21444.0128,0.4029824865614704,Large (>96²),0.31309375,0.48058333333333336
door,22148.4375,0.46285714285714286,Large (>96²),0.15823437499999998,0.4557291666666667
door,24411.712499999998,0.43737566137566136,Large (>96²),0.161453125,0.4921875
door,21518.9898,0.43346348907140614,Large (>96²),0.32181249999999995,0.46418750000000003
door,20657.740800000003,0.4024540960451978,Large (>96²),0.32606250000000003,0.47200000000000003
door,21317.4375,0.43548022598870056,Large (>96²),0.32435937499999995,0.4609375
door,21540.4125,0.43025698324022343,Large (>96²),0.322265625,0.46618750000000003
door,17003.392,0.36149022500922173,Large (>96²),0.51909375,0.4518333333333333
door,20675.9738,0.4095420356936223,Large (>96²),0.79125,0.46810416666666665
door,21368.192,0.4320143884892086,Large (>96²),0.785875,0.4633333333333333
door,20129.625,0.42551724137931035,Large (>96²),0.780359375,0.453125
door,20975.9375,0.4383542857142857,Large (>96²),0.7885156249999999,0.4557291666666667
door,23057.243,0.45210999424345744,Large (>96²),0.8000937499999999,0.4705208333333334
door,13841.008000000002,0.2915098669114273,Large (>96²),0.51078125,0.45395833333333335
door,13259.4786,0.28330405842655076,Large (>96²),0.502796875,0.4507083333333333
door,12296.9673,0.25858669234649423,Large (>96²),0.505671875,0.4542708333333333
door,20715.228,0.41322018758374274,Large (>96²),0.7836875,0.46645833333333336
door,13080.461800000001,0.27320506375394177,Large (>96²),0.49928124999999995,0.4578125
door,13445.874600000001,0.2816604878941828,Large (>96²),0.500875,0.45906250000000004
door,21126.4554,0.4278192781927819,Large (>96²),0.790234375,0.4629583333333333
door,13988.2848,0.29455763582966227,Large (>96²),0.503890625,0.45399999999999996
door,21433.9152,0.41717033573035694,Large (>96²),0.8000937499999999,0.47222916666666664
door,13102.6324,0.28101699624878435,Large (>96²),0.5018125,0.4498125
door,19879.9608,0.3987996596049626,Large (>96²),0.79553125,0.46514583333333337
door,12983.2815,0.2733195687084194,Large (>96²),0.508609375,0.4591458333333333
door,20048.7688,0.4096004339179172,Large (>96²),0.79396875,0.4609166666666667
door,11753.7912,0.25066962224069456,Large (>96²),0.51284375,0.451125
door,21724.4664,0.44271397616468033,Large (>96²),0.7903906249999999,0.4615
door,12907.44,0.2706043956043956,Large (>96²),0.5069375,0.455
door,21538.1986,0.42994370476275584,Large (>96²),0.786296875,0.46629166666666666
door,16626.280600000002,0.3422103257417658,Large (>96²),0.504515625,0.45920833333333333
door,21289.45,0.41134065934065933,Large (>96²),0.8037812499999999,0.4739583333333333
door,15916.257000000001,0.3338982274538543,Large (>96²),0.49803125000000004,0.4548958333333334
door,18776.25,0.3708888888888889,Large (>96²),0.787921875,0.46875
door,13498.408,0.2811116688723589,Large (>96²),0.50615625,0.4565208333333333
door,21748.193600000002,0.4510223598524523,Large (>96²),0.7875,0.45747916666666666
door,21482.823300000004,0.4271190975163865,Large (>96²),0.7870781250000001,0.4671875
door,22829.793599999997,0.477052477601024,Large (>96²),0.222625,0.45575
door,19763.071999999996,0.4113138686131387,Large (>96²),0.547,0.45666666666666667
door,15979.539999999999,0.2797489539748954,Large (>96²),0.19040625,0.4979166666666667
door,15669.5808,0.27496648793565687,Large (>96²),0.1923125,0.49733333333333335
door,15754.880000000001,0.27581589958159,Large (>96²),0.1908125,0.4979166666666667
door,14825.17,0.2595397489539749,Large (>96²),0.191546875,0.4979166666666667
door,7667.979200000001,0.21348670325031657,Medium,0.11021874999999999,0.39483333333333337
door,6654.4544,0.1815712494776431,Medium,0.0543125,0.3988333333333333
door,6879.415,0.24138135292027013,Medium,0.10189062500000001,0.35170833333333335
door,5936.484000000001,0.18211021877596234,Medium,0.22349999999999998,0.37614583333333335
door,6847.402,0.2111049416990561,Medium,0.217125,0.3752083333333333
door,7179.7339999999995,0.24686290606309372,Medium,0.10728125,0.3552916666666667
door,9166.487000000001,0.2720784527376736,Medium,0.370375,0.4726458333333333
door,16752.6588,0.5822083357896599,Large (>96²),0.28453125,0.4747708333333333
door,10609.341600000002,0.22455833640044165,Large (>96²),0.476171875,0.479125
door,15299.881,0.5305930157234556,Large (>96²),0.29571875,0.49172916666666666
door,11292.949700000001,0.22609512729876058,Large (>96²),0.478046875,0.4656041666666667
door,10084.797,0.21579239522620036,Large (>96²),0.47973437499999994,0.45116666666666666
door,7890.7064,0.24859676695105523,Medium,0.378421875,0.487375
door,16203.3872,0.6316808191808192,Large (>96²),0.284359375,0.45625
door,10941.078,0.22712775651540004,Large (>96²),0.47682812500000005,0.4624583333333333
door,10786.120799999999,0.22006414020506798,Large (>96²),0.47650000000000003,0.4788958333333333
door,13547.625,0.26175824175824175,Large (>96²),0.490203125,0.4739583333333333
door,15254.2878,0.6400440471563674,Large (>96²),0.399328125,0.6783750000000001
door,9007.9568,0.2572680632749038,Medium,0.6436249999999999,0.38983333333333337
door,9578.1888,0.2530324835526316,Large (>96²),0.654890625,0.4053333333333333
door,8170.710599999999,0.22012872417730717,Medium,0.653109375,0.401375
door,7851.889500000001,0.22562315733047442,Medium,0.648765625,0.3886041666666667
door,8621.525399999999,0.2539346575491154,Medium,0.653296875,0.38387499999999997
door,9525.0155,0.2629919604855236,Large (>96²),0.645421875,0.39647916666666666
door,23387.1728,1.3703306797305574,Large (>96²),0.7041875000000001,0.2721666666666666
door,20773.88,0.36368200836820086,Large (>96²),0.8510312499999999,0.4979166666666667
door,24607.0818,0.47348335307277273,Large (>96²),0.53440625,0.4749375
door,20564.3988,0.36073881722231527,Large (>96²),0.604953125,0.4984166666666666
door,27577.299300000002,0.618776940931268,Large (>96²),0.310015625,0.43981250000000005
door,17678.9868,0.395704215356957,Large (>96²),0.6480625,0.4403958333333334
door,19007.3309,0.4586628678095987,Large (>96²),0.401078125,0.42406249999999995
door,12764.448,0.33713639634083664,Large (>96²),0.40718750000000004,0.40537500000000004
door,10452.1112,0.2211693270159621,Large (>96²),0.6626875,0.4529375
door,18552.9925,0.5746007012076354,Large (>96²),0.418359375,0.37435416666666665
door,12330.0366,0.2187960739711024,Large (>96²),0.6673125,0.49456249999999996
door,128285.34180000001,0.3840710108315742,Large (>96²),0.45996875000000004,0.4816166666666667
door,22070.307399999998,0.5706004982966391,Large (>96²),0.7964375,0.40972916666666664
door,129430.93539999999,0.366065722646396,Large (>96²),0.40819375,0.49551666666666666
door,127764.63709999999,0.3767924301488898,Large (>96²),0.40421875,0.4852583333333333
door,115637.86319999999,0.4164958627495636,Large (>96²),0.14265,0.4391
door,91902.64170000001,0.4742509256945549,Large (>96²),0.74296875,0.49469166666666664
door,84495.8946,0.47557590567246333,Large (>96²),0.48971250000000005,0.462825
door,81157.92869999999,0.5299619247182684,Large (>96²),0.34731875,0.5969583333333333
door,72166.9737,0.48720347130199804,Large (>96²),0.41549375,0.5587583333333334
door,78101.235,0.5014569872038516,Large (>96²),0.40253750000000005,0.585225
door,80280.3104,0.5123534761519807,Large (>96²),0.38060625000000003,0.5804
door,82038.49160000001,0.47344271746702865,Large (>96²),0.42125,0.6364416666666667
door,19226.4827,0.261968919567384,Large (>96²),0.40013125000000005,0.5819416666666667
door,15396.4118,0.21691314465880937,Large (>96²),0.65534375,0.46901666666666664
door,16825.7235,0.2133167171087769,Large (>96²),0.9249437500000001,0.43007500000000004
door,16212.899700000002,0.2640542394769765,Large (>96²),0.7216687500000001,0.489675
door,16955.5428,0.30125611195413926,Large (>96²),0.35333125000000004,0.49589999999999995
door,19580.0801,0.27283586546716937,Large (>96²),0.24568125000000002,0.5139416666666666
door,16816.235099999998,0.24947040018487848,Large (>96²),0.44431875,0.509275
door,37209.195,0.28473029045643156,Large (>96²),0.67105625,0.39235
door,210621.52619999996,0.6430431060089812,Large (>96²),0.598275,0.47692499999999993
door,24488.396800000002,0.21547223540579022,Large (>96²),0.2536375,0.3306
door,173541.52680000002,0.4935410975075045,Large (>96²),0.258875,0.49560000000000004
door,173662.08000000002,0.4840066777963272,Large (>96²),0.2658125,0.49916666666666665
door,164923.0268,0.46285934463579714,Large (>96²),0.26498125,0.4974333333333333
door,170388.63540000003,0.4833510181395584,Large (>96²),0.2668625,0.5000916666666667
door,168757.77150000003,0.4724020813465174,Large (>96²),0.28795625,0.49807500000000005
door,173284.8336,0.49471140848878076,Large (>96²),0.26761875,0.4952500000000001
door,162022.80599999998,0.4630287047367887,Large (>96²),0.26445,0.49294999999999994
door,167993.7066,0.469053905022892,Large (>96²),0.26581875,0.4987166666666667
door,169704.356,0.4762782282382899,Large (>96²),0.2651875,0.4974333333333333
door,132772.9156,0.37262949809019635,Large (>96²),0.30521875000000004,0.4974333333333333
door,170779.09050000002,0.48053342279627614,Large (>96²),0.26460625,0.49679166666666663
door,173849.5875,0.4929696051191378,Large (>96²),0.26566875,0.494875
door,170999.0898,0.48239779636534647,Large (>96²),0.26989375,0.49615
door,176012.1894,0.49654002485807386,Large (>96²),0.26745625,0.49615
door,166670.69520000002,0.46532883304371075,Large (>96²),0.26863125,0.49873333333333336
door,172638.16300000003,0.4807836723795538,Large (>96²),0.26705,0.5006416666666667
door,172158.0,0.4782166666666667,Large (>96²),0.26394375,0.5
door,172911.30450000003,0.49030900058937443,Large (>96²),0.25985625,0.494875
door,168989.88,0.4709849749582638,Large (>96²),0.2734375,0.49916666666666665
door,103784.8335,0.47979960867789034,Large (>96²),0.49813124999999997,0.5393416666666667
door,92803.248,0.4505453343615732,Large (>96²),0.4472,0.3781916666666667
door,129462.9,0.46364634192498394,Large (>96²),0.509375,0.48784999999999995
door,185821.83000000002,0.5188316679477325,Large (>96²),0.27805,0.4987166666666667
door,201909.9756,0.6114997737635307,Large (>96²),0.485,0.47885
door,79280.5512,0.2765834251667009,Large (>96²),0.1978375,0.452575
door,81831.8424,0.45086026805624024,Large (>96²),0.4065875,0.49114166666666664
door,98049.042,0.4366782737153107,Large (>96²),0.129325,0.39485833333333337
door,90130.113,0.3383125060544416,Large (>96²),0.1091375,0.430125
door,117671.21989999998,0.4313338821772511,Large (>96²),0.14081875,0.4352583333333333
door,99279.0,0.34046296296296297,Large (>96²),0.11490625,0.45
door,85523.50799999999,0.36186362233878433,Large (>96²),0.11601249999999999,0.4051416666666666
door,43131.399999999994,0.15354716981132074,Large (>96²),0.7133625000000001,0.44166666666666665
door,84572.6192,0.46585148328952314,Large (>96²),0.5249812500000001,0.4975
door,46748.475600000005,0.21024727488654196,Large (>96²),0.8965750000000001,0.39295
door,86176.34939999999,0.4618928554891883,Large (>96²),0.69645625,0.39646666666666663
door,70943.89039999999,0.3764396940937989,Large (>96²),0.8966125000000001,0.3997666666666667
door,31103.19,0.1863892288861689,Large (>96²),0.570675,0.40958333333333335
door,54801.1251,0.4646361703986256,Large (>96²),0.40314374999999997,0.4394416666666667
door,27127.154100000003,0.15378937593752232,Large (>96²),0.47786875,0.36025833333333335
door,54332.745500000005,0.44589910333171,Large (>96²),0.33349375000000003,0.3924583333333333
door,23130.4224,0.18514117580490014,Large (>96²),0.34371250000000003,0.4362166666666667
door,30500.4489,0.1721909378192791,Large (>96²),0.44604375000000007,0.403125
door,35804.3568,0.19259224899691538,Large (>96²),0.40195000000000003,0.4393916666666666
door,24835.825,0.1944871974254932,Large (>96²),0.298875,0.46374166666666666
door,32292.874799999998,0.17867475830922305,Large (>96²),0.36791250000000003,0.48417499999999997
door,40210.068999999996,0.30119327823088293,Large (>96²),0.23988125,0.5275666666666666
door,48952.085,0.21764891934633632,Large (>96²),0.21721249999999998,0.42787500000000006
door,50471.0802,0.18788709023905537,Large (>96²),0.1208625,0.452725
door,120430.035,0.6177243284866603,Large (>96²),0.32856875,0.36795
door,38787.36030000001,0.4312293688106432,Large (>96²),0.15581875,0.47570833333333334
door,114444.113,0.9551350570561896,Large (>96²),0.2164375,0.288475
door,98590.7432,0.7478792552605488,Large (>96²),0.16971250000000002,0.30256666666666665
door,127431.20300000001,0.7754452612363709,Large (>96²),0.21088125000000002,0.33781666666666665
door,181521.26849999998,0.9542359280064199,Large (>96²),0.42165625,0.3634583333333333
door,73754.8452,0.31705749414277123,Large (>96²),0.741725,0.401925
door,79985.37329999999,0.42793699257511625,Large (>96²),0.49686875,0.510225
door,48717.6816,0.15365489806066632,Large (>96²),0.37285,0.4692333333333334
door,87589.153,0.43435175700351847,Large (>96²),0.5421062500000001,0.5693666666666667
door,87702.06640000001,0.4399525174699875,Large (>96²),0.51219375,0.5715333333333333
door,119345.93280000001,0.43618566949606175,Large (>96²),0.8560625000000001,0.4359
door,109809.7455,0.4530681887428653,Large (>96²),0.7567437499999999,0.41025833333333334
door,98008.1964,0.45391353003206575,Large (>96²),0.3691375,0.41405833333333336
door,141858.35559999998,0.4709033268957475,Large (>96²),0.4028875,0.5257666666666667
door,144108.10650000002,0.4471630643485,Large (>96²),0.8413562499999999,0.473075
door,154583.97240000003,0.49786439826280465,Large (>96²),0.388775,0.5010333333333333
door,140983.213,0.4570744355216248,Large (>96²),0.8413562499999999,0.46281666666666665
door,94288.5028,0.44167171673448186,Large (>96²),0.45708124999999994,0.5111166666666667
door,47072.3694,0.14765683114306968,Large (>96²),0.28444375,0.4705166666666667
door,79944.66,0.24342151183080896,Large (>96²),0.67435,0.4775666666666667
door,82948.71029999999,0.2836510901122473,Large (>96²),0.32278125,0.45064166666666666
door,111147.9364,0.4928091638415699,Large (>96²),0.4885875,0.5157916666666668
door,61881.96720000001,0.17592904835772577,Large (>96²),0.7027125,0.49423333333333336
door,125346.0555,0.38063953994946415,Large (>96²),0.7009687499999999,0.47820833333333335
door,106671.522,0.44274218192930626,Large (>96²),0.38917500000000005,0.49864166666666665
door,67796.4625,0.21151638258412084,Large (>96²),0.31811875,0.47179166666666666
door,120375.1936,0.45014696782178215,Large (>96²),0.4993375,0.44855
door,111063.15499999998,0.3590757889058707,Large (>96²),0.87,0.4634583333333333
door,148212.92640000003,0.4516207865658876,Large (>96²),0.382525,0.4943916666666667
door,156077.829,0.4460391520438179,Large (>96²),0.8350937500000001,0.49294999999999994
door,122230.8,0.3762105263157895,Large (>96²),0.39097499999999996,0.475
door,67786.7903,0.24052969653587505,Large (>96²),0.07981875,0.510325
door,71912.53940000001,0.3064885732570863,Large (>96²),0.09278750000000001,0.558775
door,114809.05799999999,0.37016088486676724,Large (>96²),0.42210625,0.46409999999999996
door,102406.8564,0.423935380170502,Large (>96²),0.323625,0.5467583333333333
door,143753.9508,0.5428082857253895,Large (>96²),0.7342,0.42885
door,139919.06949999998,0.5054262092559156,Large (>96²),0.39794375000000004,0.5615249999999999
door,135925.08,0.3788313856427379,Large (>96²),0.8581750000000001,0.49916666666666665
door,101703.22959999999,0.28543188366950345,Large (>96²),0.42524999999999996,0.4974333333333333
door,133141.30000000002,0.4739811320754717,Large (>96²),0.66221875,0.5583333333333333
door,90083.66570000001,0.2896411985153042,Large (>96²),0.38078125,0.4647416666666667
door,122308.744,0.4211542030061236,Large (>96²),0.6081500000000001,0.4631833333333333
door,96527.6202,0.28847284168308956,Large (>96²),0.37646875,0.48205000000000003
door,131353.2045,0.43468374233686846,Large (>96²),0.62950625,0.4901250000000001
door,108695.6043,0.3372791488312283,Large (>96²),0.32936875,0.473075
door,140291.9565,0.45521030352157077,Large (>96²),0.59204375,0.462625
door,130604.542,0.36749140317034307,Large (>96²),0.4303875,0.49679166666666663
door,172482.00000000003,0.4791166666666667,Large (>96²),0.74435625,0.5
door,187637.1135,0.5232878542442512,Large (>96²),0.5272187500000001,0.49932499999999996
door,188753.873,0.5280235494823462,Large (>96²),0.20116250000000002,0.5000916666666667
door,234399.4185,0.8154247878392241,Large (>96²),0.59054375,0.44679166666666664
door,131425.442,0.49923988461838303,Large (>96²),0.16010624999999998,0.4275666666666667
door,297114.48480000003,1.0365721543576525,Large (>96²),0.5545375,0.44615
door,116364.34770000001,0.5285041450887624,Large (>96²),0.37961875,0.391025
door,80504.6,0.4353953488372093,Large (>96²),0.1170125,0.35833333333333334
door,153820.3148,0.4316993902030423,Large (>96²),0.83893125,0.4974333333333333
door,116600.2604,0.4517557672624202,Large (>96²),0.64536875,0.5125333333333333
door,111121.1885,0.45562417738179606,Large (>96²),0.34063125,0.41152500000000003
door,125417.5206,0.5047747060947719,Large (>96²),0.49466875,0.4153833333333333
door,109175.3046,0.5862492468832553,Large (>96²),0.15810625,0.3596166666666667
door,155282.5076,0.5048141069561142,Large (>96²),0.5259750000000001,0.46218333333333333
door,135078.0516,0.5938731862786212,Large (>96²),0.17703125,0.39743333333333336
door,194443.9172,0.5873335882373388,Large (>96²),0.35993749999999997,0.4794833333333333
door,181442.69999999998,0.5212372881355932,Large (>96²),0.51259375,0.49166666666666664
door,208823.38,0.5820033388981636,Large (>96²),0.545775,0.49916666666666665
door,175362.42990000002,0.627527760437357,Large (>96²),0.45611874999999996,0.5577916666666667
door,150399.1364,0.49170071963258966,Large (>96²),0.3680375,0.50835
door,89798.79479999999,0.3002084399912236,Large (>96²),0.10261875,0.45576666666666665
door,148882.1471,0.47022339121008006,Large (>96²),0.39425625,0.470825
door,106501.99999999999,0.35207272727272726,Large (>96²),0.121025,0.4583333333333333
door,154624.092,0.47426399761817195,Large (>96²),0.42405000000000004,0.481875
door,116951.42580000001,0.36801305589555283,Large (>96²),0.1296625,0.46997500000000003
door,176586.4842,0.5277287971510561,Large (>96²),0.42075625,0.48205000000000003
door,181305.0,0.6217592592592592,Large (>96²),0.51465625,0.45
door,264825.5038,0.8609318091666366,Large (>96²),0.53426875,0.46218333333333333
door,169922.03550000003,0.5433363732274735,Large (>96²),0.18989375000000003,0.466025
door,125087.823,0.37985536289971245,Large (>96²),0.4224125,0.47820833333333335
door,160957.28999999998,0.44859766277128543,Large (>96²),0.35129374999999996,0.49916666666666665
door,141641.7744,0.4529084634229208,Large (>96²),0.3609375,0.466025
door,82616.48760000001,0.5026392383207537,Large (>96²),0.19467500000000001,0.45701666666666674
door,83062.3968,0.5183103517186252,Large (>96²),0.16910624999999999,0.4869166666666666
door,70635.9256,0.4745217977295112,Large (>96²),0.11442500000000001,0.54075
door,76860.9872,0.555657130565713,Large (>96²),0.2128125,0.4464833333333333
door,51521.7603,0.2022906057423663,Large (>96²),0.23523125,0.4345583333333334
door,32129.3678,0.22286602228133479,Large (>96²),0.052887500000000004,0.5092249999999999
door,49681.604,0.19342936069455408,Large (>96²),0.19973125,0.4340833333333333
door,54319.0542,0.20207923465648264,Large (>96²),0.26259374999999996,0.43205000000000005
door,69579.9265,0.22495729569360784,Large (>96²),0.19549375000000002,0.4634583333333333
door,63391.6162,0.23625938724685802,Large (>96²),0.2523625,0.45935833333333337
door,76467.84300000001,0.23727738730645243,Large (>96²),0.11966249999999999,0.473075
door,64255.8775,0.21724740277650087,Large (>96²),0.26808125,0.4532083333333334
door,41530.359599999996,0.2190528684947866,Large (>96²),0.0596125,0.5127833333333334
door,75934.188,0.3837334772052873,Large (>96²),0.10668749999999999,0.5860833333333333
door,40142.833600000005,0.4086529257864846,Large (>96²),0.219475,0.5183
door,50418.47759999999,0.49150743099787686,Large (>96²),0.16182499999999997,0.43310000000000004
door,33431.030300000006,0.3625316955906082,Large (>96²),0.22939374999999998,0.477725
door,44169.0192,0.44210326499620356,Large (>96²),0.1566625,0.49288333333333334
door,48928.6817,0.4879211797770549,Large (>96²),0.26773125,0.5027583333333333
door,42961.5785,0.4487573123040625,Large (>96²),0.19159374999999998,0.4844583333333334
door,32999.8547,0.39999303693903837,Large (>96²),0.29199375,0.460625
door,44764.2169,0.3692736306976477,Large (>96²),0.08035624999999999,0.4124083333333333
door,67942.8942,0.3695687664715349,Large (>96²),0.0990375,0.372175
door,61532.00549999999,0.2603517432891083,Large (>96²),0.36373125,0.4051416666666666
door,88459.8968,0.633466242072306,Large (>96²),0.1643,0.4834583333333333
door,56004.8035,0.20408513887563232,Large (>96²),0.36201875,0.43654166666666666
door,80862.3945,0.5411719053162592,Large (>96²),0.21633125,0.5182916666666667
door,53185.2168,0.19058796804603795,Large (>96²),0.41868750000000005,0.46491666666666664
door,32762.2148,0.15959653924251788,Large (>96²),0.045181250000000006,0.37756666666666666
door,56025.429599999996,0.30518601503057463,Large (>96²),0.08653749999999999,0.35705
door,67169.23329999999,0.4557816041053427,Large (>96²),0.16898125,0.5621583333333333
door,42378.6275,0.17149121924724908,Large (>96²),0.40153125,0.48189166666666666
door,47162.9072,0.35855299437520677,Large (>96²),0.143775,0.5503333333333335
door,38542.3216,0.16012718860194453,Large (>96²),0.4018625,0.4719416666666667
door,49434.0462,0.3765248109510405,Large (>96²),0.14776875,0.5429166666666667
door,69853.8698,0.5002809966012792,Large (>96²),0.1812625,0.545025
door,71028.53240000001,0.516626661991963,Large (>96²),0.1793375,0.5448583333333333
door,45603.8532,0.18672980027924482,Large (>96²),0.395175,0.47405833333333336
door,74230.504,0.5300074818298418,Large (>96²),0.18359375,0.5522333333333334
door,43051.087999999996,0.17792234193941858,Large (>96²),0.3979625,0.4721333333333333
door,41912.658,0.1762570748913133,Large (>96²),0.40108125,0.45893333333333336
door,70446.0649,0.48410097779641903,Large (>96²),0.18561875,0.5409583333333334
door,45639.867000000006,0.1840435358849753,Large (>96²),0.39575625,0.4786
door,70818.94559999999,0.5329748710633162,Large (>96²),0.18585000000000002,0.5462333333333333
door,72043.9434,0.5327405231957361,Large (>96²),0.17820625,0.5525166666666667
door,75090.4424,0.536319418461703,Large (>96²),0.1880375,0.5522833333333333
door,46775.3946,0.3079567905986195,Large (>96²),0.134625,0.5560083333333333
door,70593.55279999999,0.5484140699035621,Large (>96²),0.1876,0.54385
door,37538.8681,0.1600421217815036,Large (>96²),0.39963125,0.46255833333333335
door,43264.945400000004,0.17166304802501844,Large (>96²),0.39808750000000004,0.479075
door,43106.44,0.17663967611336034,Large (>96²),0.4012375,0.46166666666666667
door,55880.787,0.43941560808726615,Large (>96²),0.2058625,0.5435416666666667
door,41668.947,0.17433012886070773,Large (>96²),0.39654375000000003,0.46821666666666667
door,57339.4072,0.4433445485638017,Large (>96²),0.210925,0.5426083333333334
door,40272.916800000006,0.1691670765699295,Large (>96²),0.39581249999999996,0.4664833333333333
door,37585.2479,0.1578710060869387,Large (>96²),0.40570625,0.475425
door,54940.585699999996,0.443689789422831,Large (>96²),0.55719375,0.5426416666666666
door,66476.3598,0.4915701310708653,Large (>96²),0.57355625,0.5602166666666667
door,59226.71800000001,0.4461247118234713,Large (>96²),0.56409375,0.5459499999999999
door,64804.0124,0.4822412570243876,Large (>96²),0.5653,0.54395
door,39672.1848,0.3085589982430209,Large (>96²),0.5326124999999999,0.5486249999999999
obstacle,23920.3916,1.5177632627051139,Large (>96²),0.3065551181102362,0.39527999999999996
obstacle,108202.76459999998,0.6676602826837568,Large (>96²),0.138076171875,0.6649738562091504
obstacle,199632.8125,0.500990099009901,Large (>96²),0.1544189453125,0.5717320261437908
obstacle,109444.30999999998,0.3821144287903136,Large (>96²),0.746337890625,0.5547843137254902
obstacle,23469.1146,1.6492581104870483,Large (>96²),0.3204911591355599,0.3948673740053051
obstacle,9788.277900000001,0.3966516009930613,Large (>96²),0.10243639921722113,0.34212566844919784
obstacle,64888.3434,1.2115110400553082,Large (>96²),0.6351072124756335,0.6819444444444444
obstacle,101760.29999999999,0.7453315290933693,Large (>96²),0.2892996108949416,0.4953083109919571
obstacle,22373.0676,1.557316869681295,Large (>96²),0.31295145631067967,0.39752
obstacle,79806.15999999999,0.23176155825565348,Large (>96²),0.93359375,0.507904953145917
obstacle,13284.58,1.1203967306456057,Large (>96²),0.8813229571984436,0.6628740157480315
obstacle,9782.3895,1.1259521510567536,Large (>96²),0.822216796875,0.5623629242819843
obstacle,23315.2077,0.37040137111881705,Large (>96²),0.09126719056974461,0.6241820580474934
obstacle,12186.130000000001,0.6307194244604317,Large (>96²),0.9125249500998003,0.6293460490463215
obstacle,186078.3405,1.6135634147059692,Large (>96²),0.3985986328125,0.3619767441860465
obstacle,65598.2715,0.9581884196445635,Large (>96²),0.1224169921875,0.41764758497316634
obstacle,41620.012500000004,1.0025521472392638,Large (>96²),0.3745751953125,0.4260017889087656
obstacle,321367.25839999993,0.9338094913405154,Large (>96²),0.26962402343749997,0.298095703125
obstacle,35660.5645,1.5363964555300296,Large (>96²),0.3165869140625,0.5268896484375
obstacle,38940.113699999994,1.627319154437908,Large (>96²),0.3210205078125,0.5257470703125
obstacle,25100.544,0.7286637931034483,Large (>96²),0.49188976377952753,0.2551181102362205
obstacle,17310.8394,1.8527829505483138,Large (>96²),0.7492005076142132,0.6655641025641026
obstacle,15936.507,1.6682013505217927,Large (>96²),0.32415404040404044,0.5251653944020357
obstacle,8536.2806,1.2751161085309217,Medium,0.13950255102040818,0.5641730279898218
obstacle,4512.194399999999,0.9841973120661647,Medium,0.9093877551020408,0.5325826972010178
obstacle,24160.650800000003,0.39937388193202145,Large (>96²),0.8669260204081634,0.5432233502538071
obstacle,20118.5544,0.4808839346827027,Large (>96²),0.836259541984733,0.3976923076923077
obstacle,8051.9888,0.5431176084099868,Medium,0.5104961832061069,0.3202820512820513
obstacle,38372.971000000005,0.29253409906676237,Large (>96²),0.8631136950904393,0.4791048593350384
obstacle,10755.18,1.138374485596708,Large (>96²),0.16424433249370277,0.832762148337596
obstacle,7518.665,0.5602071644367718,Medium,0.8997229219143577,0.6097058823529411
obstacle,3891.3928000000005,1.3529740816707068,Medium,0.1315051020408163,0.7034566326530612
obstacle,6073.3064,1.5881306597671407,Medium,0.46330379746835443,0.7664213197969544
obstacle,20805.482600000003,1.1336827341846905,Large (>96²),0.8041071428571428,0.5832608695652174
obstacle,12161.4402,1.380460259961645,Large (>96²),0.38132575757575754,0.6118066157760814
obstacle,23072.013000000003,0.6440534685898451,Large (>96²),0.2776875,0.5379791666666667
obstacle,27416.6236,0.49997864799077596,Large (>96²),0.1829375,0.48785416666666664
obstacle,23505.774999999998,0.8015182481751825,Large (>96²),0.305625,0.3567708333333333
obstacle,17468.3663,0.6557808957784449,Large (>96²),0.488859375,0.5350208333333334
obstacle,9772.1748,0.32863604732080726,Large (>96²),0.088515625,0.564375
obstacle,24306.073,0.7701660568533633,Large (>96²),0.6330625,0.5378541666666667
obstacle,7894.672799999999,0.7056821404935237,Medium,0.5385,0.4237708333333333
obstacle,11877.0504,0.6666167216062332,Large (>96²),0.52965625,0.4702083333333333
obstacle,11147.101,0.6107327905255368,Large (>96²),0.415359375,0.5258333333333333
obstacle,8618.4504,0.22637351373513737,Medium,0.9310156249999999,0.5518333333333333
obstacle,27356.3576,1.727511125238398,Large (>96²),0.564953125,0.6753333333333332
obstacle,27154.617599999998,1.5177183014354068,Large (>96²),0.6232031250000001,0.7126666666666667
obstacle,45737.0708,1.288292113363762,Large (>96²),0.51209375,0.5449583333333333
obstacle,40466.22,1.5568787991564321,Large (>96²),0.45859375,0.3394583333333333
obstacle,26273.9125,2.1228764044943818,Large (>96²),0.550265625,0.7682291666666666
obstacle,35083.7848,1.568467504680396,Large (>96²),0.63346875,0.6415416666666667
obstacle,42166.704,1.4200324976787373,Large (>96²),0.5633437499999999,0.5785
obstacle,40517.841,1.5536565731624248,Large (>96²),0.55740625,0.5854374999999999
obstacle,7955.6013,0.2936030617823947,Medium,0.075546875,0.46264583333333337
obstacle,21492.5718,0.67033396626829,Large (>96²),0.5207656249999999,0.5766249999999999
obstacle,21549.9488,0.7357718826691598,Large (>96²),0.4480625,0.41774999999999995
obstacle,18602.8125,0.47245880159250114,Large (>96²),0.853515625,0.42514583333333333
obstacle,23863.2185,0.7131143060186956,Large (>96²),0.521859375,0.49914583333333334
obstacle,11811.3723,0.5306655942087272,Large (>96²),0.876328125,0.6075625
obstacle,22602.5504,0.8270021775949674,Large (>96²),0.40631249999999997,0.46808333333333335
obstacle,27747.760999999995,0.7008242034375314,Large (>96²),0.782109375,0.5450416666666666
obstacle,14964.979000000003,0.8107610775798616,Large (>96²),0.356984375,0.5225000000000001
obstacle,29118.375,0.6492893233224725,Large (>96²),0.78515625,0.5344791666666667
obstacle,15611.0004,0.8554297135243171,Large (>96²),0.3901875,0.38697916666666665
obstacle,30989.806999999997,0.9554136590782898,Large (>96²),0.710265625,0.612625
obstacle,25125.2958,0.6854173195445523,Large (>96²),0.40695312499999997,0.5863750000000001
obstacle,11531.519999999999,0.6961926961926962,Large (>96²),0.7063750000000001,0.5287499999999999
obstacle,29686.4579,0.8369882652790314,Large (>96²),0.377390625,0.6076458333333333
obstacle,16178.127999999999,0.5613807728557965,Large (>96²),0.7179062500000001,0.49704166666666666
obstacle,37824.5994,0.6752862635737525,Large (>96²),0.29325,0.49306249999999996
obstacle,15818.590800000002,0.695239989392734,Large (>96²),0.645609375,0.59375
obstacle,20268.1374,0.6523885169635766,Large (>96²),0.489578125,0.5043333333333333
obstacle,22424.2096,0.4723701119882504,Large (>96²),0.8391875000000001,0.5322083333333333
obstacle,24969.6804,0.448967476572107,Large (>96²),0.16803125,0.5086875000000001
obstacle,20186.456,0.6447018931901668,Large (>96²),0.419125,0.4872708333333333
obstacle,23689.387800000004,0.7378613684563009,Large (>96²),0.789890625,0.6197916666666666
obstacle,19331.0,0.3415013449899126,Large (>96²),0.12698437499999998,0.49566666666666664
obstacle,25265.279000000002,0.4793536022301594,Large (>96²),0.19264062499999998,0.47829166666666667
obstacle,21589.621199999998,0.4365304195332524,Large (>96²),0.1516875,0.5071875
obstacle,13987.1875,0.4719721173395295,Large (>96²),0.12698437499999998,0.6066041666666667
obstacle,12216.0731,0.35474484022201863,Large (>96²),0.10289062499999999,0.5318124999999999
obstacle,11594.8976,0.34143694378120254,Large (>96²),0.0983125,0.531
obstacle,7671.957,0.21729643427354975,Medium,0.063828125,0.58075
obstacle,16322.568500000001,0.4871346626604753,Large (>96²),0.139328125,0.49189583333333337
obstacle,15589.15,0.5341254975415594,Large (>96²),0.14254687500000002,0.609375
obstacle,2847.0,0.21952932911837023,Medium,0.9609375,0.41554166666666664
obstacle,15957.680400000001,0.47072561373017596,Large (>96²),0.135421875,0.5938333333333333
obstacle,14239.197,0.5173598553345389,Large (>96²),0.134109375,0.6491666666666667
obstacle,4582.7172,0.30002427380856056,Medium,0.9420625000000001,0.38077083333333334
obstacle,4411.4076,0.3116752122383794,Medium,0.9420625000000001,0.3641875
obstacle,14067.9,0.5757789009020536,Large (>96²),0.140625,0.6656458333333333
obstacle,15537.782,0.4559588299024919,Large (>96²),0.131515625,0.5997916666666666
obstacle,17529.1164,0.3244987522588418,Large (>96²),0.11784375,0.5067916666666666
obstacle,18761.652000000002,0.35751702462022,Large (>96²),0.13115625000000003,0.5085000000000001
obstacle,18156.9924,0.3786820112344157,Large (>96²),0.1295625,0.4891875
obstacle,16930.211099999997,0.4608441592320134,Large (>96²),0.138015625,0.6007291666666668
obstacle,15299.025,0.9808631595804308,Large (>96²),0.19140625,0.7311458333333333
obstacle,18588.5,0.7427307206068269,Large (>96²),0.18359375,0.6652083333333333
obstacle,14051.4361,0.8874672176746404,Large (>96²),0.174484375,0.7378125
obstacle,17969.5287,0.33883364453515136,Large (>96²),0.131953125,0.4906875
obstacle,7508.7031,0.2858641327821312,Medium,0.07889062499999999,0.6327708333333334
obstacle,15601.127400000001,0.5565310876187063,Large (>96²),0.8252812500000001,0.41302083333333334
obstacle,13133.4472,0.47592102094871175,Large (>96²),0.80190625,0.44908333333333333
obstacle,14233.8375,0.5226322486820578,Large (>96²),0.13479687499999998,0.6196875
obstacle,16368.040799999999,0.6341341964396863,Large (>96²),0.8186875,0.469125
obstacle,15210.2925,0.6166825851639605,Large (>96²),0.7965781249999999,0.4934791666666667
obstacle,11227.5515,2.1628036086051354,Large (>96²),0.24348437500000003,0.8273541666666666
obstacle,8655.311099999999,2.158060950576346,Medium,0.21354687499999997,0.8680625
obstacle,16615.1875,0.5057655172413793,Large (>96²),0.856796875,0.6223958333333334
obstacle,15145.376999999999,0.4364163401148747,Large (>96²),0.8195625,0.4627708333333333
obstacle,14865.409499999998,0.4900384681632887,Large (>96²),0.813265625,0.36285416666666664
obstacle,3496.9519,0.5964476949196814,Medium,0.806265625,0.4481458333333333
obstacle,13754.8125,0.6430769230769231,Large (>96²),0.837078125,0.3046875
obstacle,10418.7818,0.46041348135345345,Large (>96²),0.587375,0.42102083333333334
obstacle,12180.1894,0.6217046509966421,Large (>96²),0.48362499999999997,0.6283958333333334
obstacle,9704.791200000001,0.7910798122065728,Large (>96²),0.7875625,0.7064166666666666
obstacle,16103.304,1.411797752808989,Large (>96²),0.5506875,0.7138333333333333
obstacle,7904.6986,0.5414218323264091,Medium,0.8977812500000001,0.7482708333333333
obstacle,5574.1923,0.757724145971785,Medium,0.399734375,0.6387708333333334
obstacle,9085.678,0.6728915662650602,Medium,0.699015625,0.7405416666666667
obstacle,5225.5665,0.567364801500469,Medium,0.46104687499999997,0.6565624999999999
obstacle,13772.7824,1.3093798751950076,Large (>96²),0.739796875,0.736
obstacle,4775.0455999999995,0.6362691908114971,Medium,0.1560625,0.5573958333333332
obstacle,5065.488,0.5379225061830173,Medium,0.3871875,0.5426249999999999
obstacle,4903.5072,0.6841483581384361,Medium,0.0905,0.43820833333333337
obstacle,11651.0014,1.3578754183309945,Large (>96²),0.648375,0.6524791666666666
obstacle,5076.708799999999,0.571625636672326,Medium,0.461796875,0.5310833333333334
obstacle,12062.856200000002,1.222367626333803,Large (>96²),0.722265625,0.57775
obstacle,5377.0554,0.8405851462865717,Medium,0.114984375,0.5122083333333334
obstacle,2839.917,0.749634443541836,Medium,0.30128125,0.5089375
obstacle,8500.5034,0.6049434789944321,Medium,0.562421875,0.5325416666666667
obstacle,6289.6184,0.8607861488067383,Medium,0.16496875,0.47120833333333334
obstacle,3066.0272,0.8017464424320827,Medium,0.3795625,0.5083333333333333
obstacle,13653.9984,0.9406540504648074,Large (>96²),0.822890625,0.5997083333333334
obstacle,13896.61,0.5959007268679195,Large (>96²),0.28540625,0.5481458333333333
obstacle,22933.5304,0.9753488978740055,Large (>96²),0.669875,0.6335833333333334
obstacle,12312.746400000002,0.7151893910525112,Large (>96²),0.3354375,0.5894791666666668
obstacle,8203.142199999998,0.6444779294451338,Medium,0.36360937499999996,0.6
obstacle,7672.655999999999,0.6681597611048898,Medium,0.15634375,0.6569583333333334
obstacle,7577.4651,0.7330579325268024,Medium,0.137453125,0.7881875
obstacle,11878.6976,0.40756794751640113,Large (>96²),0.8912812499999999,0.578375
obstacle,8118.2501999999995,0.691775131542509,Medium,0.7538125,0.7743125
obstacle,15606.203999999998,0.5911496799606105,Large (>96²),0.570671875,0.5000416666666666
obstacle,11327.8968,0.7590864440078586,Large (>96²),0.187859375,0.6934166666666667
obstacle,14829.7892,1.0763332765377407,Large (>96²),0.49790624999999994,0.7380833333333333
obstacle,6293.3996,0.5187942618485564,Medium,0.12946875,0.605625
obstacle,10234.5381,1.2825478562632933,Large (>96²),0.357984375,0.5986041666666666
obstacle,4458.490400000001,0.6501630237893974,Medium,0.26640625,0.5996041666666667
obstacle,6235.3989,0.6603890089533807,Medium,0.5403593750000001,0.7316041666666667
obstacle,6500.824500000001,0.6169508037018996,Medium,0.098984375,0.7850208333333335
obstacle,3817.429,0.5321133412042502,Medium,0.730390625,0.721125
obstacle,17870.839000000004,0.6758501937150236,Large (>96²),0.487125,0.5956875
obstacle,5221.906300000001,0.4171060863347931,Medium,0.9271093749999999,0.3554375
obstacle,10904.581599999998,0.6538640235403439,Large (>96²),0.72178125,0.58675
obstacle,12153.375000000002,0.543187591924054,Large (>96²),0.12698437499999998,0.6883750000000001
obstacle,8634.9228,0.6878793288111388,Medium,0.551390625,0.5511250000000001
obstacle,5355.263599999999,0.6943748576634025,Medium,0.758875,0.5652916666666667
obstacle,14228.546999999999,0.5765117759388924,Large (>96²),0.14151562499999998,0.658875
obstacle,10088.229000000001,0.6128604832424005,Large (>96²),0.625484375,0.6475000000000001
obstacle,9685.7216,0.39789770542238173,Large (>96²),0.097,0.67225
obstacle,1642.7202,0.9705882352941176,Medium,0.494921875,0.6968333333333333
obstacle,5439.588,0.6371212121212121,Medium,0.607609375,0.48241666666666666
obstacle,3815.6675999999998,0.9777493196734433,Medium,0.49831249999999994,0.4254375
obstacle,9125.712000000001,0.6362725450901804,Medium,0.46021875,0.2592083333333333
obstacle,1400.1999,0.3676875708961271,Medium,0.038046875,0.7168958333333333
obstacle,1751.75,0.6993006993006994,Medium,0.0546875,0.6997291666666666
obstacle,7531.515,0.6599269868014602,Medium,0.46953125,0.5732708333333334
obstacle,1989.0939999999998,1.0545705733364032,Medium,0.24603124999999998,0.6994791666666667
obstacle,5501.845200000001,0.6635185591917417,Medium,0.31575,0.5620416666666667
obstacle,6223.061999999999,0.7265262020529443,Medium,0.16315624999999997,0.5588958333333333
obstacle,2361.9239,0.992211518753843,Medium,0.079578125,0.6987291666666667
obstacle,4975.2366,0.7096620088379314,Medium,0.28293749999999995,0.5581041666666666
obstacle,1546.3329999999999,1.1462020147018788,Medium,0.242875,0.6856458333333334
obstacle,20771.498,0.5224172517552658,Large (>96²),0.162765625,0.423125
obstacle,5052.561299999999,0.4692107545533391,Medium,0.923890625,0.5251874999999999
obstacle,11394.515,0.5829339818324869,Large (>96²),0.44946875,0.4951875
obstacle,1390.7396,1.1834889148191365,Medium,0.7912343749999999,0.6664166666666667
obstacle,5478.979200000001,0.7945568400770713,Medium,0.8435,0.5232083333333333
obstacle,14040.280799999999,0.6460453127119794,Large (>96²),0.16890624999999998,0.4932083333333333
obstacle,2022.5996,1.0466333030027297,Medium,0.252890625,0.3927916666666667
obstacle,4584.5496,0.8640856672158154,Medium,0.30015625,0.15870833333333334
obstacle,1911.3849999999998,0.8125773195876288,Medium,0.276421875,0.6211666666666666
obstacle,6094.9088,0.6161270862658356,Medium,0.2845625,0.3565
obstacle,5828.8548,0.5795193937581015,Medium,0.51790625,0.47452083333333334
obstacle,9317.4,0.6783276450511945,Large (>96²),0.40678125000000004,0.42470833333333335
obstacle,3618.4428000000003,1.0771221532091098,Medium,0.540234375,0.7785416666666667
obstacle,9080.1062,0.5999837424808975,Medium,0.611421875,0.46637500000000004
obstacle,19129.424399999996,1.6455203116304953,Large (>96²),0.30740625,0.7712083333333334
obstacle,10245.4624,3.096662030598053,Large (>96²),0.71971875,0.8697499999999999
obstacle,8855.0025,0.3094886195684304,Medium,0.45285937499999995,0.45839583333333334
obstacle,17633.2144,0.693209605617907,Large (>96²),0.181875,0.4177708333333333
obstacle,24841.8576,0.6200539568345323,Large (>96²),0.6457343750000001,0.55
obstacle,13170.4107,1.154883416050192,Large (>96²),0.192703125,0.5228541666666667
obstacle,32935.0472,0.645795509896825,Large (>96²),0.6263125,0.4705208333333334
obstacle,14052.375,0.9006484668961653,Large (>96²),0.17578125,0.4480625
obstacle,18360.8084,0.6291634958730902,Large (>96²),0.1926875,0.6440625
obstacle,15647.893400000003,1.3358588191813732,Large (>96²),0.528,0.6560208333333333
obstacle,11934.4544,1.002291055718475,Large (>96²),0.694296875,0.6632916666666666
obstacle,17603.85,0.7842744626885596,Large (>96²),0.81640625,0.6419999999999999
obstacle,23839.712,1.191671380090498,Large (>96²),0.559546875,0.6974583333333333
obstacle,21265.358099999998,0.9647066747491075,Large (>96²),0.407390625,0.6634375
obstacle,8844.375,1.0062933333333333,Medium,0.20024999999999998,0.6744791666666666
obstacle,7535.689700000001,0.4246678177314015,Medium,0.09098437499999999,0.6837291666666666
obstacle,6005.5944,0.8574501135141595,Medium,0.33059374999999996,0.8097708333333333
obstacle,9121.0056,0.9588844458115451,Medium,0.46065625,0.6858125
obstacle,8480.0724,0.9443858168003376,Medium,0.315609375,0.7470416666666666
obstacle,8293.35,1.146249706089819,Medium,0.15234375,0.8074166666666667
obstacle,31848.841500000006,0.5726582707882797,Large (>96²),0.785234375,0.49131250000000004
obstacle,4919.1955,0.6491671453187823,Medium,0.442953125,0.5615625000000001
obstacle,6289.8485,0.6372420734776045,Medium,0.815046875,0.3841041666666667
obstacle,3684.3842,0.624820940226592,Medium,0.41740625,0.6321875
obstacle,6423.3918,0.7341244387427838,Medium,0.708890625,0.42925
obstacle,7567.6269,0.8935129848962295,Medium,0.477421875,0.7388541666666666
obstacle,11657.35,0.3765060240963855,Large (>96²),0.896484375,0.449375
obstacle,11351.5941,0.6111233399368994,Large (>96²),0.6874218750000001,0.45235416666666667
obstacle,7719.8026,0.9847526541676077,Medium,0.646671875,0.7469583333333334
obstacle,10380.0,0.541907514450867,Large (>96²),0.8828125,0.474125
obstacle,12022.3116,0.8596313208185353,Large (>96²),0.6784062499999999,0.6980416666666667
obstacle,15400.5386,0.9598168469250808,Large (>96²),0.6574375,0.6978958333333334
obstacle,12703.199999999999,0.5038100636060205,Large (>96²),0.875,0.35685416666666664
obstacle,8954.7348,0.9644043171440433,Medium,0.845703125,0.6794583333333333
obstacle,12547.356,1.0011612326931665,Large (>96²),0.8248749999999999,0.7059791666666667
obstacle,15434.8584,0.7603172375070185,Large (>96²),0.169265625,0.6110833333333333
obstacle,13422.528499999999,0.5113881859144497,Large (>96²),0.597140625,0.34481249999999997
obstacle,21925.5624,0.5778530725396581,Large (>96²),0.6615624999999999,0.4987291666666666
obstacle,10412.85,1.0587879399011797,Large (>96²),0.1640625,0.7933958333333334
obstacle,7599.6826,0.7566354021153462,Medium,0.5494843749999999,0.59075
obstacle,4761.352,2.6889258555133084,Medium,0.817390625,0.9123333333333332
obstacle,6956.766799999999,0.42821277263455204,Medium,0.9147187500000001,0.5710833333333334
obstacle,11209.416,0.9663881151346332,Large (>96²),0.77071875,0.6167083333333333
obstacle,5823.9522,1.0470635559131134,Medium,0.129265625,0.844625
obstacle,33902.547399999996,0.9468872212239721,Large (>96²),0.7200468750000001,0.5469583333333332
obstacle,22193.7075,0.553458177278402,Large (>96²),0.826796875,0.5491041666666666
obstacle,4297.799,1.0305048002477548,Medium,0.412578125,0.8654583333333332
obstacle,6206.6784,0.8534240150093808,Medium,0.5251875,0.44154166666666667
obstacle,21497.7093,0.3808982615650124,Large (>96²),0.753390625,0.4984375
obstacle,20758.3455,0.5245563766148896,Large (>96²),0.172171875,0.5473958333333333
obstacle,26176.1094,0.6186980407409208,Large (>96²),0.79803125,0.45339583333333333
obstacle,11138.436,0.6004405286343613,Large (>96²),0.16034375,0.41937499999999994
obstacle,12499.950599999998,0.37231894340446436,Large (>96²),0.5623437499999999,0.39431249999999995
obstacle,7928.700000000001,0.5198380566801619,Medium,0.54171875,0.565625
obstacle,20489.2118,0.6308400843413605,Large (>96²),0.745328125,0.5690000000000001
obstacle,10309.2537,0.6565318011331897,Large (>96²),0.189765625,0.5583541666666666
obstacle,7647.307199999999,0.9279576999339061,Medium,0.60665625,0.717125
obstacle,6075.858,0.8461175359924475,Medium,0.57165625,0.6122916666666666
obstacle,5937.8865,0.9289555972482801,Medium,0.372578125,0.7466041666666666
obstacle,5731.9,1.047863710113575,Medium,0.12109375,0.5273333333333333
obstacle,4761.555200000001,0.9226057906458797,Medium,0.261125,0.6044999999999999
obstacle,3830.0088,0.8302414605418139,Medium,0.146671875,0.565125
obstacle,3560.7991999999995,0.8366033108522379,Medium,0.08528125,0.6011666666666666
obstacle,4027.3169999999996,0.9209133524875246,Medium,0.20453125,0.6429791666666667
obstacle,4210.284,0.6231143552311436,Medium,0.59965625,0.2454166666666667
obstacle,19745.541999999998,1.0847168692558553,Large (>96²),0.228703125,0.30049999999999993
obstacle,30335.149200000003,0.7074077651149314,Large (>96²),0.409859375,0.43141666666666667
obstacle,13273.9026,0.49220557788332725,Large (>96²),0.873671875,0.406125
obstacle,29223.299199999998,0.8733872731248633,Large (>96²),0.26003125,0.6189166666666667
obstacle,18883.7736,0.8164781693845344,Large (>96²),0.806015625,0.6779583333333333
obstacle,23360.0202,0.6485931078090421,Large (>96²),0.5959843749999999,0.5568333333333333
obstacle,4603.9083,0.6373691022473232,Medium,0.084609375,0.5138958333333333
obstacle,7490.2293,1.3719041818920017,Medium,0.310734375,0.5092291666666667
obstacle,18086.2316,0.8394876686197029,Large (>96²),0.41034375,0.515375
obstacle,14291.6466,1.25602324927346,Large (>96²),0.66115625,0.7743125000000001
obstacle,15565.5066,0.35437541750166995,Large (>96²),0.22279687499999995,0.43662500000000004
obstacle,11883.047999999999,1.4868008948545859,Large (>96²),0.7923125000000001,0.8095833333333334
obstacle,26719.9625,0.48902673796791446,Large (>96²),0.356984375,0.48693749999999997
obstacle,27286.281600000002,1.261354364971444,Large (>96²),0.34196875000000004,0.6935833333333333
obstacle,26295.7487,1.200986686490505,Large (>96²),0.458671875,0.6798125
obstacle,29721.0134,1.154905872085775,Large (>96²),0.493921875,0.6657916666666667
obstacle,28725.154400000003,1.3741873011481531,Large (>96²),0.47971874999999997,0.6987916666666667
obstacle,17281.600000000002,1.481344319970373,Large (>96²),0.25,0.7319375
obstacle,6806.512000000001,0.7035380235868239,Medium,0.889375,0.7309583333333334
obstacle,7121.039199999999,0.6775263363246196,Medium,0.87934375,0.72575
obstacle,19943.0352,1.3720968812209686,Large (>96²),0.25846874999999997,0.7268333333333333
obstacle,7127.9124,0.6957123098201936,Medium,0.8899687500000001,0.7351666666666666
obstacle,19859.948,1.3365053322395404,Large (>96²),0.25456249999999997,0.7088333333333333
obstacle,7827.1726,0.7346444487502422,Medium,0.881484375,0.7445416666666667
obstacle,17991.8856,1.5054884742041714,Large (>96²),0.25715625000000003,0.6444166666666666
obstacle,7356.2755,0.6462648795575968,Medium,0.881171875,0.7309791666666666
obstacle,15870.3506,1.6215505913272008,Large (>96²),0.25065624999999997,0.7165208333333334
obstacle,7113.199800000001,0.6765164813731227,Medium,0.888484375,0.7448750000000001
obstacle,6932.8026,0.6959222522793307,Medium,0.8836562499999999,0.7443958333333334
obstacle,4082.2702000000004,0.4506198781256566,Medium,0.557921875,0.6271249999999999
obstacle,16659.086600000002,1.4343509325415238,Large (>96²),0.24153125000000003,0.7158541666666667
obstacle,7498.3636,0.7091315763882136,Medium,0.8860625000000001,0.7368125
obstacle,14993.9375,1.6807834833245103,Large (>96²),0.248046875,0.7036874999999999
obstacle,3875.6716,0.2796228658795549,Medium,0.9485624999999999,0.5950208333333333
obstacle,28485.9432,1.36349799363498,Large (>96²),0.30793750000000003,0.6709166666666666
obstacle,29914.3875,1.2874762185921407,Large (>96²),0.306640625,0.6717291666666667
obstacle,29561.3312,1.3251205141938938,Large (>96²),0.30924999999999997,0.6757500000000001
obstacle,31375.971800000003,1.269512117549774,Large (>96²),0.31184375000000003,0.6556875000000001
obstacle,29618.0676,1.3562051698470698,Large (>96²),0.31315624999999997,0.6742083333333333
obstacle,31160.9375,1.2763520000000002,Large (>96²),0.31857812500000005,0.6744791666666666
obstacle,3723.68,0.3676470588235294,Medium,0.55678125,0.5343333333333333
obstacle,10964.0979,0.7822451220542276,Large (>96²),0.186046875,0.5643541666666666
obstacle,10382.199999999999,0.6975409836065574,Large (>96²),0.192875,0.55625
obstacle,10221.5661,0.6826019449211408,Large (>96²),0.183921875,0.5587291666666666
obstacle,13841.3665,0.6996800568787771,Large (>96²),0.446703125,0.6722708333333334
obstacle,13086.2798,0.6555311770118197,Large (>96²),0.44809374999999996,0.6728124999999999
obstacle,13372.6968,0.6780119624038735,Large (>96²),0.44956250000000003,0.6710416666666668
obstacle,13050.4237,0.6774983788457382,Large (>96²),0.443765625,0.6778958333333333
obstacle,4699.0875,0.2796420581655481,Medium,0.943359375,0.6554791666666666
obstacle,17073.3563,0.7893520092472973,Large (>96²),0.532921875,0.6866875
obstacle,17539.396,0.7964285714285714,Large (>96²),0.535359375,0.6841666666666666
obstacle,15876.3456,0.6900712025316456,Large (>96²),0.5294531250000001,0.6718333333333334
obstacle,15017.932799999999,0.6637415237335461,Large (>96²),0.538,0.6866249999999999
obstacle,15985.05,0.6873442622950819,Large (>96²),0.51853125,0.6822916666666666
obstacle,1397.3912,0.6151909357952161,Medium,0.20940625000000002,0.5697916666666667
obstacle,12686.6215,0.9100533581773524,Large (>96²),0.514234375,0.7401458333333333
obstacle,15253.5625,0.6667768595041322,Large (>96²),0.520796875,0.6848958333333334
obstacle,9851.338800000001,0.4402995052814547,Large (>96²),0.8931875,0.6883750000000001
obstacle,9314.5224,0.42570308274743107,Large (>96²),0.896421875,0.6918333333333333
obstacle,6436.8,0.7078439597315437,Medium,0.89453125,0.792625
obstacle,9257.275300000001,0.42075102811299125,Large (>96²),0.8993593749999998,0.6909375
obstacle,9699.6669,0.4475918755519326,Large (>96²),0.893953125,0.6868958333333334
obstacle,19409.912500000002,0.8484628099173555,Large (>96²),0.20051562500000003,0.31506249999999997
obstacle,19482.7111,0.8563946164556121,Large (>96²),0.20182812499999997,0.3142708333333334
obstacle,17907.7176,0.8003743816018184,Large (>96²),0.21787499999999999,0.31162500000000004
obstacle,17047.471999999998,0.375046904315197,Large (>96²),0.21359374999999997,0.5054583333333333
obstacle,23449.8954,0.5199416113387013,Large (>96²),0.17253125,0.49972916666666667
obstacle,22291.574999999997,0.5305395648355937,Large (>96²),0.16989062500000002,0.48433333333333334
obstacle,8042.0732,0.7133170088528912,Medium,0.29050000000000004,0.6587083333333333
obstacle,9271.1119,0.580004745709088,Large (>96²),0.11460937499999999,0.6244791666666667
obstacle,9911.0844,0.7217955282471411,Large (>96²),0.13215625,0.620875
obstacle,19711.4565,0.46881248475981463,Large (>96²),0.674921875,0.5207291666666667
obstacle,8645.441200000001,0.7688608072425499,Medium,0.510640625,0.67925
obstacle,3851.8188,0.9178758876196357,Medium,0.09718750000000001,0.8511666666666665
obstacle,10901.6226,0.7517854177047002,Large (>96²),0.6362343750000001,0.7491249999999999
obstacle,20448.4,0.7288358208955223,Large (>96²),0.19075,0.6475833333333334
obstacle,2411.5862,0.8762866946244757,Medium,0.5518906250000001,0.7188333333333332
obstacle,2769.5,1.8979057591623034,Medium,0.88671875,0.7936666666666666
obstacle,8542.8652,0.874633208539917,Medium,0.5100625,0.6031458333333333
obstacle,3245.5708999999997,1.0035167926850712,Medium,0.14520312500000002,0.7339791666666666
obstacle,13143.9,0.7048183948447568,Large (>96²),0.15035937500000002,0.7085833333333333
obstacle,1682.7540000000001,0.6495088408644402,Medium,0.7105,0.6629583333333333
obstacle,1956.0710000000001,0.6067277210285312,Medium,0.672296875,0.46029166666666665
obstacle,16229.5613,0.9121373416298074,Large (>96²),0.190109375,0.7030208333333333
obstacle,1821.3286,0.6565407252705524,Medium,0.65559375,0.35835416666666664
obstacle,13102.1579,0.6082305648293247,Large (>96²),0.24889062499999998,0.4268541666666667
obstacle,17886.650400000002,0.46981344813448134,Large (>96²),0.856796875,0.5344583333333334
obstacle,27912.921399999996,0.9873319852503866,Large (>96²),0.275015625,0.568125
obstacle,30360.6756,0.6718411891993602,Large (>96²),0.22965624999999998,0.492875
obstacle,17140.850000000002,0.5265199800476639,Large (>96²),0.1484375,0.5407708333333333
obstacle,17594.059,1.1073383577945262,Large (>96²),0.21809375000000003,0.6592708333333334
obstacle,1571.857,1.181793254729915,Medium,0.7399375,0.8059375000000001
obstacle,27101.9216,0.5615895848506919,Large (>96²),0.196671875,0.4815833333333333
obstacle,1720.5136000000002,1.287199124726477,Medium,0.74028125,0.8057916666666667
obstacle,23977.1875,0.8321060382916053,Large (>96²),0.220703125,0.5682708333333333
obstacle,18645.979799999997,0.9835136901735783,Large (>96²),0.21159374999999997,0.6402291666666666
obstacle,2477.3492,1.2640614411565394,Medium,0.36178125000000005,0.7831875
obstacle,2945.0377,0.7063651850704662,Medium,0.144203125,0.6953125
obstacle,4911.000599999999,1.3765277080194207,Medium,0.34940625000000003,0.8188958333333333
obstacle,19984.5,0.4053141184417924,Large (>96²),0.859375,0.5061458333333334
obstacle,5239.4374,1.4145580019717385,Medium,0.5556093750000001,0.8299166666666667
obstacle,34902.2232,0.7265261428962497,Large (>96²),0.39203125,0.5207916666666667
obstacle,5051.125599999999,0.6226268457866104,Medium,0.8363125,0.6980625
obstacle,33190.9632,0.776702786377709,Large (>96²),0.5711875,0.5571666666666667
obstacle,4826.0142000000005,0.6682748882089903,Medium,0.690296875,0.6961666666666667
obstacle,31868.4375,0.8935663224781573,Large (>96²),0.263671875,0.5978958333333334
obstacle,13685.1562,0.7009232090460173,Large (>96²),0.6711875,0.6359791666666667
obstacle,3193.2912000000006,0.7000296120817293,Medium,0.5113749999999999,0.7396666666666667
obstacle,11266.189199999999,1.295903045903046,Large (>96²),0.811171875,0.8005416666666666
obstacle,23617.899,0.470281124497992,Large (>96²),0.22335937499999997,0.5053333333333333
obstacle,7568.7825,0.7225207620908648,Medium,0.348640625,0.6600208333333334
obstacle,8419.392,0.6617021276595745,Medium,0.13990625,0.643
obstacle,8612.800000000001,0.5689206762028608,Medium,0.109375,0.5827083333333333
obstacle,11889.927800000001,0.6687415629218539,Large (>96²),0.139328125,0.59375
obstacle,10833.520700000001,0.6539507419780902,Large (>96²),0.131515625,0.5981458333333334
obstacle,11640.300000000001,0.6390782454060462,Large (>96²),0.13479687499999998,0.5920833333333334
obstacle,11418.875,0.5781272235662445,Large (>96²),0.12698437499999998,0.5856666666666667
obstacle,9127.5072,0.5698482932996207,Medium,0.1373125,0.5917916666666667
obstacle,11718.559000000001,0.6104655359076145,Large (>96²),0.13215625,0.5932708333333333
obstacle,10829.635199999999,0.6221009549795361,Large (>96²),0.12825,0.5960416666666667
obstacle,35691.39,0.6862229237919846,Large (>96²),0.74190625,0.4970833333333333
obstacle,4432.9142,0.7638487792071409,Medium,0.354390625,0.7110833333333333
obstacle,10391.8125,0.4885155982173466,Large (>96²),0.111359375,0.5694374999999999
obstacle,10069.525,0.5219958240334078,Large (>96²),0.11328125,0.5636875
obstacle,10874.022,0.5288005578800558,Large (>96²),0.11851562499999999,0.5675416666666667
obstacle,10860.3055,0.541263678079774,Large (>96²),0.11976562500000001,0.5695208333333334
obstacle,9901.362000000001,1.1852297592997811,Large (>96²),0.830703125,0.7268749999999999
obstacle,18388.2,0.7067575945443273,Large (>96²),0.7593125,0.6147916666666667
obstacle,13725.436599999999,0.569606390517297,Large (>96²),0.7423125,0.6158541666666667
obstacle,14622.9842,0.7218436028946813,Large (>96²),0.7894375,0.6662708333333334
obstacle,4795.875,0.6264000000000001,Medium,0.567390625,0.5
obstacle,18038.880800000003,0.7428608098568953,Large (>96²),0.32540625,0.6753125
obstacle,19357.975,0.6899701492537313,Large (>96²),0.409765625,0.3489583333333333
obstacle,5780.581,0.732245357343838,Medium,0.1211875,0.41735416666666664
obstacle,20609.722,0.6602331899479285,Large (>96²),0.5247343750000001,0.3680833333333334
obstacle,5621.1732,0.6391554702495201,Medium,0.23165624999999998,0.43670833333333337
obstacle,5798.063999999999,0.699395936298737,Medium,0.19606249999999997,0.6644791666666666
obstacle,26599.1986,0.6004656245545683,Large (>96²),0.507375,0.5355208333333333
obstacle,40768.996999999996,0.7434769611820472,Large (>96²),0.5532812500000001,0.5121875
obstacle,7668.5,0.6389776357827476,Medium,0.109375,0.6120208333333333
obstacle,16522.9272,0.5510510510510511,Large (>96²),0.8509062500000001,0.6201666666666666
obstacle,15793.9446,0.591688089117395,Large (>96²),0.848984375,0.6335833333333334
obstacle,18975.3,0.4756183037949334,Large (>96²),0.8515625,0.5700000000000001
obstacle,17090.625,0.5142622051563357,Large (>96²),0.853515625,0.5907083333333334
obstacle,14840.253200000001,0.5818045206937574,Large (>96²),0.8548125000000001,0.6290625000000001
obstacle,13895.5875,0.5668391134955612,Large (>96²),0.861328125,0.6213541666666667
obstacle,14699.410800000001,0.46877117686921166,Large (>96²),0.867203125,0.6310833333333333
obstacle,7611.6534,1.1961890435000628,Medium,0.8509062500000001,0.7886875
obstacle,3630.8125,0.5271719484275215,Medium,0.931640625,0.7458125
obstacle,17935.050000000003,0.6563823351482153,Large (>96²),0.49321874999999993,0.5770000000000001
obstacle,14541.8144,0.8663167644334671,Large (>96²),0.46965625,0.632875
obstacle,19409.4264,0.715439256875721,Large (>96²),0.47059375000000003,0.5735625
obstacle,2955.2067999999995,0.4046337467821203,Medium,0.9459687500000001,0.740375
obstacle,13129.006800000001,0.729868774232031,Large (>96²),0.495421875,0.6268333333333334
obstacle,20544.125,0.5970350404312669,Large (>96²),0.220171875,0.5319583333333333
obstacle,24161.684400000002,0.708414554905783,Large (>96²),0.20442187500000003,0.5457916666666667
obstacle,11490.1336,0.650737507525587,Large (>96²),0.6129843749999999,0.6259166666666667
obstacle,8741.2045,1.05673446948873,Medium,0.8289843749999999,0.8023541666666667
obstacle,20152.761199999997,0.7323969134313961,Large (>96²),0.195609375,0.562375
obstacle,12536.220800000001,0.6541934551759011,Large (>96²),0.61284375,0.6230625
obstacle,8389.2882,1.0937428636675042,Medium,0.8321093749999999,0.7987916666666666
obstacle,5136.017400000001,0.9688229638785881,Medium,0.6531875,0.8114375
obstacle,10585.0218,0.7359292920870508,Large (>96²),0.36574999999999996,0.6251458333333333
obstacle,10757.458799999999,0.38278453829634934,Large (>96²),0.10023437500000001,0.5309583333333333
obstacle,11541.8384,0.7071070757670632,Large (>96²),0.3638125,0.6435833333333334
obstacle,5549.5035,0.93284065862829,Medium,0.648859375,0.8167708333333333
obstacle,16493.970100000002,0.4424820013466619,Large (>96²),0.138703125,0.4953125
obstacle,4642.3135999999995,1.0840464547677262,Medium,0.6525000000000001,0.8134166666666667
obstacle,10636.3764,0.7403637577173369,Large (>96²),0.362625,0.6322500000000001
obstacle,8685.4095,0.47410417436276325,Medium,0.10023437500000001,0.5965208333333333
obstacle,7958.7846,1.0713539853811347,Medium,0.8435,0.8062708333333333
obstacle,17310.2004,0.7671925970308234,Large (>96²),0.3675625,0.5985208333333334
obstacle,9533.576,1.8992237120677489,Large (>96²),0.32228124999999996,0.8003541666666666
obstacle,9842.375,0.8002705139765555,Large (>96²),0.861328125,0.7602916666666667
obstacle,8410.83,1.7914477524810275,Medium,0.411828125,0.8155833333333332
obstacle,8817.776399999999,1.0688098645821864,Medium,0.8483124999999999,0.8107708333333332
obstacle,27212.087499999998,1.309218283970313,Large (>96²),0.705078125,0.6996875
obstacle,3304.4052000000006,1.6589737844499217,Medium,0.36568750000000005,0.8603124999999999
obstacle,18594.1875,1.079390476190476,Large (>96²),0.22135937499999997,0.7265208333333334
obstacle,18122.3196,0.46441227093246934,Large (>96²),0.41915625,0.5311666666666667
obstacle,35911.13050000001,0.6694443245110315,Large (>96²),0.516828125,0.5053125
obstacle,28845.204299999998,0.7078317729231683,Large (>96²),0.5084843749999999,0.5621041666666666
obstacle,14226.0,0.3954027836355968,Large (>96²),0.1171875,0.505875
obstacle,34995.7375,0.7483468208092486,Large (>96²),0.732046875,0.5495208333333333
obstacle,36461.876399999994,0.750476363306415,Large (>96²),0.7415312500000001,0.5407916666666667
obstacle,18954.0875,0.5679019103399201,Large (>96²),0.837890625,0.5811875000000001
obstacle,20442.1152,0.6876232455631598,Large (>96²),0.4613125,0.6234166666666667
obstacle,31968.509599999998,0.7251857496666031,Large (>96²),0.62984375,0.5417500000000001
obstacle,24334.7894,0.6109329592143501,Large (>96²),0.637578125,0.41579166666666667
obstacle,5657.5216,0.7564754856614246,Medium,0.10221875,0.7781666666666668
obstacle,4938.1035,0.7013466809677036,Medium,0.275203125,0.7338125000000001
obstacle,14076.4169,0.5535210384398319,Large (>96²),0.574140625,0.4120625
obstacle,24697.341899999996,0.7019779282401236,Large (>96²),0.20573437499999997,0.5088541666666667
obstacle,20860.512,0.7125657510227937,Large (>96²),0.52771875,0.6393749999999999
obstacle,7984.9,0.6136582800035066,Medium,0.890625,0.6842708333333333
obstacle,13325.653999999999,1.0150113457846046,Large (>96²),0.44456249999999997,0.7612916666666667
obstacle,7173.9,1.1290929619872037,Medium,0.859375,0.7945625
obstacle,1428.4548000000002,0.9955121436114044,Medium,0.6253593749999999,0.5773333333333334
obstacle,11535.111,0.7423987164059367,Large (>96²),0.49093749999999997,0.4173541666666667
obstacle,1067.1962,0.9374629519857735,Medium,0.49992187499999996,0.6032916666666667
obstacle,7674.928800000001,1.428844317096466,Medium,0.49565625,0.3315208333333333
obstacle,1493.96,0.764705882352941,Medium,0.47078125000000004,0.5816666666666667
obstacle,6087.1104,0.4455852156057495,Medium,0.9186250000000001,0.5325416666666667
obstacle,996.1992,1.1157965194109773,Small (<32²),0.67446875,0.7532083333333334
obstacle,3474.4595999999997,0.9377361590274356,Medium,0.9108125000000001,0.8594791666666667
obstacle,3893.2585,0.5394938198940553,Medium,0.334609375,0.35777083333333337
obstacle,15162.351300000002,0.7923805392901033,Large (>96²),0.561890625,0.28818750000000004
obstacle,8327.688499999998,0.6237126784941583,Medium,0.384765625,0.3252291666666667
obstacle,6589.1178,0.7808621815806662,Medium,0.769609375,0.332
obstacle,4364.5431,1.1134004152691261,Medium,0.129453125,0.7848958333333333
obstacle,4401.5735,1.2370494551550715,Medium,0.12004687500000003,0.8249375
obstacle,4688.2006,1.3426975799627687,Medium,0.14359375000000002,0.7844374999999999
obstacle,3487.824,1.1597374179431073,Medium,0.1294375,0.8133333333333332
obstacle,3217.7136,1.60392944853762,Medium,0.13378125000000002,0.8203541666666667
obstacle,3645.7806,1.1538872086817291,Medium,0.13771875,0.8243541666666666
obstacle,3383.6205,1.3453639082751745,Medium,0.131453125,0.8203958333333332
obstacle,3323.6027000000004,1.5052138752926154,Medium,0.13201562500000003,0.8161458333333333
obstacle,4110.4118,1.0755418958265932,Medium,0.132453125,0.7954583333333333
obstacle,2903.355,1.4024175824175824,Medium,0.12367187500000001,0.8333333333333334
obstacle,3008.8041,1.2314383977341694,Medium,0.12970312499999997,0.8326875
obstacle,3713.9024000000004,1.2494497432134997,Medium,0.12471875000000002,0.8286250000000001
obstacle,9847.942899999998,0.2665036674816626,Large (>96²),0.080078125,0.4749791666666666
obstacle,3826.7138,0.602585016940645,Medium,0.2321875,0.6428541666666666
obstacle,10135.4967,0.2810278552998789,Large (>96²),0.083390625,0.4714375
obstacle,3435.4689,0.6312864307984276,Medium,0.236515625,0.6536458333333334
obstacle,10037.9643,0.2816356798559246,Large (>96²),0.08304687499999999,0.4823958333333333
obstacle,3825.765,0.6537254901960784,Medium,0.240484375,0.6381666666666667
obstacle,12163.6375,0.30842439196334154,Large (>96²),0.095703125,0.46822916666666664
obstacle,10131.0021,0.26006991944064445,Large (>96²),0.08017187499999999,0.4744791666666667
obstacle,3745.189,0.5860645484113085,Medium,0.242328125,0.642375
obstacle,3704.0168000000003,0.6355776788053445,Medium,0.22712500000000002,0.6504166666666668
obstacle,10619.903,0.2824651882413615,Large (>96²),0.085546875,0.47758333333333336
obstacle,9997.099400000001,0.26007344690400896,Large (>96²),0.079671875,0.47525
obstacle,3775.9008,0.5860221751588389,Medium,0.23143750000000002,0.6487291666666667
obstacle,3566.3030999999996,0.5655459010200227,Medium,0.23542187500000003,0.6485625
obstacle,10468.7682,0.277100375572362,Large (>96²),0.08415625,0.4763541666666667
obstacle,3915.8612,0.680996966899644,Medium,0.23268750000000002,0.6358958333333333
obstacle,10234.051200000002,0.2728211482858323,Large (>96²),0.08256250000000001,0.47470833333333334
obstacle,9889.351999999999,0.2687135112593828,Large (>96²),0.08054687499999999,0.47575
obstacle,3383.0748,0.5858665613896566,Medium,0.24315625000000002,0.6376458333333334
obstacle,4336.236800000001,0.6064333017975402,Medium,0.24159375,0.6415416666666667
obstacle,10160.64,0.275625,Large (>96²),0.0826875,0.46804166666666663
obstacle,10704.1175,0.2866235446313066,Large (>96²),0.086578125,0.48364583333333333
obstacle,3586.1267000000003,0.7250106640125125,Medium,0.248046875,0.6474375
obstacle,3774.7370000000005,0.6283060250290285,Medium,0.23984375,0.6398125
obstacle,11253.2165,0.2771849719589061,Large (>96²),0.08729687500000001,0.4698541666666667
obstacle,10032.984,0.2654835390946502,Large (>96²),0.080671875,0.47287500000000005
obstacle,3795.95,0.632,Medium,0.24384375,0.6486666666666667
obstacle,9984.4706,0.26677349322857435,Large (>96²),0.080671875,0.48070833333333335
obstacle,14200.920700000002,1.3572196695669176,Large (>96²),0.7830468749999999,0.7510625000000001
obstacle,9945.608,0.2781891262957478,Large (>96²),0.0821875,0.46695833333333336
obstacle,15602.7456,1.2447302608074313,Large (>96²),0.78225,0.7667499999999999
obstacle,10000.848,0.2672663358147229,Large (>96²),0.08078125,0.46070833333333333
obstacle,15059.07,1.2490892531876139,Large (>96²),0.7857031250000001,0.77125
obstacle,9573.814,0.2600854789951006,Large (>96²),0.07796875,0.47358333333333336
obstacle,15056.2203,1.2698135733308844,Large (>96²),0.783953125,0.7726458333333334
obstacle,3644.9874000000004,0.5850753832509819,Medium,0.23621875,0.6366875000000001
obstacle,14212.272399999998,1.267755950132225,Large (>96²),0.780078125,0.76225
obstacle,10777.753600000002,0.3112639724849527,Large (>96²),0.0905,0.484875
obstacle,14825.6116,1.2538164428913003,Large (>96²),0.78696875,0.758625
obstacle,9921.2328,0.2667081453829004,Large (>96²),0.080375,0.46497916666666667
obstacle,3558.0839,0.7000981904895496,Medium,0.251953125,0.6373958333333333
obstacle,10670.39,0.27918158567774937,Large (>96²),0.08528125,0.478125
obstacle,3874.0367999999994,0.6066825178325617,Medium,0.23718749999999997,0.6421875
obstacle,3831.8763000000004,0.6283775131258804,Medium,0.23845312500000002,0.6376458333333334
obstacle,7792.4966,1.3609092110479715,Medium,0.45646875,0.6201458333333334
obstacle,10856.425,0.26611545697593825,Large (>96²),0.083984375,0.4715833333333333
obstacle,10648.5975,0.2753623188405797,Large (>96²),0.08457812499999999,0.47289583333333335
obstacle,3187.4891999999995,0.5822408433572105,Medium,0.237875,0.6581041666666666
obstacle,12552.4984,1.233445678033307,Large (>96²),0.796515625,0.7823333333333333
obstacle,14103.026399999999,1.1226802284082797,Large (>96²),0.803359375,0.7665000000000001
obstacle,11378.25,0.27807988926240856,Large (>96²),0.087890625,0.46225
obstacle,12847.8532,1.2840147955613315,Large (>96²),0.7993125,0.7848958333333333
obstacle,10717.9475,0.284808495283262,Large (>96²),0.086296875,0.47156250000000005
obstacle,10631.698,0.9570208728652752,Large (>96²),0.829328125,0.6928750000000001
obstacle,10355.6622,0.2801269048733552,Large (>96²),0.08415625,0.48072916666666665
obstacle,17286.5517,1.0859158278513117,Large (>96²),0.774203125,0.6777708333333333
obstacle,9769.653000000002,0.5052858683926645,Large (>96²),0.8837187500000001,0.7028541666666667
obstacle,12234.671999999999,0.30373692077727954,Large (>96²),0.09525,0.5431666666666666
obstacle,11629.9008,0.24850922202191095,Large (>96²),0.08399999999999999,0.5451875
obstacle,10596.892399999999,0.30832299476778685,Large (>96²),0.08931249999999999,0.5631875
obstacle,11989.4515,0.3174170311294057,Large (>96²),0.096390625,0.5464791666666666
obstacle,12427.553000000002,0.29413767939674046,Large (>96²),0.098375,0.5196875000000001
obstacle,11894.2368,0.2940533015115354,Large (>96²),0.09240625,0.5358333333333333
obstacle,7518.319399999999,0.23585751092192225,Medium,0.065765625,0.5269999999999999
obstacle,9997.658599999999,0.2834096475348738,Large (>96²),0.086109375,0.5292083333333333
obstacle,9943.9935,0.3148033534012266,Large (>96²),0.08742187500000001,0.5169374999999999
obstacle,10427.7472,0.27386870291600474,Large (>96²),0.08740624999999999,0.5413958333333333
obstacle,10933.9445,0.3092591607722172,Large (>96²),0.09085937499999999,0.5503125
obstacle,29821.704,1.4810429880197322,Large (>96²),0.4310625,0.7043750000000001
obstacle,27104.647200000003,1.3862547378960164,Large (>96²),0.38715625,0.7086458333333333
obstacle,5797.5594,0.8551129463201359,Medium,0.890015625,0.6793333333333335
obstacle,13275.024700000002,1.3379178797309508,Large (>96²),0.5305156249999999,0.3724791666666667
obstacle,14964.8202,0.8295733750279205,Large (>96²),0.45403125,0.5367291666666667
obstacle,1389.4832,0.9462421711899791,Medium,0.46681249999999996,0.6467083333333333
obstacle,10048.528,0.8340925655976675,Large (>96²),0.478984375,0.396625
obstacle,1975.113,0.9779706275033379,Medium,0.24964062499999998,0.8994166666666666
obstacle,11147.7918,1.0304778386693587,Large (>96²),0.27425,0.6454791666666666
obstacle,5923.5792,0.4677863680796232,Medium,0.08225,0.7614375
obstacle,59801.28569999999,0.6741765436658497,Large (>96²),0.51203125,0.654375
obstacle,41738.854999999996,0.670501002004008,Large (>96²),0.60314375,0.5151666666666667
obstacle,18166.334399999996,0.4007138831486004,Large (>96²),0.344675,0.4969333333333333
obstacle,56385.537,0.4627990259275175,Large (>96²),0.8990375,0.6758083333333333
obstacle,64442.936400000006,0.6378279745800037,Large (>96²),0.5930624999999999,0.6556333333333333
obstacle,22114.152000000002,0.37636138613861386,Large (>96²),0.42720625,0.5813333333333334
obstacle,35632.4526,0.7867211728221033,Large (>96²),0.68574375,0.6380333333333335
obstacle,112762.5759,0.6503758495641105,Large (>96²),0.70291875,0.619675
obstacle,63312.056800000006,0.7316766385640466,Large (>96²),0.23548124999999998,0.6446166666666666
obstacle,37367.7408,0.6775677056719469,Large (>96²),0.33612499999999995,0.5889166666666668
obstacle,6544.879599999999,0.6114440363425478,Medium,0.3516875,0.5436666666666666
obstacle,9215.8024,1.4143954410307236,Medium,0.178390625,0.6959583333333333
obstacle,40712.096600000004,0.32721911943979815,Large (>96²),0.9278625000000001,0.680425
obstacle,44681.2548,0.3475762815864339,Large (>96²),0.9221125000000001,0.6614666666666666
obstacle,67319.6103,0.6741242365747919,Large (>96²),0.73409375,0.6533416666666667
obstacle,103794.0436,0.2982337186832559,Large (>96²),0.8897750000000001,0.5058166666666667
obstacle,84017.06839999999,2.0285981032873077,Large (>96²),0.2698625,0.8239916666666667
obstacle,55108.9404,0.5339600323725331,Large (>96²),0.10721249999999999,0.7015166666666666
obstacle,28365.632400000002,0.2340504983770431,Large (>96²),0.0567,0.6829583333333333
obstacle,44247.0597,0.3774350886416075,Large (>96²),0.08076875,0.664675
obstacle,41095.7268,0.42103578516100115,Large (>96²),0.0822125,0.6898333333333333
obstacle,30291.650999999998,0.23210430161102805,Large (>96²),0.052406249999999995,0.6656166666666666
obstacle,36287.5458,0.36204554786948423,Large (>96²),0.0716375,0.724625
obstacle,27187.8903,1.2224904445785556,Large (>96²),0.11394375,0.7308416666666666
obstacle,95698.67229999999,1.1615858969445705,Large (>96²),0.24971875000000002,0.7608083333333333
obstacle,132155.4,1.1509177831552853,Large (>96²),0.24375,0.6657166666666666
obstacle,110126.50240000001,0.604338455772114,Large (>96²),0.5698875,0.5891333333333334
obstacle,93958.37759999999,0.6478481212089384,Large (>96²),0.24868749999999998,0.6108583333333333
obstacle,169110.445,1.5136574420344053,Large (>96²),0.6011,0.6432416666666666
obstacle,26317.608900000003,1.188134112746086,Large (>96²),0.20955625,0.6528916666666666
obstacle,69902.5756,0.64077023222017,Large (>96²),0.469775,0.5580916666666667
obstacle,72195.465,0.5422033433817485,Large (>96²),0.18114375,0.5164333333333334
obstacle,75080.0804,0.4354799865131737,Large (>96²),0.1130125,0.5062833333333333
obstacle,101167.83039999999,0.5034353529044348,Large (>96²),0.15258750000000001,0.5418166666666666
obstacle,107993.23199999999,0.3804241741741742,Large (>96²),0.12668125,0.53865
obstacle,30079.4928,1.5134061569016883,Large (>96²),0.34068750000000003,0.6645666666666666
obstacle,94654.5292,1.2182679199253783,Large (>96²),0.33776249999999997,0.5997666666666667
obstacle,58622.88330000001,0.2917084922706284,Large (>96²),0.08171875,0.6033416666666667
obstacle,66442.114,1.8951612903225807,Large (>96²),0.53686875,0.62345
obstacle,115895.4278,0.5195316635260739,Large (>96²),0.15336249999999998,0.5743583333333333
obstacle,132771.012,0.6830656868082018,Large (>96²),0.29063125,0.6309333333333333
obstacle,35683.9112,0.8517686144225132,Large (>96²),0.7868499999999998,0.7063666666666667
obstacle,131861.2873,0.6411828265231868,Large (>96²),0.18173124999999998,0.5464416666666667
obstacle,100306.7592,0.5763459417997028,Large (>96²),0.40027500000000005,0.5304333333333333
obstacle,42203.9673,1.1387979845202847,Large (>96²),0.86298125,0.5844583333333333
obstacle,27398.5024,0.8293353873239437,Large (>96²),0.4942125,0.6728833333333334
obstacle,61530.12320000001,0.3327132359780486,Large (>96²),0.089425,0.5980500000000001
obstacle,83470.6814,1.8535413034258517,Large (>96²),0.338775,0.5923916666666666
obstacle,85430.6882,1.218642595460211,Large (>96²),0.20166250000000002,0.5981583333333333
obstacle,67974.6018,0.8528922106903758,Large (>96²),0.290875,0.6955083333333333
obstacle,31640.048800000004,0.6530074504815555,Large (>96²),0.6726624999999999,0.6652833333333333
obstacle,77213.44200000001,0.7129140079003342,Large (>96²),0.8533625,0.5860000000000001
obstacle,55181.36359999999,2.010502806784572,Large (>96²),0.208175,0.7016916666666666
obstacle,39506.2824,0.3691917339202739,Large (>96²),0.07548125,0.6530333333333334
obstacle,46571.352999999996,2.1061869535978484,Large (>96²),0.6052187499999999,0.7004333333333334
obstacle,154064.82869999998,0.48130865899570496,Large (>96²),0.17019375,0.5208416666666666
obstacle,49250.0183,0.6993631533330821,Large (>96²),0.44169375,0.6724416666666666
obstacle,56639.301600000006,1.9194318314122716,Large (>96²),0.5391125,0.70685
obstacle,42593.1,0.2840835722217918,Large (>96²),0.06875,0.6619583333333332
obstacle,74380.2592,0.6443371791853073,Large (>96²),0.2997125,0.6527666666666666
obstacle,62879.8807,1.7987377654169119,Large (>96²),0.44654375,0.655725
obstacle,94839.40889999998,0.7500492139823954,Large (>96²),0.17439375,0.6870083333333333
obstacle,73287.1992,1.574295513533556,Large (>96²),0.58001875,0.6343
obstacle,119919.6831,0.8937999945398454,Large (>96²),0.20846875,0.6562916666666666
obstacle,91452.3175,1.4720561685055167,Large (>96²),0.50625625,0.665375
obstacle,77565.98,0.5260553660251569,Large (>96²),0.140675,0.6607583333333334
obstacle,115714.9539,1.208862600601183,Large (>96²),0.65105625,0.49217500000000003
obstacle,87694.2288,0.5992001254705144,Large (>96²),0.14328125,0.5555500000000001
obstacle,139463.9926,1.3356130469765426,Large (>96²),0.43890625,0.5743166666666667
obstacle,20849.922,0.5984142290796101,Large (>96²),0.074625,0.6406
obstacle,167329.1196,1.1208944793850453,Large (>96²),0.729325,0.4613416666666667
obstacle,17727.7971,0.5206199533951119,Large (>96²),0.38119375000000005,0.5667416666666667
obstacle,94184.9662,0.5438794636420435,Large (>96²),0.8508437499999999,0.6455333333333333
obstacle,20320.8248,0.42571402416697185,Large (>96²),0.65716875,0.6038333333333333
obstacle,63898.992,0.3409405894853552,Large (>96²),0.11436249999999999,0.6212833333333333
obstacle,136820.5017,0.7369166144491633,Large (>96²),0.44558125,0.6370916666666666
obstacle,65356.596999999994,0.7414280902660829,Large (>96²),0.13758125,0.6320666666666667
obstacle,110309.38320000001,0.5636910278725954,Large (>96²),0.6029625,0.601875
obstacle,80773.5258,0.8329212292476156,Large (>96²),0.471725,0.6238250000000001
obstacle,72515.2707,0.48465654972725625,Large (>96²),0.69408125,0.5558583333333333
obstacle,79221.6864,0.7529905043778518,Large (>96²),0.1978375,0.5656
obstacle,79584.702,0.788786047097343,Large (>96²),0.55083125,0.54555
obstacle,64254.0503,0.6299589817453111,Large (>96²),0.40651875000000004,0.5287416666666667
obstacle,61542.694800000005,0.4080024718059633,Large (>96²),0.9009625,0.5148166666666666
obstacle,55409.7664,0.6283337823275863,Large (>96²),0.7348812499999999,0.54485
obstacle,83805.9044,0.6450726889357452,Large (>96²),0.6145437499999999,0.48425
obstacle,65368.71339999999,0.5245311880346722,Large (>96²),0.21311875,0.4237666666666666
obstacle,81135.55579999999,0.6877947941536132,Large (>96²),0.7630312499999999,0.4676333333333333
obstacle,51672.457800000004,0.4626709356952632,Large (>96²),0.9033625000000001,0.481775
obstacle,112411.53349999999,0.37805571347356454,Large (>96²),0.12884375,0.5237916666666667
obstacle,108890.06059999998,0.38034986730460135,Large (>96²),0.12911875,0.5054
obstacle,109817.0307,0.6722666204814804,Large (>96²),0.66693125,0.6208916666666666
obstacle,70152.36150000001,0.5226968745734952,Large (>96²),0.24378125,0.5306083333333333
obstacle,183310.7613,0.6484417611766253,Large (>96²),0.26260625,0.5530583333333334
obstacle,22667.170499999997,0.31017645100432806,Large (>96²),0.9475937499999999,0.607325
obstacle,174103.0655,0.6882120205976499,Large (>96²),0.7836562499999999,0.5552083333333333
obstacle,33469.8156,0.54718583212033,Large (>96²),0.52496875,0.62595
obstacle,164282.93,0.5124514305898975,Large (>96²),0.81864375,0.49868333333333337
obstacle,42950.832299999995,0.532481250660188,Large (>96²),0.58779375,0.6043583333333333
obstacle,82574.1312,0.300183038438072,Large (>96²),0.5281999999999999,0.4578
obstacle,55532.197499999995,1.2755811167026119,Large (>96²),0.16635624999999998,0.6389583333333333
obstacle,190010.13979999998,0.6479115116150239,Large (>96²),0.23659375000000002,0.4512833333333333
obstacle,45506.06970000001,0.32713086843445854,Large (>96²),0.48395625000000003,0.45715833333333333
obstacle,93741.30699999999,0.6162504486949387,Large (>96²),0.32041875,0.4890833333333333
obstacle,124587.4784,0.7100601604278075,Large (>96²),0.5657062500000001,0.46484999999999993
obstacle,39573.882000000005,0.3926231573642434,Large (>96²),0.78655625,0.4521
obstacle,140978.1714,0.4270969314048005,Large (>96²),0.15336249999999998,0.493025
obstacle,77928.0,0.5340314136125655,Large (>96²),0.521725,0.4816666666666667
obstacle,113071.1586,0.7332501464259339,Large (>96²),0.7366875,0.424025
obstacle,64236.2176,0.38108924395947,Large (>96²),0.37375,0.5668333333333334
obstacle,24288.581599999998,0.7619581046264142,Large (>96²),0.08502499999999999,0.5473666666666667
obstacle,137453.36,0.7230733944954129,Large (>96²),0.6364625,0.5648666666666667
obstacle,81592.5,0.6483439041578577,Large (>96²),0.85625,0.572325
obstacle,54706.732,0.3134035423647678,Large (>96²),0.7328,0.5697833333333333
obstacle,119384.467,0.4993046750378339,Large (>96²),0.15931875,0.5656
obstacle,48108.809,1.3898414404729909,Large (>96²),0.43935,0.5564916666666666
obstacle,112018.4406,1.4943569889331239,Large (>96²),0.3739875,0.6205583333333334
obstacle,48578.075899999996,0.34293381512872967,Large (>96²),0.88259375,0.6222583333333334
obstacle,142734.0436,1.094279543692546,Large (>96²),0.46356875000000003,0.6221166666666667
obstacle,92473.374,0.9834012718082505,Large (>96²),0.429825,0.5380583333333333
obstacle,45161.167799999996,0.44360171749145955,Large (>96²),0.9115375,0.571025
obstacle,77943.09599999999,0.9303161167731905,Large (>96²),0.4000375,0.6511083333333333
obstacle,62215.4812,0.5662181730421141,Large (>96²),0.88268125,0.6763333333333333
obstacle,39351.325600000004,2.144238576806673,Large (>96²),0.18540000000000004,0.6629083333333333
obstacle,16360.244999999997,0.7922755741127349,Large (>96²),0.07115624999999999,0.8146166666666667
obstacle,56556.977100000004,1.4634009868253726,Large (>96²),0.82018125,0.5912916666666668
obstacle,59054.71,1.502547288776797,Large (>96²),0.186175,0.554025
obstacle,67583.565,1.8285565669700912,Large (>96²),0.7802875,0.461575
obstacle,19206.5588,0.5781850104246681,Large (>96²),0.9341375,0.83145
obstacle,51865.4156,0.6144632223866727,Large (>96²),0.16149999999999998,0.7395583333333333
obstacle,45683.0715,0.758526547410456,Large (>96²),0.11634375000000001,0.5198583333333334
obstacle,64043.817599999995,0.6744986045304083,Large (>96²),0.1308625,0.6688666666666666
obstacle,32510.8134,0.20450954327706858,Large (>96²),0.0509625,0.5203083333333334
obstacle,25591.9925,0.9405880569869658,Large (>96²),0.57803125,0.47537500000000005
obstacle,63713.1032,0.5413630268757652,Large (>96²),0.6983374999999999,0.5704333333333333
obstacle,43403.782,0.8565970679697912,Large (>96²),0.3343,0.606
obstacle,19949.949,0.4384903891233005,Large (>96²),0.52134375,0.5748166666666666
obstacle,75942.7416,0.6133340911674434,Large (>96²),0.6973874999999999,0.5644666666666667
obstacle,37356.405099999996,0.751132236222591,Large (>96²),0.31431875,0.6013416666666667
obstacle,26847.597800000003,0.5911501102716906,Large (>96²),0.4825875,0.5518916666666667
obstacle,54624.5302,0.8435571973120604,Large (>96²),0.3043,0.5507583333333333
obstacle,102625.6208,0.6997597660330062,Large (>96²),0.7463374999999999,0.5077833333333333
obstacle,32392.3046,0.6514934074804916,Large (>96²),0.50151875,0.5475166666666667
obstacle,75918.46130000001,0.7484379415366259,Large (>96²),0.50859375,0.537175
obstacle,47257.952999999994,0.5979440116672002,Large (>96²),0.7468625,0.5362416666666667
obstacle,40128.6294,0.2530510772939581,Large (>96²),0.93703125,0.5014833333333333
obstacle,128858.59,0.6985331781140861,Large (>96²),0.7538624999999999,0.5715666666666667
obstacle,23611.4955,0.673986215739702,Large (>96²),0.21346875,0.5645416666666666
obstacle,92123.0172,0.3855406898244753,Large (>96²),0.8822125,0.5824
obstacle,24280.426600000003,0.6865362118472829,Large (>96²),0.33278125000000003,0.5932833333333334
obstacle,36303.1935,0.7368112808037123,Large (>96²),0.77529375,0.48810833333333337
obstacle,50794.843199999996,0.24907548882836203,Large (>96²),0.23258750000000003,0.6018916666666666
obstacle,175155.0,0.5138306071765008,Large (>96²),0.8125,0.4865416666666667
obstacle,25217.060400000002,0.2636616439242062,Large (>96²),0.0509625,0.6038166666666666
obstacle,102447.633,0.6835076843600673,Large (>96²),0.1653875,0.6354416666666667
obstacle,192351.39510000002,1.065572998799633,Large (>96²),0.29545625000000003,0.5805583333333334
obstacle,193421.88,1.4087547903060398,Large (>96²),0.5060625000000001,0.5937833333333333
obstacle,146653.1442,1.5013438279900173,Large (>96²),0.70673125,0.60365
obstacle,80248.85599999999,1.124504005390432,Large (>96²),0.18774999999999997,0.58635
obstacle,62171.18319999999,0.6886773613792185,Large (>96²),0.129325,0.5432166666666666
obstacle,54772.1504,0.7173566878980892,Large (>96²),0.131575,0.6094833333333334
obstacle,52711.17479999999,0.6004792763601998,Large (>96²),0.11888125000000001,0.6313
obstacle,45067.1716,0.4412666624945241,Large (>96²),0.09102500000000001,0.70035
obstacle,76176.8227,1.3720239358316004,Large (>96²),0.79669375,0.6139083333333334
obstacle,79252.7295,1.2376605413949813,Large (>96²),0.78119375,0.6545083333333334
obstacle,103709.8909,0.5638042388491222,Large (>96²),0.18479375,0.4054083333333333
obstacle,99601.6294,0.6140686298852858,Large (>96²),0.23149375,0.4336166666666667
obstacle,170474.1304,0.8331970021886675,Large (>96²),0.2432375,0.382025
obstacle,91662.5086,0.5494050825050188,Large (>96²),0.14025625,0.3403833333333333
obstacle,154647.59,0.7187668427293306,Large (>96²),0.20837499999999998,0.3865416666666667
obstacle,164341.70450000002,0.7257234118561793,Large (>96²),0.22256875,0.41880833333333334
obstacle,77545.2357,1.4556128417312943,Large (>96²),0.33978125000000003,0.385875
obstacle,28051.7606,0.3901838660351322,Large (>96²),0.0653875,0.45734166666666665
obstacle,139200.5536,0.41489563731160334,Large (>96²),0.8434625,0.4826916666666667
obstacle,165066.73559999999,0.5340960192830033,Large (>96²),0.810575,0.48545833333333327
obstacle,69578.476,0.4677331535689284,Large (>96²),0.12332499999999999,0.32859166666666667
obstacle,33244.425500000005,1.2932701303561402,Large (>96²),0.8699687499999998,0.563825
obstacle,16736.8068,0.892507667591646,Large (>96²),0.6908124999999999,0.5064000000000001
obstacle,78302.0511,0.575662265122963,Large (>96²),0.13269375,0.44009166666666666
obstacle,50459.292,0.8297648012976481,Large (>96²),0.8721125000000001,0.6842333333333334
obstacle,36138.5156,0.9331774988566491,Large (>96²),0.6294625,0.582175
obstacle,142223.9472,0.4724956255468067,Large (>96²),0.83796875,0.5043333333333334
obstacle,51939.2428,0.5265872763166274,Large (>96²),0.1033625,0.41135
obstacle,34883.4432,0.36786386958498407,Large (>96²),0.0708,0.43738333333333335
obstacle,139847.7664,0.6953574454800874,Large (>96²),0.784325,0.6262833333333333
obstacle,45619.053,0.5943331528604945,Large (>96²),0.11151249999999999,0.45374166666666665
obstacle,179285.40000000002,0.5360168758861569,Large (>96²),0.80625,0.5154833333333334
obstacle,56971.536,0.5891054087079555,Large (>96²),0.11914999999999999,0.32803333333333334
obstacle,116745.9384,0.3722234126133848,Large (>96²),0.8697125,0.4974
obstacle,37007.8086,0.5558871405317418,Large (>96²),0.18675625,0.33113333333333334
obstacle,54642.5176,0.23401349281900582,Large (>96²),0.929325,0.53065
obstacle,89003.6184,0.4255663430420712,Large (>96²),0.8783625,0.4881333333333333
obstacle,35611.044,0.6242672919109027,Large (>96²),0.6451125000000001,0.48173333333333335
obstacle,125073.86199999998,0.8420601971977166,Large (>96²),0.65955625,0.6198499999999999
obstacle,126130.3107,0.6632346533972346,Large (>96²),0.81921875,0.6224916666666667
obstacle,59807.477999999996,0.8392582880689268,Large (>96²),0.177525,0.41089166666666666
obstacle,89239.2552,0.7909732352853613,Large (>96²),0.5189374999999999,0.7196583333333334
obstacle,64480.6566,0.6389649636415147,Large (>96²),0.1268625,0.4327083333333333
obstacle,91927.31880000001,0.405536535674529,Large (>96²),0.120675,0.41860833333333336
obstacle,63646.791600000004,0.259274209825213,Large (>96²),0.08028750000000001,0.5616
obstacle,132751.884,0.6979890394625209,Large (>96²),0.19024999999999997,0.36735833333333334
obstacle,93182.80390000001,0.7053401931383607,Large (>96²),0.16024375,0.4714583333333333
obstacle,129892.47720000001,0.4844060792151864,Large (>96²),0.2769625,0.43257500000000004
obstacle,155029.9424,0.46578381751369347,Large (>96²),0.4756375,0.4807666666666666
obstacle,46378.799999999996,0.364390626751878,Large (>96²),0.08125,0.44373333333333337
obstacle,112771.269,0.5576384256170781,Large (>96²),0.15671875,0.4214
obstacle,62126.276099999995,0.22022856927682488,Large (>96²),0.6713312499999999,0.4426083333333333
obstacle,155564.235,0.8164719358533791,Large (>96²),0.33976875,0.43625
obstacle,87150.6972,0.28236374109007134,Large (>96²),0.82113125,0.49984999999999996
obstacle,134844.2298,0.7667215108376851,Large (>96²),0.20096250000000002,0.3595083333333334
obstacle,57151.561499999996,0.22679734656068845,Large (>96²),0.92884375,0.515025
obstacle,59423.584800000004,0.6285286847925068,Large (>96²),0.7686375,0.47709999999999997
obstacle,86106.6882,0.8460598081624978,Large (>96²),0.16870625,0.4623499999999999
obstacle,78851.0341,0.2847017690539077,Large (>96²),0.88904375,0.45502499999999996
obstacle,44835.8658,0.5225139111733178,Large (>96²),0.6937625,0.46487500000000004
obstacle,107323.1712,0.39632576194319535,Large (>96²),0.13082500000000002,0.43429999999999996
obstacle,74774.8127,0.6630832911467794,Large (>96²),0.35070625,0.44195833333333334
obstacle,77028.07949999999,0.3072882337667525,Large (>96²),0.9038562499999999,0.5071249999999999
obstacle,43499.3596,0.7047576879729512,Large (>96²),0.80078125,0.5019333333333332
obstacle,126130.33000000002,0.4276533844000884,Large (>96²),0.15478125,0.45256666666666673
obstacle,108811.08,0.5836170360591955,Large (>96²),0.7003874999999999,0.48997500000000005
obstacle,31647.8262,0.3208622556199452,Large (>96²),0.93703125,0.6280333333333333
obstacle,178915.58120000002,0.5291497557955561,Large (>96²),0.80769375,0.49235000000000007
obstacle,15022.205199999999,0.6038166487034806,Large (>96²),0.6183625,0.710925
obstacle,47811.269,1.1155926963578398,Large (>96²),0.21743125,0.5454333333333333
obstacle,62384.0571,1.8320598276702975,Large (>96²),0.21801874999999998,0.49879166666666663
obstacle,55107.098000000005,1.4698135619480455,Large (>96²),0.177875,0.45915833333333333
obstacle,55822.691399999996,1.412181873051001,Large (>96²),0.17548124999999998,0.4548333333333333
obstacle,169103.69,0.47130217028380633,Large (>96²),0.82355625,0.49916666666666665
obstacle,94422.80040000001,0.7175267394420555,Large (>96²),0.48539375000000007,0.5259166666666666
obstacle,38763.863999999994,0.5462087087087087,Large (>96²),0.71403125,0.5498
obstacle,91578.43759999999,0.6951454705752701,Large (>96²),0.15769375,0.5281166666666667
obstacle,130871.35599999999,0.7394342762063227,Large (>96²),0.6934625,0.5942833333333333
obstacle,109798.6848,0.8621868519867735,Large (>96²),0.1951875,0.38338333333333335
obstacle,109466.51479999999,0.8519221112536964,Large (>96²),0.1908625,0.29871666666666663
obstacle,170338.96880000003,0.5474069160855458,Large (>96²),0.31203749999999997,0.5334583333333334
obstacle,144246.9482,0.6017115313916915,Large (>96²),0.36393125,0.4381333333333333
obstacle,27805.275,0.3013662551440329,Large (>96²),0.9427875,0.5148083333333333
obstacle,69234.56509999999,0.6620179968459137,Large (>96²),0.14791875000000002,0.35870833333333335
obstacle,192248.9322,0.6828050205420074,Large (>96²),0.22644375,0.46038333333333337
obstacle,72894.15,1.3785605566427486,Large (>96²),0.800625,0.5814583333333333
obstacle,86130.4564,0.6987866013444229,Large (>96²),0.76199375,0.4497333333333333
obstacle,66241.632,0.8166783707865168,Large (>96²),0.7915187499999999,0.39471666666666666
obstacle,24271.0,0.6963042313872523,Large (>96²),0.08125,0.34185000000000004
obstacle,82886.61869999999,0.8078736224282725,Large (>96²),0.8040437500000001,0.46384166666666665
obstacle,67300.8695,0.7286696719423512,Large (>96²),0.75583125,0.5531583333333333
obstacle,74493.28229999999,1.1121285885398555,Large (>96²),0.6231687499999999,0.34650833333333336
obstacle,66158.0836,1.0581906894896815,Large (>96²),0.5721437500000001,0.46343333333333336
obstacle,41389.5,0.5436161345268727,Large (>96²),0.90625,0.414925
obstacle,44775.9018,0.665484405721115,Large (>96²),0.7453875,0.5161583333333333
obstacle,39051.257,0.5643199270128487,Large (>96²),0.90595625,0.5140833333333333
obstacle,36659.0184,0.7783614413418117,Large (>96²),0.6546125,0.55505
obstacle,175665.98640000002,0.7666499540402775,Large (>96²),0.24475000000000002,0.47161666666666674
obstacle,110132.3148,0.37447216536667227,Large (>96²),0.8730749999999999,0.45192499999999997
obstacle,59761.0881,0.3315902291946388,Large (>96²),0.08796875,0.432125
obstacle,82658.7894,0.5937659135375626,Large (>96²),0.1384625,0.33009166666666667
obstacle,49590.6213,0.44906864072703195,Large (>96²),0.09328125,0.276925
obstacle,126217.18049999999,0.38023084266250107,Large (>96²),0.13690624999999998,0.48012499999999997
obstacle,113144.2936,0.32000269079412064,Large (>96²),0.235275,0.49551666666666666
obstacle,149700.9943,0.5966779133143005,Large (>96²),0.20218125,0.445425
obstacle,73508.54819999999,0.5394847343754232,Large (>96²),0.7572749999999999,0.4282916666666667
obstacle,26452.795700000002,0.31656692150690147,Large (>96²),0.42743125,0.303975
obstacle,38167.869600000005,0.5776921879863056,Large (>96²),0.40814374999999997,0.2601666666666667
obstacle,45612.06449999999,0.39278692373154916,Large (>96²),0.08365625,0.283975
obstacle,74745.49440000001,0.2839323302408981,Large (>96²),0.8224125000000001,0.5724333333333333
obstacle,57717.1946,0.2777789965557335,Large (>96²),0.6660625,0.6157583333333333
obstacle,98832.515,0.4159315636154762,Large (>96²),0.7954062500000001,0.56135
obstacle,118762.44820000001,0.41613941821721384,Large (>96²),0.86106875,0.55315
obstacle,108609.8825,0.3176788493441193,Large (>96²),0.88390625,0.512725
obstacle,170266.44960000002,0.48609421465260877,Large (>96²),0.68846875,0.4991166666666667
obstacle,68494.74059999999,0.5685557060128498,Large (>96²),0.7944874999999999,0.676425
obstacle,37557.212999999996,0.5421938523500133,Large (>96²),0.1108125,0.678125
obstacle,47484.9444,0.6468590831918506,Large (>96²),0.31434999999999996,0.6421666666666667
obstacle,70419.9335,0.698787210584344,Large (>96²),0.29826875,0.5918583333333334
obstacle,98422.50140000001,1.0059784519965471,Large (>96²),0.2678125,0.650875
obstacle,136509.28600000002,0.7885881843964814,Large (>96²),0.21563750000000004,0.5699500000000001
obstacle,155668.01299999998,0.5596109362557354,Large (>96²),0.18448124999999999,0.5117666666666667
obstacle,93489.74420000002,0.31193146531253424,Large (>96²),0.89328125,0.5335166666666666
obstacle,122015.245,0.38838537020517394,Large (>96²),0.13606875000000002,0.5201
obstacle,70539.3992,0.8394508072305782,Large (>96²),0.23670000000000002,0.64945
obstacle,35012.042,0.6465835840137517,Large (>96²),0.3075,0.6599333333333334
obstacle,42191.195,0.6710269192422731,Large (>96²),0.6323375,0.643625
obstacle,49157.2062,0.8802843722229275,Large (>96²),0.3492375,0.638975
obstacle,49141.58609999999,0.7943151208137338,Large (>96²),0.45344375,0.526075
obstacle,39130.67480000001,0.5758401104802824,Large (>96²),0.10919375,0.5609666666666667
obstacle,86468.724,0.2655800911321416,Large (>96²),0.09471249999999999,0.47835
obstacle,53917.630399999995,0.6984595450619062,Large (>96²),0.8774625,0.61205
obstacle,26809.544,0.6033206831119544,Large (>96²),0.576275,0.63075
obstacle,101400.81240000001,0.5524356370935742,Large (>96²),0.2530375,0.4891416666666667
obstacle,85073.17120000001,0.7815834141610087,Large (>96²),0.4217375,0.6007166666666667
obstacle,96410.89319999999,0.46965215855919484,Large (>96²),0.13299375,0.37756666666666666
obstacle,106905.67199999999,0.554212204007286,Large (>96²),0.15213125,0.37246666666666667
obstacle,109654.81999999999,0.974187779433681,Large (>96²),0.208125,0.3499
obstacle,64426.38480000001,0.412798055991495,Large (>96²),0.101925,0.4028333333333333
obstacle,81770.61690000001,0.571047276763299,Large (>96²),0.30333125000000005,0.380825
obstacle,87398.7798,0.39694819171834705,Large (>96²),0.11641249999999999,0.391025
obstacle,116600.27540000001,0.6947543144482144,Large (>96²),0.1778875,0.34320833333333334
obstacle,125978.769,0.6714918963845409,Large (>96²),0.18176875000000003,0.38265
obstacle,66988.523,0.27671639364253486,Large (>96²),0.91490625,0.47459999999999997
obstacle,54811.006799999996,0.23329413463720575,Large (>96²),0.070675,0.5332583333333333
obstacle,89102.6505,0.35435237810349984,Large (>96²),0.88893125,0.420575
obstacle,81261.1,0.44424700133274103,Large (>96²),0.11875,0.3564083333333333
obstacle,96872.28520000001,0.27974713659382117,Large (>96²),0.8971125000000001,0.49038333333333334
obstacle,97088.3566,0.4151743248273295,Large (>96²),0.87453125,0.5354666666666666
obstacle,116243.91660000001,0.5780964274564026,Large (>96²),0.83796875,0.4929833333333334
obstacle,81035.2705,0.5050805142928473,Large (>96²),0.87356875,0.6337916666666666
obstacle,71643.5804,0.47523630463337374,Large (>96²),0.884675,0.6354083333333334
obstacle,76988.6096,0.4538215014081771,Large (>96²),0.883175,0.6483666666666666
obstacle,74850.8826,0.4591227679124254,Large (>96²),0.8841374999999999,0.6454416666666667
obstacle,81871.398,0.5268645357686453,Large (>96²),0.87018125,0.6118333333333333
obstacle,82078.9111,0.4761434523952889,Large (>96²),0.87643125,0.649825
obstacle,73062.6394,0.45946284825839456,Large (>96²),0.8722,0.6446083333333333
obstacle,78456.6994,0.4676155367300603,Large (>96²),0.8802875,0.6451916666666667
obstacle,222552.46000000002,0.6202671118530885,Large (>96²),0.7677875000000001,0.49916666666666665
obstacle,76706.7093,0.4744460195478625,Large (>96²),0.88078125,0.6303083333333332
obstacle,77470.9244,0.4547194495590658,Large (>96²),0.88268125,0.6426833333333334
obstacle,66736.7181,0.48016415868673046,Large (>96²),0.88399375,0.6726583333333334
obstacle,74685.425,0.5071530944625408,Large (>96²),0.8783625,0.6249250000000001
obstacle,80762.801,0.4763928692864429,Large (>96²),0.8773937500000001,0.6367166666666666
obstacle,76517.20439999999,0.5067812749311578,Large (>96²),0.8769250000000001,0.6533083333333334
obstacle,156642.30259999997,0.44648916952271617,Large (>96²),0.2749,0.4935916666666666
obstacle,15910.652900000001,0.3176354943925651,Large (>96²),0.21904375,0.6942583333333332
obstacle,51476.273100000006,0.6465251444164865,Large (>96²),0.11593125,0.640275
obstacle,57978.984,0.7384725196288365,Large (>96²),0.129325,0.6511166666666666
obstacle,62153.952000000005,0.7410911602209944,Large (>96²),0.1341375,0.6484166666666666
obstacle,63894.1919,0.7416783073830534,Large (>96²),0.13606875000000002,0.6451583333333334
obstacle,54715.388,0.7652206432311145,Large (>96²),0.12788750000000002,0.6476833333333334
obstacle,59903.8972,0.7470160322056641,Large (>96²),0.13221249999999998,0.6512
obstacle,64576.1325,0.7208245631619391,Large (>96²),0.13726875,0.6428916666666666
obstacle,54306.43119999999,0.6270898464047846,Large (>96²),0.1529375,0.64835
obstacle,58175.02840000001,0.7264824369213372,Large (>96²),0.13016250000000001,0.6526500000000001
person,117488.28000000001,0.40598568640208194,Large (>96²),0.479296875,0.6444117647058824
person,51807.924,0.2391080175302913,Large (>96²),0.576806640625,0.6911633986928105
person,70584.165,0.2886987825102132,Large (>96²),0.3629150390625,0.40884967320261434
person,67569.95700000001,0.26534292451895447,Large (>96²),0.615185546875,0.4061372549019608
person,14652.083200000001,0.31410315769978703,Large (>96²),0.12686746987951808,0.4291428571428571
person,11723.717499999999,0.27373761778207295,Large (>96²),0.34928849902534115,0.5496997389033943
person,16547.4,0.31764808973010866,Large (>96²),0.15058479532163743,0.5675718015665796
person,18635.1018,0.3620575660069643,Large (>96²),0.21680392156862743,0.5639921465968586
person,16174.7122,0.2770351363655175,Large (>96²),0.1316374269005848,0.5740968586387435
person,19024.7424,0.38353089080459773,Large (>96²),0.3892982456140351,0.5676963350785341
person,27062.75,0.18890356671070013,Large (>96²),0.9303118908382066,0.4954188481675393
person,1778.0979,0.25014826236508125,Medium,0.36357283464566925,0.4221448087431694
person,4452.0192,0.2682813227759665,Medium,0.4329224652087475,0.44551246537396116
person,5820.96,0.32417910447761195,Medium,0.5118091451292246,0.43357340720221604
person,3363.4761,0.3012207816788114,Medium,0.5304653465346535,0.4262947658402204
person,4956.476000000001,0.3013880224578914,Medium,0.3876870078740157,0.4121525885558583
person,5198.5037,0.4247491638795987,Medium,0.48119094488188974,0.4206130790190736
person,3692.2688000000003,0.595226003047232,Medium,0.5922047244094488,0.4472479564032698
person,7070.722999999999,0.33583735354927635,Medium,0.4795964566929134,0.35719999999999996
person,9097.716,0.40499065919402194,Medium,0.5012871287128713,0.3698404255319149
person,12412.096200000002,0.35639266959597043,Large (>96²),0.2777326732673267,0.32763297872340424
person,12888.876,0.5337194337194336,Large (>96²),0.694557956777996,0.3588859416445624
person,10251.64,0.3788449848024316,Large (>96²),0.38093933463796475,0.33088235294117646
person,8932.687199999998,0.3721920991479473,Medium,0.568825831702544,0.33545454545454545
person,12284.6148,0.3082857429115319,Large (>96²),0.8566144814090019,0.3043048128342246
person,19180.26,0.28743419015174976,Large (>96²),0.5352783203125,0.39979084967320266
person,37761.644,0.7626280783749775,Large (>96²),0.209814453125,0.49837908496732025
person,6447.1936,0.3857518564356435,Medium,0.2479833984375,0.44528104575163396
person,9879.6675,0.29679364209372433,Large (>96²),0.2842529296875,0.41336601307189547
person,16116.983999999997,1.1081260364842453,Large (>96²),0.29607421875,0.6850066934404284
person,11825.792,0.4190975116085249,Large (>96²),0.3806640625,0.5756492637215529
person,32417.064000000006,0.35344229816740963,Large (>96²),0.5951953125,0.5590026773761714
person,15081.640000000001,0.986895324381168,Large (>96²),0.306640625,0.6829852744310576
person,13126.522400000002,0.28832544406430144,Large (>96²),0.4655859375,0.5532998661311914
person,27923.916599999997,0.26993750582968007,Large (>96²),0.6197167968749999,0.5298728246318608
person,17060.5085,0.4229945725240253,Large (>96²),0.40284667968750004,0.5509973226238287
person,14385.489,1.240204271123491,Large (>96²),0.2023681640625,0.6748995983935744
person,50833.664600000004,0.3645493010551122,Large (>96²),0.8300244140624999,0.4568808567603749
person,11219.13,1.2201480863489416,Large (>96²),0.27685546875,0.6319477911646586
person,16880.688,0.371586750492634,Large (>96²),0.46425781250000003,0.4878580990629183
person,40470.8247,0.32911284113268885,Large (>96²),0.8674658203125001,0.43418340026773766
person,47551.453199999996,0.3082544047255321,Large (>96²),0.8911474609375,0.4064524765729585
person,12130.863099999999,1.0681242375903164,Large (>96²),0.2901220703125,0.6354819277108434
person,12444.358,0.48977415307402755,Large (>96²),0.2616943359375,0.5760374832663989
person,28241.0258,0.30935989938439135,Large (>96²),0.5822802734375,0.47647925033467203
person,54998.142,0.4490927275325046,Large (>96²),0.37068359375,0.3695113788487282
person,73406.7817,0.3936502790449946,Large (>96²),0.3652294921875,0.39368808567603747
person,43333.7344,0.29279197317459904,Large (>96²),0.6223828125,0.47072958500669343
person,34262.1608,0.24121736361706644,Large (>96²),0.7261181640625001,0.4704685408299866
person,13454.883600000001,0.47637748423182197,Large (>96²),0.35259765625,0.5000783289817232
person,8102.637200000001,0.6674532583045925,Medium,0.6147070312499999,0.6386161879895561
person,31133.091600000003,0.31430114701490164,Large (>96²),0.5431434184675834,0.41724274406332457
person,14252.6385,0.37748957850856873,Large (>96²),0.7586935166994107,0.39618733509234827
person,7229.8814999999995,0.29765800449149826,Medium,0.20979041916167662,0.5872888283378748
person,13567.772800000002,0.31072932618683,Large (>96²),0.40318363273453095,0.5156403269754769
person,5486.904799999999,0.23123863931446378,Medium,0.5630538922155688,0.607574931880109
person,17529.533600000002,0.2642491070041932,Large (>96²),0.6410578842315369,0.46768392370572204
person,188200.61560000002,0.8119975905116009,Large (>96²),0.7823925781250001,0.43059928443649376
person,99936.7434,0.642826346090441,Large (>96²),0.672724609375,0.35265652951699467
person,80369.97300000001,0.5780990183983264,Large (>96²),0.7002490234375,0.3335062611806798
person,293590.3294,0.5918868647858128,Large (>96²),0.7964550781249999,0.3438916015625
person,192647.652,1.1870128580648363,Large (>96²),0.75107421875,0.196708984375
person,102503.1399,0.38754399268894985,Large (>96²),0.3958740234375,0.2511181640625
person,132879.136,1.9146674764652292,Large (>96²),0.745615234375,0.1286328125
person,218001.0,0.4449,Large (>96²),0.1520654296875,0.341796875
person,171929.03259999998,0.451421071393849,Large (>96²),0.7889404296875,0.301337890625
person,49186.5,0.37327823691460055,Large (>96²),0.360107421875,0.2372549019607843
person,47782.3808,0.9278632177323404,Large (>96²),0.7658984375,0.3222549019607843
person,71382.83679999999,0.6944045911047345,Large (>96²),0.217109375,0.2670718954248366
person,22283.772,0.2500083738067325,Large (>96²),0.236015625,0.36958823529411766
person,95211.0,0.47651006711409394,Large (>96²),0.10400390625,0.29215686274509806
person,103096.72590000002,0.9440191242775441,Large (>96²),0.8427587890625,0.35915686274509806
person,42044.6611,1.1042382001742428,Large (>96²),0.1096337890625,0.44241176470588234
person,19007.8074,2.144784363713618,Large (>96²),0.6708544921875,0.3528496732026144
person,65173.2393,0.7310023778425266,Large (>96²),0.8009130859375,0.3656274509803921
person,70200.0,0.46153846153846156,Large (>96²),0.912109375,0.2549019607843137
person,12458.262,0.4918630223060006,Large (>96²),0.50181640625,0.3639542483660131
person,14044.466199999999,0.691244562929704,Large (>96²),0.6086572265625,0.3904967320261438
person,76978.368,0.856685348278623,Large (>96²),0.17148437500000002,0.25898039215686275
person,50252.9,0.4728527607361963,Large (>96²),0.4110595703125,0.2130718954248366
person,58024.56,0.4990029325513196,Large (>96²),0.675859375,0.22287581699346407
person,67476.34,0.6786971551806159,Large (>96²),0.1044921875,0.2971830065359477
person,65094.8862,0.8537283163727231,Large (>96²),0.751826171875,0.32149673202614376
person,84249.22,1.0189886624469637,Large (>96²),0.85693359375,0.3362483660130719
person,60586.5312,0.7429351822670449,Large (>96²),0.7725390625,0.37807189542483666
person,40138.260599999994,1.071561434328821,Large (>96²),0.5934619140624999,0.42383006535947715
person,42064.9515,0.8342462703184146,Large (>96²),0.7096337890625,0.39179738562091504
person,46086.58279999999,0.4463185411091056,Large (>96²),0.569052734375,0.3036993464052287
person,26187.689,0.34216519067413703,Large (>96²),0.294267578125,0.4265686274509804
person,20163.560599999997,0.5545125596517908,Large (>96²),0.640751953125,0.40306535947712424
person,78335.66,0.3385862785862786,Large (>96²),0.311103515625,0.31437908496732025
person,73356.37,0.3737923250564334,Large (>96²),0.5802783203125,0.28954248366013075
person,67186.005,0.4225917287387455,Large (>96²),0.300048828125,0.26094771241830067
person,67761.61499999999,0.3193313795723434,Large (>96²),0.354931640625,0.3010653594771242
person,37064.027,0.48113853359754993,Large (>96²),0.660908203125,0.3989738562091504
person,59635.200000000004,0.4044270833333334,Large (>96²),0.695947265625,0.25098039215686274
person,67118.42,0.512182320441989,Large (>96²),0.6481494140625,0.23660130718954248
person,39683.4454,0.7083526976213612,Large (>96²),0.102705078125,0.43224183006535943
person,77007.61499999999,0.5713079479217738,Large (>96²),0.1024169921875,0.3283899821109123
person,26663.94,0.5673955161915306,Large (>96²),0.7204724409448819,0.2901044386422976
person,23084.0079,0.6917939453659605,Large (>96²),0.7562696850393701,0.24586614173228347
person,22451.705400000003,0.6827506341678615,Large (>96²),0.2783759842519685,0.24454068241469817
person,4539.586800000001,0.3353962523637614,Medium,0.22943137254901963,0.5282275132275133
person,13211.415699999998,0.37312005101769674,Large (>96²),0.391588693957115,0.49977806788511747
person,2678.2493999999997,1.0224697147323172,Medium,0.6624269005847954,0.3762140992167102
person,8443.5696,0.2758344764517604,Medium,0.8043469785575048,0.5090861618798956
person,17116.1364,0.3787928682316413,Large (>96²),0.29076171875,0.47936601307189547
person,3076.2788,1.2000790045427612,Medium,0.43298828125,0.4187124183006536
person,5456.525500000001,0.3792413505627345,Medium,0.4987744140625,0.4483464052287582
person,2688.1054000000004,0.32198752325708657,Medium,0.5823144531250001,0.5211437908496732
person,8138.499200000001,0.3389261744966443,Medium,0.73412109375,0.4882091503267974
person,46114.96,0.9390794223826715,Large (>96²),0.4911675126903553,0.5498976982097187
person,14009.6484,0.9164509867356843,Large (>96²),0.4995994832041344,0.5255064935064935
person,1492.725,0.7075985194861746,Medium,0.4179441624365482,0.559551282051282
person,719.2992,0.8121639784946236,Small (<32²),0.6491497461928935,0.49430769230769234
person,519.1141999999999,1.0181576616474757,Small (<32²),0.6997588832487309,0.45405128205128203
person,11401.6246,0.7652793708012452,Large (>96²),0.6774621212121211,0.4258015267175573
person,4900.7637,0.7866463955403522,Medium,0.3747853535353536,0.282557251908397
person,15538.5072,0.5523162225004472,Large (>96²),0.36117346938775513,0.27006361323155215
person,8187.605299999999,0.6610656842483601,Medium,0.6187882653061224,0.32103053435114504
person,17425.7172,0.37132437797165674,Large (>96²),0.5123214285714286,0.34305837563451774
person,3717.7208,0.7239743231928553,Medium,0.26816326530612244,0.5290862944162436
person,8009.4938,0.242923229430554,Medium,0.3815648854961832,0.23279487179487182
person,3073.1018000000004,0.8819244451973572,Medium,0.49221374045801525,0.07570512820512822
person,29103.5556,0.5689525578104966,Large (>96²),0.40679563492063486,0.3894580078125
person,38523.459,0.7210036772658447,Large (>96²),0.525327380952381,0.6625244140625001
person,57118.143599999996,1.0499485508489108,Large (>96²),0.8634970238095238,0.412431640625
person,4863.3481,0.39464913070894514,Medium,0.5040439276485789,0.3278132992327366
person,18535.567499999997,0.8195358733958376,Large (>96²),0.6629596977329975,0.48308184143222505
person,7027.311200000001,1.2318284125513042,Medium,0.3441116751269036,0.7139413265306123
person,4417.41,2.1058951965065504,Medium,0.716510152284264,0.45987244897959184
person,2912.4234,0.6974620860414732,Medium,0.8934390862944164,0.43418367346938774
person,4764.2474999999995,0.39553530751708427,Medium,0.17286989795918367,0.5538762626262627
person,24603.693399999996,0.2155266818598869,Large (>96²),0.09288265306122448,0.4333207070707071
person,8425.7271,0.9735569171235084,Medium,0.5559718670076726,0.6695012787723784
person,7227.417600000001,1.1568825910931173,Medium,0.8670588235294118,0.4079795396419438
person,26333.766,0.41349659216991597,Large (>96²),0.8416666666666667,0.34121372031662267
person,41304.0944,0.5634926497746916,Large (>96²),0.2735433070866142,0.36445910290237465
person,21846.1764,0.5052418967009714,Large (>96²),0.6011286089238845,0.2744854881266491
person,18305.464,0.4986430062630481,Large (>96²),0.22380577427821524,0.4942105263157895
person,13202.307,0.887740877408774,Large (>96²),0.7516272965879265,0.7236447368421053
person,14178.0489,0.36573721367260914,Large (>96²),0.6515824468085106,0.27380263157894735
person,18185.672199999997,0.4401751451343108,Large (>96²),0.43812500000000004,0.2733421052631579
person,22519.4832,0.24951734238732437,Large (>96²),0.22422163588390498,0.40660477453580907
person,13702.2246,0.21068935769743546,Large (>96²),0.35394459102902376,0.4349867374005305
person,6442.9252,0.263969788132881,Medium,0.3632564102564102,0.43869289340101525
person,2520.882,0.6315289648622981,Medium,0.4911025641025641,0.37271573604060915
person,2636.4611999999997,0.33165096455809784,Medium,0.503525641025641,0.5259137055837563
person,21201.852600000002,0.9626035981402872,Large (>96²),0.6051530612244898,0.5974872448979591
person,46848.0591,0.3905812375480034,Large (>96²),0.8201139240506329,0.44346446700507614
person,7002.7695,0.27208128155581873,Medium,0.37386479591836735,0.44070332480818414
person,2237.2951,0.27070729292707074,Medium,0.512359693877551,0.5254859335038362
person,2108.8224,0.7428678678678678,Medium,0.49489795918367346,0.3561892583120204
person,20631.3345,0.9574902922542409,Large (>96²),0.6087150127226463,0.5915217391304347
person,32970.000799999994,0.4959277071051816,Large (>96²),0.7515782828282829,0.32951653944020354
person,16613.111899999996,0.5383389309500769,Large (>96²),0.23216666666666666,0.32144128113879
person,18498.8067,0.6116382036685643,Large (>96²),0.4419705882352941,0.316067615658363
person,30541.915200000003,0.624259686242597,Large (>96²),0.13931640625000002,0.41554964539007094
person,67265.0616,1.1314904437699942,Large (>96²),0.7272047244094487,0.43921146953405016
person,52975.1555,1.1068702290076335,Large (>96²),0.384859375,0.5372708333333333
person,10297.783200000002,0.41078759552832694,Large (>96²),0.4623125,0.46356250000000004
person,16644.535799999998,0.35353488800811134,Large (>96²),0.48429687499999996,0.4624583333333333
person,17844.0,0.30979166666666663,Large (>96²),0.5583281250000001,0.5
person,24284.79,0.42514644351464437,Large (>96²),0.677140625,0.4979166666666667
person,17631.213600000003,0.351827034753864,Large (>96²),0.70509375,0.5063333333333334
person,15958.055999999999,0.3275643349039507,Large (>96²),0.5869375,0.4650416666666667
person,12038.95,0.3248831168831169,Large (>96²),0.61971875,0.4010416666666667
person,15680.387499999999,0.4520268456375839,Large (>96²),0.632828125,0.3880208333333333
person,10889.1027,0.2758846328081744,Large (>96²),0.687203125,0.4138958333333333
person,14734.0248,0.3775055679287305,Large (>96²),0.8834687499999999,0.41654166666666664
person,8413.7301,0.33879053239418744,Medium,0.901140625,0.42897916666666663
person,12839.748600000003,0.39183515633631644,Large (>96²),0.882984375,0.42745833333333333
person,7419.8733,0.3378770497334503,Medium,0.45323437499999997,0.3990208333333333
person,12077.069400000002,0.3544804420847329,Large (>96²),0.383453125,0.38454166666666667
person,12495.5125,0.3602147651006712,Large (>96²),0.224609375,0.3880208333333333
person,12013.8756,0.32702039964522356,Large (>96²),0.20340625,0.39931249999999996
person,20926.985800000002,0.47080586254328133,Large (>96²),0.30871875,0.4392708333333334
person,17898.6,0.3383478260869565,Large (>96²),0.64503125,0.4791666666666667
person,15890.517600000001,0.2950275766976904,Large (>96²),0.691609375,0.48350000000000004
person,33063.742399999996,0.5841039004707465,Large (>96²),0.6481406249999999,0.49566666666666664
person,27174.109600000003,0.4834654968786907,Large (>96²),0.27153125,0.49391666666666667
person,12212.9,0.40121510861466153,Large (>96²),0.17709375,0.3999375
person,6540.9268,0.3458154584454301,Medium,0.18109375,0.41322916666666665
person,12922.177200000002,0.3457300987948068,Large (>96²),0.20728125,0.40277083333333336
person,9061.5125,0.28985917086137664,Medium,0.18942187500000002,0.4233125
person,17027.325,0.3726783625730994,Large (>96²),0.26246875,0.4453125
person,19580.13,0.4431493815413892,Large (>96²),0.329109375,0.46483333333333327
person,17458.7292,0.3553029277755222,Large (>96²),0.25978124999999996,0.46181249999999996
person,11128.8647,0.7103139729967244,Large (>96²),0.488671875,0.3285208333333333
person,13769.262,0.8152508464142812,Large (>96²),0.505046875,0.3975
person,17996.862800000003,0.8103066496678522,Large (>96²),0.3670625,0.38514583333333335
person,17054.6011,0.31101336635777427,Large (>96²),0.33254687499999996,0.48785416666666664
person,16416.0298,0.3524069869804939,Large (>96²),0.32978125,0.44964583333333336
person,18032.5965,0.3871102256405504,Large (>96²),0.32064062499999996,0.44964583333333336
person,21726.322099999998,0.4522973034630652,Large (>96²),0.302046875,0.45660416666666664
person,23308.135000000002,0.42603676784950834,Large (>96²),0.430453125,0.4872916666666667
person,18136.711799999997,0.3951827475143537,Large (>96²),0.6216250000000001,0.44635416666666666
person,20067.5013,0.43127346900931807,Large (>96²),0.6241406250000001,0.44935416666666667
person,20113.598700000002,0.39195691519886994,Large (>96²),0.697203125,0.4719375
person,17167.693199999998,0.7107193411401365,Large (>96²),0.69865625,0.32379166666666664
person,8996.986099999998,0.4816711787517378,Medium,0.5338593749999999,0.28472916666666664
person,3223.7670000000003,0.8579119086460033,Medium,0.510578125,0.12770833333333334
person,24322.5,0.44042553191489364,Large (>96²),0.7658750000000001,0.4895833333333333
person,4624.2006,0.5717780495941287,Medium,0.47878125000000005,0.3418541666666667
person,18439.2416,0.39441309777078903,Large (>96²),0.5876875,0.45045833333333335
person,8238.251699999999,0.45955635222944213,Medium,0.581828125,0.5827708333333333
person,9038.3931,0.3523131672597865,Medium,0.557640625,0.5437291666666667
person,8497.8639,0.404234774812056,Medium,0.460046875,0.5538125
person,10650.2627,0.33006736068585424,Large (>96²),0.550578125,0.49922916666666667
person,24918.613200000003,0.47277637424862795,Large (>96²),0.62921875,0.47829166666666667
person,15984.019800000002,0.35360519260618034,Large (>96²),0.7714375,0.46814583333333337
person,14816.208,0.3952995867768595,Large (>96²),0.7393906250000001,0.5022916666666667
person,19615.6,0.39622471910112356,Large (>96²),0.82265625,0.4635416666666667
person,11094.006,0.3865997638724911,Large (>96²),0.36792187499999995,0.5213333333333333
person,19305.9392,0.4334723275208492,Large (>96²),0.36643749999999997,0.44529166666666664
person,23640.9663,0.4220644779650991,Large (>96²),0.447734375,0.49306249999999996
person,24133.2129,0.49113547164704296,Large (>96²),0.674015625,0.46181249999999996
person,24902.794599999997,0.528942759701355,Large (>96²),0.486609375,0.4524583333333333
person,13172.121399999998,0.3856184395628179,Large (>96²),0.296203125,0.5117916666666666
person,18918.506100000002,0.3879454784223158,Large (>96²),0.337015625,0.46006250000000004
person,28566.5562,0.623137639531082,Large (>96²),0.26487499999999997,0.44606250000000003
person,7199.383199999999,0.673631263300445,Medium,0.5788749999999999,0.6682916666666666
person,6197.626899999999,0.25906769250662703,Medium,0.638109375,0.5791875
person,20238.375,0.427816091954023,Large (>96²),0.14542187499999998,0.453125
person,11176.6041,0.31558531271587226,Large (>96²),0.6292656249999999,0.5031458333333333
person,20151.375,0.44625882352941176,Large (>96²),0.489328125,0.4427083333333333
person,28348.667200000004,0.5497621983441958,Large (>96²),0.4606875,0.47308333333333336
person,15770.562499999998,0.2997079210078905,Large (>96²),0.892578125,0.4796458333333333
person,9312.33,0.342798204101444,Large (>96²),0.79403125,0.5760000000000001
person,5720.6981,0.3064480714337993,Medium,0.769828125,0.6146874999999999
person,11528.493900000001,0.38117417054798464,Large (>96²),0.849671875,0.5567291666666667
person,23493.556,0.4333447861192235,Large (>96²),0.8399375000000001,0.48508333333333337
person,11507.1369,0.49759978957059253,Large (>96²),0.504953125,0.46960416666666666
person,5293.4362,0.5121975211489278,Medium,0.478515625,0.3541666666666667
person,6723.7128,0.363095238095238,Medium,0.760765625,0.5838333333333333
person,24895.168,0.5047730547550432,Large (>96²),0.693375,0.46266666666666667
person,10181.1348,0.30232684867309684,Large (>96²),0.3933125,0.5229374999999999
person,15707.106,0.3696696259641974,Large (>96²),0.4755,0.5067708333333333
person,22902.6,0.4587361260293591,Large (>96²),0.49903125,0.46549999999999997
person,17104.3642,0.3353850241331975,Large (>96²),0.6079375,0.4705208333333334
person,20561.8564,0.4030015937666018,Large (>96²),0.819109375,0.4705833333333333
person,24155.334,0.4748603351955307,Large (>96²),0.7307499999999999,0.469875
person,35525.9135,0.6327495252162905,Large (>96²),0.630953125,0.4936458333333333
person,12931.648,0.2342626090657587,Large (>96²),0.9139999999999999,0.49447916666666664
person,25103.3505,0.5156129617040561,Large (>96²),0.688296875,0.5010625
person,24274.363500000003,0.48451950140731803,Large (>96²),0.686984375,0.5038958333333333
person,17806.3314,0.3488094184296716,Large (>96²),0.563578125,0.47070833333333334
person,15341.093999999997,0.34120920581022446,Large (>96²),0.270609375,0.46954166666666663
person,14710.336200000002,0.33557816306061045,Large (>96²),0.2566875,0.46677083333333336
person,15662.1344,0.3856689162366018,Large (>96²),0.34046875,0.477125
person,21377.6038,0.4371438907479425,Large (>96²),0.37476562500000005,0.46070833333333333
person,12897.764,0.4143051462253457,Large (>96²),0.11421875,0.3675833333333333
person,25068.14,0.5111763377737639,Large (>96²),0.2280625,0.4718125
person,22091.357399999997,0.4366053169734151,Large (>96²),0.183796875,0.468625
person,10735.6977,0.652092588262801,Large (>96²),0.130734375,0.2673125
person,20923.56,0.4045200721100998,Large (>96²),0.43987499999999996,0.4737708333333333
person,24158.9047,0.6151788868143513,Large (>96²),0.5121718749999999,0.5871458333333333
person,20418.0825,0.8827010322835164,Large (>96²),0.550671875,0.44947916666666665
person,48746.44,0.8533891213389122,Large (>96²),0.6528125,0.4979166666666667
person,23828.179500000002,0.49614419347478894,Large (>96²),0.315140625,0.45656250000000004
person,42577.3875,0.8504581005586592,Large (>96²),0.5282031249999999,0.5338958333333333
person,42186.1728,0.8607823651639714,Large (>96²),0.593125,0.534625
person,38623.9756,0.7967117812698701,Large (>96²),0.5911562499999999,0.537125
person,41919.7476,0.8535715897297053,Large (>96²),0.58040625,0.5341458333333333
person,41501.9844,0.839525051722587,Large (>96²),0.586625,0.532625
person,42451.950800000006,0.8401993059880772,Large (>96²),0.6094062499999999,0.5275416666666667
person,40656.9148,0.8127514978091747,Large (>96²),0.61890625,0.529875
person,33976.1273,0.6665633166496877,Large (>96²),0.571078125,0.5209375
person,39234.9937,0.77494333585174,Large (>96²),0.6161406250000001,0.5271041666666666
person,36518.223,0.7360599802460267,Large (>96²),0.618484375,0.5317916666666667
person,29704.6566,0.6045745736713886,Large (>96²),0.5584843749999999,0.5340416666666666
person,32536.588700000004,0.6352790420220052,Large (>96²),0.5228906249999999,0.5243125000000001
person,22297.7312,0.584476756092566,Large (>96²),0.2898125,0.5889166666666666
person,20123.8146,0.5775741990785386,Large (>96²),0.28145312499999997,0.6006250000000001
person,18650.685899999997,0.5941750860755207,Large (>96²),0.305578125,0.6267291666666667
person,16475.4416,0.5446757129714812,Large (>96²),0.344515625,0.6288333333333332
person,12158.865,0.6089879688605803,Large (>96²),0.431953125,0.6016666666666667
person,10823.9201,0.5388414591123969,Large (>96²),0.470421875,0.6222291666666666
person,5504.437,0.5537612838515547,Medium,0.6734843749999999,0.5028333333333334
person,3475.116,0.7102215868477484,Medium,0.746875,0.44610416666666663
person,10379.8608,0.506109908525941,Large (>96²),0.54509375,0.6016041666666666
person,16183.4994,0.5490127555477896,Large (>96²),0.42340625000000004,0.6406458333333334
person,16832.8473,0.4944447455422471,Large (>96²),0.403390625,0.6114375
person,34747.4372,0.6964229753324082,Large (>96²),0.4266875,0.4979791666666667
person,34547.4288,0.641416752843847,Large (>96²),0.38753125,0.5165000000000001
person,48386.5962,0.9015409850217984,Large (>96²),0.3601875,0.4826041666666666
person,12599.812500000002,0.36322147651006714,Large (>96²),0.889109375,0.6120208333333333
person,40672.6029,0.8214911689362275,Large (>96²),0.608765625,0.5284791666666666
person,18429.29,0.3226359832635983,Large (>96²),0.879546875,0.4979166666666667
person,24501.4705,0.43055963110459017,Large (>96²),0.839515625,0.4969375
person,14901.984000000002,0.41806144067796613,Large (>96²),0.159953125,0.39333333333333337
person,16655.68,0.4231350806451613,Large (>96²),0.573921875,0.5825416666666666
person,16835.2625,0.32888397790055246,Large (>96²),0.5654843749999999,0.5286458333333334
person,25042.420000000002,0.4384100418410042,Large (>96²),0.677125,0.4979166666666667
person,21225.9413,0.38152372069360235,Large (>96²),0.859390625,0.49139583333333337
person,12801.0101,0.2683485188407124,Large (>96²),0.717984375,0.5408541666666667
person,19338.1447,0.38772220480902697,Large (>96²),0.5938593750000001,0.5346875000000001
person,19256.244,0.5158902691511388,Large (>96²),0.45676562499999995,0.5592083333333332
person,7030.266,0.2826886493341788,Medium,0.29815625,0.5472916666666666
person,9794.0313,0.3398126877540201,Large (>96²),0.284828125,0.5476875
person,9578.1231,0.3237978952264666,Large (>96²),0.29276562500000003,0.5340208333333334
person,31971.030000000002,0.5597071129707113,Large (>96²),0.6923281250000001,0.4979166666666667
person,13105.1744,0.3499379909053328,Large (>96²),0.41271874999999997,0.4031666666666667
person,12031.041100000002,0.39012584704743464,Large (>96²),0.431953125,0.41027083333333336
person,9574.5888,0.38203524729960203,Large (>96²),0.46271874999999996,0.4156458333333333
person,10554.462000000001,0.4965020576131687,Large (>96²),0.491015625,0.41825000000000007
person,11381.6307,0.5004310059014654,Large (>96²),0.49679687499999997,0.4080625
person,6817.726,0.33177537495640047,Medium,0.36265625,0.3998541666666667
person,8783.3112,0.3083303708970257,Medium,0.3134375,0.35833333333333334
person,12417.1766,0.3752405035457094,Large (>96²),0.309375,0.37897916666666664
person,14044.644900000001,0.40899034051049593,Large (>96²),0.372765625,0.38606250000000003
person,16900.075800000002,0.3277988196952348,Large (>96²),0.565921875,0.4730416666666667
person,27621.23,0.4835564853556485,Large (>96²),0.646203125,0.4979166666666667
person,30307.59,0.5305857740585774,Large (>96²),0.443171875,0.4979166666666667
person,41449.51439999999,1.173744146445296,Large (>96²),0.512640625,0.6084999999999999
person,49425.00000000001,1.4058666666666668,Large (>96²),0.49828125000000006,0.609375
person,40971.278399999996,1.289352630988444,Large (>96²),0.56665625,0.621375
person,44061.357599999996,1.3831801882563874,Large (>96²),0.611140625,0.6168333333333333
person,42873.478,0.9634510547523111,Large (>96²),0.39484375000000005,0.5334791666666666
person,27180.000799999998,0.860357826038033,Large (>96²),0.23893749999999997,0.6297083333333333
person,15420.3375,0.5930542635658914,Large (>96²),0.14942187499999998,0.6641041666666666
person,20561.529,1.191777693186144,Large (>96²),0.308125,0.7099375
person,27691.544599999997,1.02920197524843,Large (>96²),0.53978125,0.6583125
person,33321.3073,0.9651256660029063,Large (>96²),0.42601562499999995,0.6128958333333333
person,42480.8388,0.8645283529570984,Large (>96²),0.6380625,0.5381874999999999
person,27250.5454,1.0589078668495202,Large (>96²),0.44942187499999997,0.6657916666666667
person,20969.6106,0.7996171421514142,Large (>96²),0.532328125,0.662625
person,12923.9,0.6946480938416422,Large (>96²),0.571390625,0.7158333333333334
person,14844.912499999999,0.8298317757009346,Large (>96²),0.306078125,0.7213541666666666
person,14246.103199999998,1.3201771274547554,Large (>96²),0.2984375,0.7835833333333333
person,23065.630400000002,0.8087399336807202,Large (>96²),0.31934375,0.6481666666666667
person,21892.912500000002,0.841984496124031,Large (>96²),0.362046875,0.6641041666666666
person,28454.593800000002,0.7580778362754207,Large (>96²),0.515046875,0.5703750000000001
person,41354.780699999996,0.8373756918507853,Large (>96²),0.344515625,0.5273958333333333
person,43431.7716,0.8506372809346787,Large (>96²),0.685734375,0.5066666666666667
person,25157.105,0.5325756878623356,Large (>96²),0.798265625,0.5202916666666667
person,20785.7232,0.7250177179305458,Large (>96²),0.5801875,0.6430833333333333
person,7254.3626,0.3981035632269057,Medium,0.08396875000000001,0.7187291666666666
person,7705.4823,0.6879901729188321,Medium,0.30807812500000004,0.7795208333333332
person,7101.185399999999,0.6898285038438794,Medium,0.354671875,0.7815833333333333
person,7574.3664,0.6029621698786581,Medium,0.43346875,0.7665000000000001
person,6475.150000000001,0.4671706446954897,Medium,0.51090625,0.7493125
person,5261.2498000000005,0.4353679614300009,Medium,0.50528125,0.7108125
person,2619.513,0.5959276018099547,Medium,0.341546875,0.44475000000000003
person,2259.906,0.7940018744142455,Medium,0.31009374999999995,0.43464583333333334
person,4662.1943,0.339592045745498,Medium,0.450484375,0.6730208333333334
person,6617.9616,0.391173983239794,Medium,0.5296875,0.7163125
person,6177.498600000001,0.3452194064438962,Medium,0.503625,0.7141875
person,9051.3724,0.6443638204522444,Medium,0.411328125,0.7417083333333333
person,14106.6634,0.9847105021305038,Large (>96²),0.272875,0.7506875
person,8637.966400000001,0.7318667157584684,Medium,0.287671875,0.7736666666666667
person,9159.15,0.5581576893052304,Medium,0.59265625,0.7331249999999999
person,33443.872,0.7194805194805195,Large (>96²),0.59228125,0.5508333333333333
person,34221.0885,1.0049856391914593,Large (>96²),0.48435937500000004,0.6155625
person,36832.873,0.7222246822831333,Large (>96²),0.25484375,0.5294791666666667
person,21828.0051,0.7627238872140452,Large (>96²),0.478921875,0.6475624999999999
person,23916.785200000002,0.9275127662224436,Large (>96²),0.62615625,0.6522916666666667
person,31698.1248,0.846849640771179,Large (>96²),0.70546875,0.5969791666666667
person,48790.44,1.0409237875288684,Large (>96²),0.352125,0.5447916666666667
person,101240.508,0.4503216281767374,Large (>96²),0.59595,0.6032083333333332
person,97633.2175,0.46840433687438393,Large (>96²),0.60095625,0.6178750000000001
person,105549.141,0.3725552820936743,Large (>96²),0.535475,0.5525749999999999
person,141586.0644,0.3943060260667857,Large (>96²),0.4794,0.5006416666666667
person,139450.4487,0.40903252324924216,Large (>96²),0.45600625,0.5108583333333333
person,164622.7392,0.5908608669293725,Large (>96²),0.5458875,0.5584666666666668
person,153139.826,0.4297895865442606,Large (>96²),0.51995625,0.4974333333333333
person,145145.0,0.47981818181818175,Large (>96²),0.5091,0.5416666666666666
person,146578.30250000002,0.4713529991930423,Large (>96²),0.47869375000000003,0.533625
person,89053.394,0.4759680961738527,Large (>96²),0.507525,0.6378916666666666
person,94571.75,0.4568131868131868,Large (>96²),0.60681875,0.6093000000000001
person,100823.96590000001,0.45988082779830425,Large (>96²),0.64130625,0.608125
person,65535.86,0.4566812734280133,Large (>96²),0.60365,0.6727833333333333
person,53828.2475,0.4593789255353335,Large (>96²),0.66365625,0.7147416666666667
person,38484.3718,0.4501521939874825,Large (>96²),0.6255375,0.752625
person,19538.1436,0.30298495707647477,Large (>96²),0.42883750000000004,0.7794166666666666
person,29358.6217,0.44212037719740777,Large (>96²),0.43359375,0.7852583333333333
person,33269.1632,0.46038241202291497,Large (>96²),0.520875,0.7759833333333334
person,44958.045,0.47250859106529214,Large (>96²),0.61851875,0.74295
person,61210.941,0.43993458620412323,Large (>96²),0.6256375,0.6890583333333333
person,88507.5356,0.46038407152305805,Large (>96²),0.74155,0.6346166666666666
person,125025.34469999999,0.45829105320595054,Large (>96²),0.8361562499999999,0.5647583333333333
person,183228.0,0.5089666666666667,Large (>96²),0.8091375,0.5
person,187299.3538,0.5297332750327941,Large (>96²),0.63051875,0.49551666666666666
person,171553.8162,0.4852006323366183,Large (>96²),0.26493125,0.49551666666666666
person,218807.4,0.6285762711864407,Large (>96²),0.24428750000000002,0.49166666666666664
person,86578.81240000001,0.46297752289334937,Large (>96²),0.32295625,0.41400000000000003
person,37757.826,0.3216297463736392,Large (>96²),0.48690000000000005,0.622175
person,42735.886,0.313183540877098,Large (>96²),0.5030687500000001,0.5178166666666667
person,55645.1973,0.3910346472974047,Large (>96²),0.54530625,0.43564166666666665
person,65648.17300000001,0.35290980755854395,Large (>96²),0.51533125,0.4918666666666667
person,62110.3635,0.31741833389849666,Large (>96²),0.51033125,0.419825
person,74578.8036,0.3048400792527597,Large (>96²),0.4836625,0.41218333333333335
person,56561.3602,0.34247889957922195,Large (>96²),0.44178749999999994,0.5010749999999999
person,41156.946,0.388503133833108,Large (>96²),0.5540437500000001,0.52235
person,75630.07199999999,0.4935370152761457,Large (>96²),0.43886250000000004,0.4981333333333333
person,69605.9026,0.3620150972656161,Large (>96²),0.525175,0.502525
person,70470.6432,0.322354350243819,Large (>96²),0.46246250000000005,0.4655
person,58327.971000000005,0.3227711126793696,Large (>96²),0.46266874999999996,0.5252333333333333
person,58773.123799999994,0.3633786707113907,Large (>96²),0.5279,0.5007583333333334
person,62739.878399999994,0.31383073895151187,Large (>96²),0.2703875,0.4056166666666667
person,51550.558,0.32315973960941413,Large (>96²),0.69605625,0.48639999999999994
person,69325.09360000001,0.3069736122217078,Large (>96²),0.6959875,0.4745000000000001
person,123247.97649999999,0.4040303452771089,Large (>96²),0.68949375,0.46025833333333327
person,78185.85399999999,0.4943548995448716,Large (>96²),0.506525,0.3314083333333333
person,93028.05819999998,0.48389818911645305,Large (>96²),0.54221875,0.36538333333333334
person,69452.404,0.4732692910097108,Large (>96²),0.318125,0.3192333333333333
person,49188.060000000005,0.34622731614135627,Large (>96²),0.341175,0.3141
person,51220.944,0.3476357952325127,Large (>96²),0.3901375,0.31985833333333336
person,51029.019,0.34633320307411747,Large (>96²),0.3542375,0.31985833333333336
person,59396.6426,0.4393374853817074,Large (>96²),0.4528875,0.30640833333333334
person,49861.7254,0.35385476050935055,Large (>96²),0.5291687500000001,0.3128166666666667
person,64924.497200000005,0.4374675526944242,Large (>96²),0.31293125000000005,0.32126666666666664
person,88129.0988,0.47323538953515315,Large (>96²),0.3968625,0.3596166666666667
person,132600.9622,0.562837364539124,Large (>96²),0.38998125,0.4044833333333333
person,193643.81999999998,0.7031517969434811,Large (>96²),0.311675,0.4447333333333333
person,162316.15099999998,0.5880505538848072,Large (>96²),0.33733125,0.4378166666666667
person,49603.3376,0.32168686971579913,Large (>96²),0.5239375,0.4496833333333333
person,51703.866599999994,0.28312350821360044,Large (>96²),0.48428125,0.4579833333333333
person,57067.65600000001,0.34817833765592193,Large (>96²),0.5082875,0.46942500000000004
person,37109.6451,0.28316897323278367,Large (>96²),0.58906875,0.4855083333333333
person,36734.81,0.31021155410903173,Large (>96²),0.56094375,0.4593833333333333
person,43939.4208,0.27049424374751885,Large (>96²),0.6200625,0.43465000000000004
person,63336.4368,0.30698780326713926,Large (>96²),0.4966,0.3932833333333334
person,93941.344,0.4719488961111734,Large (>96²),0.6104375000000001,0.3718083333333333
person,113480.30159999999,0.5188051914729842,Large (>96²),0.7035750000000001,0.38974166666666665
person,111466.57199999999,0.4671825738033821,Large (>96²),0.321475,0.40704999999999997
person,95951.4306,0.41779521315443524,Large (>96²),0.30302500000000004,0.39935833333333337
person,78946.3147,0.406357056968487,Large (>96²),0.72251875,0.3673083333333333
person,101584.5168,0.47057810683999823,Large (>96²),0.49915,0.3871833333333333
person,117698.0391,0.5157947622935376,Large (>96²),0.48255625,0.398075
person,87846.579,0.3421551213735939,Large (>96²),0.41989374999999995,0.4444166666666666
person,79619.63,0.3357084188911704,Large (>96²),0.35698125,0.48646666666666666
person,67473.0024,0.33328888296217274,Large (>96²),0.31396250000000003,0.5582833333333334
person,63083.625,0.370739393939394,Large (>96²),0.37441874999999997,0.46649999999999997
person,45139.1886,0.2932884708521322,Large (>96²),0.472325,0.452475
person,47114.1372,0.3162762980619753,Large (>96²),0.45514375,0.46041666666666664
person,57603.511600000005,0.3338710065724535,Large (>96²),0.5626375,0.4269416666666667
person,57857.19099999999,0.27921179235957033,Large (>96²),0.5207875,0.412975
person,93480.95969999999,0.3626819515846284,Large (>96²),0.33141875,0.423075
person,32384.454899999997,0.5857610683451707,Large (>96²),0.58890625,0.5343916666666666
person,33369.562600000005,0.5959514854414064,Large (>96²),0.487175,0.5592083333333333
person,44556.77049999999,0.629298357698523,Large (>96²),0.64534375,0.4986583333333333
person,286730.00560000003,0.9275873232850103,Large (>96²),0.4421,0.5223
person,90556.538,0.7252865430875901,Large (>96²),0.50425,0.6662416666666666
person,70209.8026,0.9018349939072469,Large (>96²),0.47734375,0.5863666666666667
person,48221.3853,0.3747595550723426,Large (>96²),0.23113125,0.5271416666666666
person,51050.03,0.7465391969407266,Large (>96²),0.4537375,0.5385000000000001
person,28343.973899999997,0.7768703209256059,Large (>96²),0.42359375,0.406625
person,26683.115999999998,0.8613146980285211,Large (>96²),0.436975,0.43127499999999996
person,46733.9322,0.7551553643928126,Large (>96²),0.39605,0.504725
person,29459.865,0.7525903462218854,Large (>96²),0.5536375,0.428725
person,27856.7562,0.5791801559436414,Large (>96²),0.428425,0.45314166666666666
person,33207.555199999995,0.7191921072226358,Large (>96²),0.5053375,0.41496666666666665
person,71943.0228,0.795437919797832,Large (>96²),0.32354999999999995,0.36091666666666666
person,67441.86839999999,0.9193989071038252,Large (>96²),0.47005624999999995,0.28456666666666663
person,67783.5079,0.7441436665451774,Large (>96²),0.32785625,0.3023416666666667
person,61521.982,0.7595572733661278,Large (>96²),0.46588124999999997,0.3654
person,46923.060000000005,0.7104280155642024,Large (>96²),0.3746875,0.4037833333333333
person,46346.1488,0.6671472474105551,Large (>96²),0.7272124999999999,0.4637083333333334
person,48801.647399999994,0.7584562012142237,Large (>96²),0.65966875,0.5386166666666667
person,49417.536,0.6994732881866064,Large (>96²),0.7261124999999999,0.5663666666666667
person,47908.8193,0.2982211022679075,Large (>96²),0.66315625,0.517275
person,37720.8336,0.3053374302947536,Large (>96²),0.5805374999999999,0.4853166666666667
person,99143.40740000001,0.4654201152662824,Large (>96²),0.65156875,0.38461666666666666
person,167147.06600000002,0.5130878127409069,Large (>96²),0.55321875,0.47563333333333335
person,113856.5208,0.31954030690879853,Large (>96²),0.48363750000000005,0.4974333333333333
person,113681.27429999999,0.3546461310207182,Large (>96²),0.6976187500000001,0.47435833333333327
person,97030.34880000002,0.3623995052566481,Large (>96²),0.7008500000000001,0.4312
person,59748.7998,0.25440551359828323,Large (>96²),0.54148125,0.40385
person,80940.54960000001,0.33440383755437214,Large (>96²),0.6739750000000001,0.40998333333333337
person,78277.815,0.32499949059640976,Large (>96²),0.55065,0.408975
person,73370.2378,0.3446541971000672,Large (>96²),0.5695875,0.39114166666666667
person,66897.5712,0.2614058670040326,Large (>96²),0.6239875,0.5335666666666666
person,168996.8475,0.47307132459970885,Large (>96²),0.17863125,0.49807500000000005
person,149979.41700000002,0.4220078839218318,Large (>96²),0.17647500000000002,0.49679166666666663
person,66058.1376,0.25804411415922207,Large (>96²),0.6181375,0.5267666666666667
person,70641.35459999999,0.290246077755706,Large (>96²),0.28660625,0.5260666666666667
person,69122.42610000001,0.2659722630887228,Large (>96²),0.61840625,0.5235416666666667
person,77737.4309,0.3249238443767506,Large (>96²),0.35220625,0.512725
person,77616.637,0.29481582537517054,Large (>96²),0.61954375,0.5288666666666667
person,72027.1874,0.287211949359,Large (>96²),0.60719375,0.5211666666666667
person,50159.1495,0.2083562621012942,Large (>96²),0.48023125,0.5116416666666667
person,99740.123,0.3128652899295101,Large (>96²),0.38253125,0.4705166666666667
person,68794.45319999999,0.2583670859091878,Large (>96²),0.58525,0.5159083333333334
person,83832.26980000001,0.2446445044244764,Large (>96²),0.46258125,0.4878166666666667
person,65561.9183,0.246360517184562,Large (>96²),0.5921062500000001,0.521425
person,83016.7236,0.23724515670960547,Large (>96²),0.4704,0.49294999999999994
person,68408.6025,0.22858970843615758,Large (>96²),0.5997312499999999,0.5045916666666667
person,85914.01739999998,0.25337019800449934,Large (>96²),0.3951,0.4852583333333333
person,60134.6952,0.22775572162540866,Large (>96²),0.53358125,0.5230666666666667
person,74400.6522,0.24944153513751052,Large (>96²),0.36686875,0.47691666666666666
person,72127.755,0.27247813411078714,Large (>96²),0.53281875,0.5261833333333333
person,66463.7533,0.2392842912168188,Large (>96²),0.56344375,0.5097083333333333
person,108149.3109,0.3695262389323278,Large (>96²),0.31725625,0.48159166666666664
person,140382.1828,0.4184175543393816,Large (>96²),0.151475,0.4826916666666667
person,69556.83660000001,0.25714780134207543,Large (>96²),0.5605125000000001,0.511625
person,118888.878,0.3600640423236226,Large (>96²),0.1293125,0.47885
person,65998.0932,0.24143141305179405,Large (>96²),0.56063125,0.5139
person,132912.11,0.3704340567612688,Large (>96²),0.29253124999999996,0.49916666666666665
person,74457.1274,0.28214362188783554,Large (>96²),0.5703874999999999,0.5114416666666667
person,85251.6085,0.30917331606710974,Large (>96²),0.56296875,0.5149750000000001
person,137092.1553,0.38376081246130933,Large (>96²),0.15201875,0.49807500000000005
person,86111.37060000001,0.3696390834127543,Large (>96²),0.58273125,0.5355500000000001
person,192115.49670000002,0.5377871471833224,Large (>96²),0.20185625000000001,0.49807500000000005
person,65201.058,0.30699793859173263,Large (>96²),0.5345875,0.5544083333333333
person,185282.68,0.5163939899833055,Large (>96²),0.19417500000000001,0.49916666666666665
person,24882.768000000004,0.16734958506224065,Large (>96²),0.50763125,0.60175
person,60939.14400000001,0.30013315579227695,Large (>96²),0.5585625000000001,0.5344833333333333
person,146284.86599999998,0.4126776176559508,Large (>96²),0.4910625,0.49615
person,19103.327999999998,0.9625212947189097,Large (>96²),0.8164874999999999,0.3161166666666667
person,92081.377,0.4868475511611865,Large (>96²),0.63653125,0.5439999999999999
person,92469.2076,0.34724052399038835,Large (>96²),0.31101875,0.5122833333333333
person,8274.916799999999,0.5723552894211577,Medium,0.8906499999999999,0.3258333333333333
person,121388.2975,0.37462888463362787,Large (>96²),0.13519375,0.4743583333333333
person,45255.105,0.3262007678470749,Large (>96²),0.6240625,0.5783416666666666
person,43490.1526,0.287506749286504,Large (>96²),0.44549999999999995,0.5643583333333333
person,85776.378,0.3082289158910394,Large (>96²),0.17373750000000002,0.48989166666666667
person,36632.6146,0.4510333695919155,Large (>96²),0.2986,0.5900416666666666
person,31953.5946,0.244947117780608,Large (>96²),0.49856875,0.5740666666666666
person,29238.5632,0.23216298467087468,Large (>96²),0.46003124999999995,0.5931666666666666
person,43940.41500000001,0.5531310981018271,Large (>96²),0.29295000000000004,0.5835916666666666
person,16612.463999999996,0.5412100456621004,Large (>96²),0.34098749999999994,0.5104166666666666
person,30827.766600000003,0.24569476596465473,Large (>96²),0.46305625,0.5887666666666667
person,28320.589999999997,0.38448784082535004,Large (>96²),0.31138125,0.53025
person,31602.572100000005,0.25876327009471484,Large (>96²),0.46325625000000004,0.5861083333333333
person,61781.56739999999,0.27173776267774,Large (>96²),0.08578125,0.5063166666666666
person,38415.757,0.29414206259166,Large (>96²),0.57605,0.585775
person,98933.32200000001,0.3678557655225607,Large (>96²),0.11921875,0.4873
person,31496.878600000004,0.2519941166487526,Large (>96²),0.6758687499999999,0.5818000000000001
person,125413.29270000002,0.35106827954290687,Large (>96²),0.17730625,0.49807500000000005
person,46084.865600000005,0.348663219276048,Large (>96²),0.6823125,0.5709166666666667
person,56896.514500000005,0.3493743030603395,Large (>96²),0.68620625,0.5568083333333333
person,220978.8652,0.6455356532440008,Large (>96²),0.23605625,0.4952666666666667
person,45876.204600000005,0.2773024536558981,Large (>96²),0.5801062499999999,0.56745
person,166510.4571,0.4661111947665177,Large (>96²),0.28758125,0.49807500000000005
person,45692.3946,0.27817118606429964,Large (>96²),0.5781499999999999,0.5648083333333334
person,116853.05919999999,0.3279501440729076,Large (>96²),0.2944625,0.4974333333333333
person,48359.132999999994,0.27873142390704153,Large (>96²),0.5831375,0.5631416666666667
person,176378.13120000003,0.49246399091000237,Large (>96²),0.18420000000000003,0.4987166666666667
person,62092.332,0.2970472440944882,Large (>96²),0.53583125,0.5387000000000001
person,183174.1462,0.5248404624473145,Large (>96²),0.2668625,0.4923083333333333
person,73097.22,0.29561999758677554,Large (>96²),0.50245,0.5266333333333334
person,149078.1,0.43618076699394476,Large (>96²),0.2353375,0.48718333333333336
person,138072.61740000002,0.4126300867821457,Large (>96²),0.33764375,0.48205000000000003
person,82653.5051,0.34788585027593705,Large (>96²),0.29059375,0.5190250000000001
person,109197.90320000002,0.3263605559781481,Large (>96²),0.799725,0.49870000000000003
person,59223.634399999995,0.31914202144946374,Large (>96²),0.25515,0.54615
person,119887.5992,0.3562366406950286,Large (>96²),0.6868500000000001,0.4870833333333333
person,66915.6404,0.28245639266122896,Large (>96²),0.35034999999999994,0.5149083333333333
person,38439.5176,0.21372821806691977,Large (>96²),0.525875,0.5534250000000001
person,61465.3872,0.21982677105790688,Large (>96²),0.353425,0.49653333333333327
person,48782.0049,0.27474665970524714,Large (>96²),0.49830624999999995,0.5549916666666667
person,35018.3808,0.31196275071633234,Large (>96²),0.20102499999999998,0.58875
person,112557.7632,0.331069493036976,Large (>96²),0.6629625,0.48590000000000005
person,33510.4746,0.3438290784458183,Large (>96²),0.18195,0.6026750000000001
person,135802.54320000001,0.3791732112421882,Large (>96²),0.8581750000000001,0.4987166666666667
person,18825.600000000002,0.24446846846846848,Large (>96²),0.18375,0.6209833333333333
person,199766.65929999997,0.5637609824113428,Large (>96²),0.7395437499999999,0.4960583333333333
person,29873.4696,0.3364881192106323,Large (>96²),0.297275,0.6183666666666666
person,189367.86,0.527779632721202,Large (>96²),0.6331625,0.49916666666666665
person,248854.55,0.6935726210350585,Large (>96²),0.54235625,0.49916666666666665
person,24036.054699999997,0.22518441431238712,Large (>96²),0.31906875,0.607225
person,54897.90080000001,0.30675586232980334,Large (>96²),0.41571874999999997,0.5576666666666668
person,119060.6254,0.33855519206772117,Large (>96²),0.87453125,0.4941833333333333
person,9002.6432,0.734375,Medium,0.52390625,0.30123333333333335
person,50253.502799999995,0.2887482621410422,Large (>96²),0.5122125000000001,0.5643166666666667
person,49110.1224,0.2784550909610439,Large (>96²),0.5125125,0.5667
person,184424.964,0.5189297995470938,Large (>96²),0.19335000000000002,0.49679166666666663
person,49478.789899999996,0.2775632978849388,Large (>96²),0.51618125,0.5608083333333334
person,112222.1871,0.33271346660468,Large (>96²),0.23711875,0.483975
person,44373.229999999996,0.24234634260341203,Large (>96²),0.53115,0.5501666666666667
person,61352.6232,0.41237166856787305,Large (>96²),0.1092375,0.5598833333333334
person,51561.1244,0.2973440276643773,Large (>96²),0.462,0.5645166666666668
person,38449.772999999994,0.37808090310442144,Large (>96²),0.08304375,0.59195
person,60762.8566,0.33555012454763355,Large (>96²),0.24151874999999998,0.5482
person,43555.9835,0.3420012889847844,Large (>96²),0.56378125,0.5858416666666667
person,179959.5588,0.507675770096409,Large (>96²),0.19372499999999998,0.49615
person,45035.4618,0.32930423731105163,Large (>96²),0.5556125000000001,0.5774083333333333
person,87343.59449999999,0.32102528709188854,Large (>96²),0.28956875,0.48465833333333336
person,60510.580799999996,0.3203110620283453,Large (>96²),0.3678,0.5314333333333333
person,63749.63279999999,0.29890433502230307,Large (>96²),0.5319875,0.5297166666666666
person,32567.654000000002,0.344874715261959,Large (>96²),0.410475,0.5862166666666667
person,156392.53420000002,0.4403631238044098,Large (>96²),0.62653125,0.4966166666666667
person,34260.332800000004,0.3567832709435911,Large (>96²),0.4450624999999999,0.5864333333333334
person,53330.3071,0.2976446407900021,Large (>96²),0.35279375,0.5283749999999999
person,126573.189,0.35891218321124857,Large (>96²),0.5476375,0.494875
person,117300.5901,0.3434981261871759,Large (>96²),0.37256875,0.48739166666666667
person,42271.7835,0.25189796167460027,Large (>96²),0.55968125,0.5644583333333333
person,20943.925199999998,0.23690848552113813,Large (>96²),0.43825000000000003,0.6073583333333332
person,37125.905399999996,0.33564856575861446,Large (>96²),0.34669375,0.5861166666666666
person,62503.87300000001,0.3524815958204702,Large (>96²),0.37739375,0.5619
person,122016.29999999999,0.3400667779632721,Large (>96²),0.6628875,0.49916666666666665
stair,31727.505599999997,0.7430313588850175,Large (>96²),0.15189453125,0.6996833773087071
stair,7960.8962,1.4494670085008772,Medium,0.6411614173228346,0.4553504043126685
stair,7191.208,0.5221985513421389,Medium,0.798503937007874,0.215188679245283
stair,192719.58,1.0367861947395278,Large (>96²),0.21826171875,0.33912418300653596
stair,184603.97999999998,1.386947345338925,Large (>96²),0.2470703125,0.36154901960784314
stair,130817.71999999999,1.0692435245011152,Large (>96²),0.8173828125,0.5792287581699347
stair,39915.200000000004,0.9225961538461539,Large (>96²),0.7979003906250001,0.13594771241830064
stair,130525.66800000002,1.0406313530607634,Large (>96²),0.8186279296875,0.5842091503267973
stair,6779.001599999999,1.368570616652458,Medium,0.657244094488189,0.471120218579235
stair,5275.5556,0.4418413105152375,Medium,0.8096062992125984,0.22413934426229506
stair,6715.848000000001,1.4044830079537238,Medium,0.655089463220676,0.4767174515235458
stair,5886.2444,0.46008310494209176,Medium,0.8081510934393639,0.2245567867036011
stair,6455.3733999999995,1.366162350887402,Medium,0.6625247524752474,0.47333333333333333
stair,5132.964099999999,0.5964212568718336,Medium,0.8072574257425743,0.2500413223140496
stair,5073.0624,1.1919068056407114,Medium,0.6764566929133858,0.4716348773841962
stair,5180.552000000001,0.6201312910284463,Medium,0.7925787401574803,0.2400817438692098
stair,41913.9552,1.582206930449742,Large (>96²),0.2607017543859649,0.38602597402597405
stair,48991.880000000005,1.444239331089152,Large (>96²),0.39980544747081714,0.7211375661375662
stair,42017.7,1.2263641274986494,Large (>96²),0.7791828793774319,0.7419312169312169
stair,117873.563,1.7023257581515543,Large (>96²),0.4794607843137255,0.506710182767624
stair,42165.4644,1.3251485592555219,Large (>96²),0.23335305719921104,0.5834908136482939
stair,97030.19519999999,0.9604832620186257,Large (>96²),0.47238281249999997,0.49890339425587465
stair,92413.53719999999,1.1844055418322414,Large (>96²),0.5224854368932038,0.6098293963254593
stair,110302.488,1.3738485971413443,Large (>96²),0.4935260115606936,0.6127994791666667
stair,76402.0586,0.9730559223439564,Large (>96²),0.5111614173228347,0.5935026041666666
stair,17837.5645,0.836471957816887,Large (>96²),0.7655392156862745,0.3937694300518135
stair,5139.4076000000005,0.7806260783830417,Medium,0.5937843137254902,0.19411917098445597
stair,20623.641200000002,1.09593235165476,Large (>96²),0.6881445312500001,0.5273947368421052
stair,12805.588,1.0719121683440074,Large (>96²),0.46011718749999997,0.21750000000000003
stair,17648.8468,0.8034545577221509,Large (>96²),0.7303906250000001,0.5300131578947368
stair,13208.9107,1.3033674381642992,Large (>96²),0.49981445312500006,0.22019736842105267
stair,22275.4448,1.1241031469773388,Large (>96²),0.72828125,0.5596701846965699
stair,14576.076000000001,0.9025810513062638,Large (>96²),0.45634765625,0.214934036939314
stair,62084.35999999999,0.5160881097912583,Large (>96²),0.08740234375,0.41905882352941176
stair,110730.69,1.1509817197020988,Large (>96²),0.82568359375,0.582202141900937
stair,31913.34,1.054080459770115,Large (>96²),0.8118017578125001,0.11646586345381527
stair,101689.30559999999,1.104990770042194,Large (>96²),0.8296923828125,0.5774029451137884
stair,25192.62,0.9599382716049382,Large (>96²),0.8596240234375,0.10843373493975904
stair,106382.31240000001,1.06078691423519,Large (>96²),0.8339501953125,0.5832128514056224
stair,24171.72,0.9806369426751593,Large (>96²),0.85744140625,0.10508701472556894
stair,100554.60990000001,1.1522629565688365,Large (>96²),0.8332080078124999,0.5827108433734939
stair,26499.72,1.0889102564102564,Large (>96²),0.8496630859375001,0.10441767068273092
stair,102642.56,0.9003672550645658,Large (>96²),0.8515625,0.5397322623828648
stair,198666.4155,1.8127473191360821,Large (>96²),0.3760302734375,0.5682396251673361
stair,50609.159999999996,1.3173979591836733,Large (>96²),0.4803564453125,0.13119143239625167
stair,47516.4,1.1761194029850746,Large (>96²),0.46953125,0.13453815261044177
stair,111914.44,0.8331787175989086,Large (>96²),0.6814566929133858,0.4809711286089239
stair,33178.843799999995,0.98620652055392,Large (>96²),0.2462354085603113,0.7041732283464568
stair,36809.095799999996,1.467420128804142,Large (>96²),0.6628277886497064,0.6639736842105263
stair,11111.4834,0.8340842141743199,Large (>96²),0.5476810176125245,0.21392105263157893
stair,16087.2615,0.6103480135509701,Large (>96²),0.179775390625,0.5504830287206266
stair,39796.2136,1.056417126075532,Large (>96²),0.7966994106090373,0.6027836411609498
stair,196639.95,1.101585798816568,Large (>96²),0.439306640625,0.4194454382826476
stair,177380.5447,1.6722343332616905,Large (>96²),0.3593994140625,0.3539624329159213
stair,92647.49699999999,1.593819991704687,Large (>96²),0.6766162109375,0.3887477638640429
stair,247709.1031,1.306607565283296,Large (>96²),0.7015576171875,0.3691455078125
stair,291164.4825,0.8725872067861162,Large (>96²),0.4863134765625,0.2829638671875
stair,117650.64,0.9312401530497412,Large (>96²),0.16162109375,0.2513464052287582
stair,94110.25,1.1223538349967193,Large (>96²),0.84130859375,0.31140522875816995
stair,57224.959200000005,0.9321548210033499,Large (>96²),0.342265625,0.34000653594771246
stair,191878.068,0.5367452751296203,Large (>96²),0.71236328125,0.5726143790849673
stair,148591.9416,1.0782824201282257,Large (>96²),0.33873046875,0.43188235294117644
stair,116109.5508,0.8615401378333468,Large (>96²),0.32505859375,0.3326078431372549
stair,146557.3515,1.0996521215109432,Large (>96²),0.7848876953125,0.41106535947712425
stair,144732.66499999998,0.6886247137092376,Large (>96²),0.675634765625,0.45851633986928103
stair,174908.5426,1.2630532340848628,Large (>96²),0.421865234375,0.305797385620915
stair,87278.8848,0.9999323043595993,Large (>96²),0.531943359375,0.33369934640522875
stair,177568.6528,1.0424500872262066,Large (>96²),0.65734375,0.3603137254901961
stair,90706.3056,0.9641692749087115,Large (>96²),0.2686767578125,0.21521568627450982
stair,153945.33800000002,0.7070938705529362,Large (>96²),0.7099951171875001,0.30810457516339873
stair,43302.451499999996,1.2077634011090572,Large (>96²),0.4928173828125,0.2962941176470589
stair,34734.184,1.2248218527315913,Large (>96²),0.645380859375,0.20366013071895425
stair,76977.96810000001,1.1221793745943263,Large (>96²),0.7597998046875001,0.5307647058823529
stair,99929.71280000001,0.9639108019131623,Large (>96²),0.5050585937500001,0.45230065359477123
stair,67975.7052,2.791784157908229,Large (>96²),0.6062744140625,0.67840522875817
stair,59149.7588,1.1757991885505374,Large (>96²),0.36607421875,0.4285816993464052
stair,30430.4884,0.9199978006268213,Large (>96²),0.41275390624999997,0.3686993464052288
stair,43324.042199999996,1.076309624682251,Large (>96²),0.489287109375,0.4741111111111111
stair,40461.119999999995,2.765376984126984,Large (>96²),0.703369140625,0.5313986928104576
stair,62158.9512,0.9292066192390969,Large (>96²),0.6082470703125,0.3638169934640523
stair,29363.4696,0.6801424583694292,Large (>96²),0.6380273437499999,0.30835294117647055
stair,142332.93269999998,0.4414680967224952,Large (>96²),0.12825683593749998,0.423640522875817
stair,50425.9836,0.9902508198174245,Large (>96²),0.733662109375,0.5152549019607843
stair,15361.273199999998,1.1844924481910784,Large (>96²),0.1449658203125,0.3954248366013072
stair,15746.9028,0.8429177641205735,Large (>96²),0.5512372448979591,0.5344949494949495
stair,7348.419299999999,0.5747766870080481,Medium,0.5414413265306123,0.16291666666666668
stair,23567.3697,1.1886229671188127,Large (>96²),0.7854230769230769,0.49323604060913706
stair,9650.5794,1.3275862068965516,Large (>96²),0.7644487179487179,0.10819796954314721
stair,34285.770000000004,1.464640522875817,Large (>96²),0.5527974683544304,0.5352030456852792
stair,7148.1668,0.8236367539716617,Medium,0.5304430379746835,0.1182233502538071
stair,20996.910999999996,1.3204599524187153,Large (>96²),0.639109375,0.43345833333333333
stair,20314.4191,1.3273785466009216,Large (>96²),0.643328125,0.4349375
stair,22337.4624,1.3168765356265355,Large (>96²),0.6533906249999999,0.4370416666666667
stair,21184.235999999997,1.311772112055398,Large (>96²),0.64978125,0.4609583333333333
stair,21665.785,1.2770825335892515,Large (>96²),0.61928125,0.48210416666666667
stair,28396.688000000002,1.0455703883495144,Large (>96²),0.633796875,0.6427916666666668
stair,27479.1275,1.0240522556620475,Large (>96²),0.633203125,0.6466041666666666
stair,27739.0748,1.5700421306048753,Large (>96²),0.641390625,0.7230833333333333
stair,25174.602,2.1123019144453603,Large (>96²),0.54203125,0.7725625
stair,25948.864800000003,1.9270941054808686,Large (>96²),0.39409375,0.7278749999999999
stair,16674.7584,1.115919502617801,Large (>96²),0.348578125,0.6793750000000001
stair,10085.1635,0.7068229384679783,Large (>96²),0.558203125,0.5943124999999999
stair,9966.3775,0.60498636540709,Large (>96²),0.5778593750000001,0.6406458333333334
stair,11231.64,0.7074603174603175,Large (>96²),0.54040625,0.684375
stair,11242.168,0.6328781512605042,Large (>96²),0.541390625,0.718625
stair,18756.3493,1.6689934911800772,Large (>96²),0.36676562500000004,0.5194791666666667
stair,19339.55,1.4623478260869565,Large (>96²),0.38695312499999995,0.517375
stair,20993.25,1.5873913043478263,Large (>96²),0.41395312500000003,0.7604166666666666
stair,29712.5,1.2170239999999999,Large (>96²),0.36303125,0.6744791666666666
stair,33753.9248,1.0578290320774786,Large (>96²),0.41440625000000003,0.5839791666666667
stair,28647.8184,0.7971725483990083,Large (>96²),0.4891249999999999,0.43185416666666665
stair,22871.3784,1.0800577240241889,Large (>96²),0.351078125,0.6095
stair,16501.2189,0.6695330912796993,Large (>96²),0.38951562500000003,0.39127083333333335
stair,3434.486,0.6453735435229608,Medium,0.0735625,0.7490625000000001
stair,9609.599999999999,0.9590409590409591,Large (>96²),0.846875,0.7883749999999999
stair,25863.100400000003,1.2599986040343407,Large (>96²),0.529125,0.6665625000000001
stair,20303.4992,1.0776628296663266,Large (>96²),0.23112499999999997,0.6314583333333333
stair,10376.5992,1.2691882326918824,Large (>96²),0.8175625,0.811625
stair,10500.6,0.8148343904157858,Large (>96²),0.85546875,0.5725
stair,7648.875,0.8630762693860208,Medium,0.873046875,0.5955416666666667
stair,14331.447000000002,1.2779036827195467,Large (>96²),0.415890625,0.550625
stair,7851.424999999999,0.6927484501221116,Medium,0.884765625,0.5455833333333333
stair,6946.875,0.34210526315789475,Medium,0.923828125,0.296875
stair,12320.0359,0.8666443009309737,Large (>96²),0.838515625,0.4061458333333333
stair,14438.4264,1.1504061412121753,Large (>96²),0.31684375,0.3811875
stair,14572.689000000002,1.3172656398554858,Large (>96²),0.521765625,0.49095833333333333
stair,15271.640700000002,1.3482100911397163,Large (>96²),0.31226562500000005,0.6904791666666666
stair,15627.6,1.1662059433310297,Large (>96²),0.2109375,0.317875
stair,12484.4352,1.0213458755426919,Large (>96²),0.1764375,0.4120416666666667
stair,8352.1891,0.8482313816386173,Medium,0.131515625,0.5866875
stair,14262.075,0.7187988073264233,Large (>96²),0.15817187500000002,0.4114166666666667
stair,4126.5108,0.8602367889113485,Medium,0.09309375,0.663
stair,8453.316,0.9406118143459916,Medium,0.139328125,0.6115416666666668
stair,4903.433999999999,0.7239368165249088,Medium,0.09309375,0.5507500000000001
stair,8564.4625,0.7149383280036546,Medium,0.124859375,0.7366875
stair,23711.850400000003,0.8216388038615494,Large (>96²),0.21809375000000003,0.6009583333333333
stair,8657.8,0.9617411467116358,Medium,0.725890625,0.46900000000000003
stair,12656.25,0.81,Large (>96²),0.841796875,0.7395833333333334
stair,13125.846399999999,1.4491961752653146,Large (>96²),0.7845000000000001,0.3249791666666667
stair,9017.8418,0.6936502368005614,Medium,0.124859375,0.7416250000000001
stair,13675.036399999999,0.6313786777196441,Large (>96²),0.8548125000000001,0.5961874999999999
stair,26488.789500000003,1.1671423830069698,Large (>96²),0.7252656249999999,0.4795625
stair,20003.128399999998,1.310213661379087,Large (>96²),0.655296875,0.503
stair,22854.297,1.4991495909937635,Large (>96²),0.6251562500000001,0.5032291666666667
stair,22835.375,1.3797123979790127,Large (>96²),0.72265625,0.5011041666666667
stair,22258.74,1.5811209439528022,Large (>96²),0.512875,0.5440208333333333
stair,9392.545800000002,1.0845690952073932,Large (>96²),0.820140625,0.693875
stair,14528.0713,1.1002523714211123,Large (>96²),0.410546875,0.6595208333333333
stair,15436.110800000002,1.4971439826669293,Large (>96²),0.47078125000000004,0.6594583333333334
stair,11684.8684,1.123553637968229,Large (>96²),0.8209687499999999,0.6885833333333333
stair,5161.072,0.8396683673469387,Medium,0.897109375,0.82975
stair,13678.3052,1.150009169264625,Large (>96²),0.8040312500000001,0.5957083333333333
stair,12288.0408,1.1636823666796419,Large (>96²),0.8131562499999999,0.6417916666666666
stair,7873.8,1.5367421067337246,Medium,0.828125,0.150875
stair,12980.0424,1.2606681777865378,Large (>96²),0.8001250000000001,0.6635624999999999
stair,7318.055200000001,1.5915056776286682,Medium,0.8313750000000001,0.20077083333333334
stair,13029.6375,1.175325292050527,Large (>96²),0.806640625,0.6417708333333334
stair,7103.0736,1.5397526501766783,Medium,0.8365937499999999,0.14150000000000001
stair,12746.050500000001,1.2096444227959084,Large (>96²),0.806015625,0.6403125000000001
stair,6173.725,1.8718439839804981,Medium,0.83203125,0.14252083333333332
stair,13607.5,1.148263825096454,Large (>96²),0.8046875,0.6672916666666667
stair,7519.25,1.8753948199620973,Medium,0.814453125,0.138875
stair,7884.3409999999985,0.904767005891805,Medium,0.86490625,0.5920625
stair,6218.7136,1.675640183847669,Medium,0.8404999999999999,0.14079166666666668
stair,7236.2724,1.108937855904927,Medium,0.8600312499999999,0.57825
stair,7996.6572,1.6786438713416403,Medium,0.62634375,0.14554166666666665
stair,25174.73,1.6425686591276252,Large (>96²),0.32292187499999997,0.5389583333333333
stair,27745.1068,1.7029927922281416,Large (>96²),0.522328125,0.5332916666666667
stair,15776.380799999999,0.7962489343563512,Large (>96²),0.8248749999999999,0.6807083333333334
stair,20204.767799999998,1.5072551390568318,Large (>96²),0.717984375,0.6598333333333334
stair,25510.2078,1.745553809248077,Large (>96²),0.5133125,0.6769791666666667
stair,39005.8695,1.4780547860880273,Large (>96²),0.375140625,0.6023541666666666
stair,35368.1834,2.7076734622451655,Large (>96²),0.48353124999999997,0.7289375
stair,44649.1584,2.0428165584415585,Large (>96²),0.474515625,0.6485833333333333
stair,4591.4484,1.2408351142528358,Medium,0.5604375,0.7656458333333334
stair,4837.3038,0.8753026634382566,Medium,0.522265625,0.7139166666666665
stair,5262.8387999999995,0.9401229617749266,Medium,0.5122500000000001,0.7149166666666666
stair,4007.1039999999994,0.6440162271805274,Medium,0.49343750000000003,0.723375
stair,4625.4654,0.8819386909693454,Medium,0.521296875,0.7327916666666667
stair,5402.7016,0.8488342943093506,Medium,0.5315937500000001,0.7182916666666667
stair,4050.7455999999997,0.7875069715560513,Medium,0.510125,0.7188749999999999
stair,4068.885,0.7624914442162902,Medium,0.5036875000000001,0.7216041666666667
stair,5216.612,0.8375570197668524,Medium,0.10328124999999999,0.7043750000000001
stair,7640.320099999999,0.9405303450571397,Medium,0.252234375,0.6721041666666667
stair,9947.277,1.0397709845619056,Large (>96²),0.677125,0.7141875
stair,12799.362000000001,1.2411619891678978,Large (>96²),0.76465625,0.7168125
stair,17187.7356,1.0612918434700613,Large (>96²),0.21884375,0.6332083333333334
stair,14848.658500000001,2.2659666460778256,Large (>96²),0.393359375,0.7237291666666666
stair,18492.6924,1.7183342972816658,Large (>96²),0.39440624999999996,0.678
stair,15089.817500000001,2.561693811074919,Large (>96²),0.39832812500000003,0.7324375
stair,15401.421000000002,2.2535381637837184,Large (>96²),0.42781250000000004,0.7490208333333334
stair,23233.3881,1.2312004076581495,Large (>96²),0.43351562499999996,0.6368541666666666
stair,18935.3055,0.648697688030436,Large (>96²),0.826796875,0.5850624999999999
stair,10532.8817,0.5222871628758539,Large (>96²),0.884140625,0.6798541666666666
stair,7809.474999999999,0.3363302270639192,Medium,0.919921875,0.609625
stair,9717.3962,1.3583589501064082,Large (>96²),0.794453125,0.8237916666666666
stair,9983.75,0.3912607987980468,Large (>96²),0.90234375,0.5793333333333334
stair,11557.0046,1.1527014880655149,Large (>96²),0.8196562500000001,0.5327291666666667
stair,11412.674,1.0926614481409003,Large (>96²),0.825546875,0.7436666666666666
stair,11832.449999999999,0.9317596947377762,Large (>96²),0.8359375,0.7226458333333333
stair,12954.184299999999,1.1270403880235054,Large (>96²),0.811171875,0.4520208333333333
stair,8849.25,1.7431578947368422,Medium,0.7812812499999999,0.8515625
stair,6307.0,0.8237714285714286,Medium,0.8873749999999999,0.8177083333333334
stair,11617.6218,1.296534967251215,Large (>96²),0.699609375,0.6867916666666666
stair,13202.4576,1.3503236245954695,Large (>96²),0.55921875,0.6981666666666667
stair,15962.589,1.1842377260981913,Large (>96²),0.559859375,0.6897916666666667
stair,15394.806,1.4638712823013165,Large (>96²),0.7550625,0.7199375
stair,14873.205499999998,1.4816847988821238,Large (>96²),0.755390625,0.7131458333333334
stair,16353.469000000001,1.4513424399434762,Large (>96²),0.75928125,0.7228958333333334
stair,8004.371199999999,0.5831341754865141,Medium,0.8932500000000001,0.6899166666666666
stair,23358.088,1.806190643686247,Large (>96²),0.6048125000000001,0.756125
stair,23073.57,1.6855555555555557,Large (>96²),0.589421875,0.75625
stair,23636.8944,1.7663381742738589,Large (>96²),0.6088281249999999,0.759
stair,4342.4452,0.7524022640515993,Medium,0.5349375000000001,0.15827083333333333
stair,27861.0577,1.3490362535662097,Large (>96²),0.512109375,0.5851458333333334
stair,27213.266600000003,1.3713352736565627,Large (>96²),0.4336875,0.6010208333333333
stair,29788.661099999998,1.4816982861978985,Large (>96²),0.624828125,0.5801875
stair,21251.169100000003,1.0853283784749517,Large (>96²),0.536140625,0.5917291666666666
stair,28730.059400000002,1.3461564788828804,Large (>96²),0.61528125,0.5758958333333334
stair,15523.587599999999,1.1465280165005156,Large (>96²),0.788421875,0.7575833333333333
stair,5964.0449,0.8651089967481633,Medium,0.7789531249999999,0.17297916666666666
stair,15779.362500000001,1.0303838383838384,Large (>96²),0.794265625,0.7422291666666666
stair,16728.251800000002,1.2752990482842923,Large (>96²),0.7650625,0.7572708333333333
stair,11088.5514,1.1137502505512127,Large (>96²),0.682703125,0.758625
stair,17857.9072,1.332181723959233,Large (>96²),0.759,0.7512083333333334
stair,15185.1996,0.9463961474698034,Large (>96²),0.80878125,0.7361041666666667
stair,17724.6154,1.0262517120681784,Large (>96²),0.786140625,0.7262083333333333
stair,4779.6138,0.7843966179861644,Medium,0.788515625,0.162625
stair,18342.9978,1.2605487855425683,Large (>96²),0.7585,0.7487291666666667
stair,5482.956,0.8911269760326365,Medium,0.782375,0.16341666666666665
stair,18340.2562,1.2732044659223463,Large (>96²),0.761234375,0.74475
stair,5518.425,0.8107878787878788,Medium,0.777328125,0.171875
stair,18448.5824,1.1860166773572802,Large (>96²),0.7688750000000001,0.7227916666666666
stair,12509.812699999999,0.8139872549810437,Large (>96²),0.8423281250000001,0.7296875
stair,11119.4552,0.7635067948293006,Large (>96²),0.85603125,0.7444166666666666
stair,12789.903699999999,0.8289992754206585,Large (>96²),0.8391093749999999,0.7370625000000001
stair,12358.1576,0.7841325473952524,Large (>96²),0.8461874999999999,0.7330833333333333
stair,11908.25,0.7578779417630634,Large (>96²),0.8515625,0.7284791666666666
stair,11912.296100000001,0.7466550550233553,Large (>96²),0.8526718750000001,0.7326875
stair,12362.027999999998,0.7492409497859089,Large (>96²),0.849625,0.7282291666666666
stair,12010.4799,0.7942587622997479,Large (>96²),0.8473906250000001,0.7269791666666666
stair,11570.7848,0.8058082283234582,Large (>96²),0.8491250000000001,0.7191041666666667
stair,11321.1581,0.7191360484577987,Large (>96²),0.855890625,0.7249791666666667
stair,10926.8544,0.7051735218508998,Large (>96²),0.8597187500000001,0.729375
stair,15899.3436,0.5284215381067681,Large (>96²),0.14321875,0.5919583333333333
stair,10380.853000000001,1.313498312710911,Large (>96²),0.18248437499999998,0.43887500000000007
stair,6313.5044,0.5008015675097969,Medium,0.344140625,0.5685416666666666
stair,5704.4206,0.438782669707069,Medium,0.341890625,0.5394583333333334
stair,5044.4746,0.5829929047516663,Medium,0.32654687499999996,0.5160416666666666
stair,5145.4144,0.45076750280793704,Medium,0.32946875,0.5144583333333334
stair,5273.758,0.5087908849818289,Medium,0.325,0.5508124999999999
stair,4713.382500000001,0.47848866498740555,Medium,0.338921875,0.48481250000000004
stair,4866.015,0.6782762691853601,Medium,0.32882812499999997,0.46549999999999997
stair,5934.1744,0.5075372237121983,Medium,0.3293125,0.5264791666666667
stair,6389.473199999999,0.5042195966953895,Medium,0.33965625,0.5468958333333334
stair,5414.9003,0.5347311934810693,Medium,0.319234375,0.5312708333333334
stair,4202.856,0.6043890154694808,Medium,0.3310625,0.4549375
stair,5405.2548,0.39164113040517534,Medium,0.327078125,0.5124583333333333
stair,5193.0036,0.44422863485016645,Medium,0.325328125,0.53125
stair,6051.608499999999,0.589146521953626,Medium,0.333984375,0.5578125
stair,4927.3553999999995,0.5854589056027906,Medium,0.346640625,0.6233333333333333
stair,6626.228999999999,0.4449725477341637,Medium,0.33484375,0.5150208333333334
stair,4814.2068,0.40342365433906996,Medium,0.337984375,0.5225416666666667
stair,5943.808800000001,0.5193494111048794,Medium,0.33034375000000005,0.54125
stair,5795.415999999999,0.4042091197594789,Medium,0.34675,0.545875
stair,4102.115400000001,0.5743698970536031,Medium,0.320625,0.5101458333333333
stair,5662.906,0.4710871944545786,Medium,0.329234375,0.5300833333333334
stair,5707.915,0.5014528071984253,Medium,0.32690625,0.5231041666666667
stair,5392.3014,0.5886532232786543,Medium,0.32325,0.5624791666666666
stair,6616.940799999999,0.4315942497173316,Medium,0.33309375,0.5192916666666666
stair,7099.536,0.44932378679395385,Medium,0.33478125,0.5254583333333334
stair,9255.8829,1.061248527679623,Large (>96²),0.845109375,0.8013125
stair,5787.175,0.5376385542168675,Medium,0.9128437500000001,0.7296458333333333
stair,24112.274999999998,0.9487517250031364,Large (>96²),0.763671875,0.6557499999999999
stair,7781.533200000001,0.7842586085734364,Medium,0.8779375,0.7883125
stair,6052.4156,0.8655823965558478,Medium,0.88378125,0.8257916666666667
stair,22118.662800000002,0.9304708781943183,Large (>96²),0.70875,0.7476833333333334
stair,23422.616,1.0051752374713396,Large (>96²),0.6531375,0.8151083333333333
stair,22154.630400000002,1.0782754290498116,Large (>96²),0.6485875,0.7856833333333334
stair,17894.1825,1.0072023407607473,Large (>96²),0.37570625,0.7440416666666666
stair,35268.0,1.1341726210729273,Large (>96²),0.875,0.8287
stair,91114.5,1.1023304347826088,Large (>96²),0.801925,0.7322166666666666
stair,77827.5,0.9366869037294016,Large (>96²),0.83125,0.6982416666666666
stair,73001.7856,0.8094033031433139,Large (>96²),0.8480749999999999,0.7048666666666666
stair,79953.70949999998,0.9537871723137499,Large (>96²),0.8273937499999999,0.7382083333333334
stair,48784.728599999995,1.077107414716662,Large (>96²),0.85671875,0.8123999999999999
stair,109112.8142,1.3327508475168628,Large (>96²),0.5921875,0.732075
stair,45934.6717,1.6138343903740144,Large (>96²),0.63463125,0.22665833333333335
stair,79767.6252,1.1515635092518712,Large (>96²),0.810575,0.7319416666666666
stair,42028.5383,1.8440087434589654,Large (>96²),0.8247437500000001,0.188275
stair,70902.7136,1.2051038918205805,Large (>96²),0.81730625,0.5889000000000001
stair,10588.7808,0.8182137834036568,Large (>96²),0.9418249999999999,0.7000666666666667
stair,46053.049199999994,1.3238968419923864,Large (>96²),0.8456750000000001,0.5932916666666667
stair,80387.5944,1.3194506340396224,Large (>96²),0.5266249999999999,0.5519916666666667
stair,35237.175800000005,1.2328759020466107,Large (>96²),0.55621875,0.17293333333333336
stair,87579.40800000001,1.3323972228722991,Large (>96²),0.43368750000000006,0.5696833333333333
stair,36051.488,1.2788564621798688,Large (>96²),0.46291250000000006,0.15368333333333334
stair,111562.62000000001,1.3062893512181768,Large (>96²),0.65590625,0.5487833333333333
stair,36847.3924,1.7999021526418784,Large (>96²),0.6601937499999999,0.11923333333333334
stair,92112.3132,1.1170427636161024,Large (>96²),0.79953125,0.6004333333333333
stair,73101.7959,1.0284310415963391,Large (>96²),0.82810625,0.6342249999999999
stair,24293.7156,0.7716846080144282,Large (>96²),0.914425,0.7842083333333333
stair,68447.61,1.1634714491857348,Large (>96²),0.8234875000000001,0.6619916666666668
stair,85334.7692,0.8738839642868571,Large (>96²),0.8293249999999999,0.6357416666666666
stair,22210.848,0.2732182940516274,Large (>96²),0.0486875,0.5790666666666666
stair,53674.8498,0.8642510332651178,Large (>96²),0.1346125,0.5718083333333333
stair,87616.7985,1.4290618311053673,Large (>96²),0.22114375000000003,0.5513583333333333
stair,75844.65000000001,1.214485794317727,Large (>96²),0.39973749999999997,0.5943166666666666
stair,86972.5825,1.30913676042677,Large (>96²),0.45801875,0.5146916666666667
stair,27068.0613,0.3148040787095454,Large (>96²),0.05768125,0.659475
stair,34451.6472,1.1200821074238796,Large (>96²),0.45162499999999994,0.46410000000000007
stair,101000.8282,1.014930577569264,Large (>96²),0.26933125,0.5589166666666667
stair,86137.88040000001,1.2578241430700448,Large (>96²),0.41052500000000003,0.584475
stair,98782.7298,1.5170076024766832,Large (>96²),0.53424375,0.69505
stair,102385.8955,1.4928023215853985,Large (>96²),0.43856875,0.6240749999999999
stair,70447.932,0.9830407172207697,Large (>96²),0.7837125,0.5858833333333333
stair,103256.0,1.5495467575734099,Large (>96²),0.525,0.5643666666666667
stair,102817.1298,1.4301271771155781,Large (>96²),0.4935125,0.6381083333333334
stair,98997.8832,1.4900294847920545,Large (>96²),0.56119375,0.6377666666666666
stair,115617.2838,1.3108963566570138,Large (>96²),0.49418125,0.6730333333333334
stair,98039.18719999999,0.9736543552250094,Large (>96²),0.491175,0.51505
stair,105916.5035,1.1595473645898817,Large (>96²),0.44731875000000004,0.559675
stair,194836.85199999998,1.116179990426041,Large (>96²),0.40085,0.5774833333333333
stair,203722.8268,1.7490111049254298,Large (>96²),0.626925,0.691225
stair,300169.62179999996,1.58063701867915,Large (>96²),0.43050625,0.6189
stair,216270.812,1.4510697818991867,Large (>96²),0.4191125,0.5794
stair,224874.1772,1.1391145821611037,Large (>96²),0.6518999999999999,0.545125
stair,106925.95349999999,1.0567763840422522,Large (>96²),0.78989375,0.5836583333333333
stair,60812.43110000001,1.1792240961733234,Large (>96²),0.8067812499999999,0.595375
stair,86871.52500000001,1.3900556022240889,Large (>96²),0.748925,0.512175
stair,73257.09790000001,1.2931809587832446,Large (>96²),0.7077562500000001,0.5555083333333334
stair,96742.64600000001,1.5691502215062425,Large (>96²),0.7185124999999999,0.5969333333333333
stair,94495.52,1.534555712270804,Large (>96²),0.6937625,0.648325
stair,97715.4281,1.4271028394542744,Large (>96²),0.52954375,0.599875
stair,106689.49500000001,1.5181063749528478,Large (>96²),0.46115624999999993,0.6444666666666666
stair,168272.5725,0.8048332422088573,Large (>96²),0.23000625,0.4920416666666667
stair,127240.4559,0.9835960741791085,Large (>96²),0.22110624999999998,0.48104166666666665
stair,122769.50670000001,1.0613330981153157,Large (>96²),0.22561875,0.419125
stair,95892.01070000001,1.1172133665563027,Large (>96²),0.20458125,0.35200833333333337
stair,74805.69200000001,0.8946603956287176,Large (>96²),0.16168749999999998,0.3603166666666667
stair,42046.5809,0.8724547897781625,Large (>96²),0.6466312500000001,0.5247583333333333
stair,119337.25920000001,1.8186680199875076,Large (>96²),0.39694375,0.55705
stair,32222.5224,1.3398246066546298,Large (>96²),0.4539,0.12923333333333334
stair,68030.4768,1.3670432131970591,Large (>96²),0.1906,0.1859
stair,108395.7154,1.367514385167294,Large (>96²),0.24063125,0.2346166666666667
stair,137840.873,1.420202863195737,Large (>96²),0.27653125,0.25961666666666666
stair,106529.2132,1.6334090375127261,Large (>96²),0.2607125,0.21281666666666665
stair,126575.0976,1.3275471209275214,Large (>96²),0.311,0.2708833333333333
stair,118665.509,1.4296771954182574,Large (>96²),0.55744375,0.2589166666666667
stair,140187.2122,1.7685941606876465,Large (>96²),0.35735625,0.2346166666666667
stair,133662.58899999998,2.000889886249323,Large (>96²),0.32321875,0.21538333333333332
stair,60880.683000000005,2.205356605476979,Large (>96²),0.2290125,0.13845833333333335
stair,179523.3183,0.7594043725962033,Large (>96²),0.23076875000000002,0.5640583333333333
stair,231653.817,0.7219397662676975,Large (>96²),0.26328125,0.48103333333333337
stair,219987.2292,0.7551413643606181,Large (>96²),0.257625,0.4613166666666667
stair,202810.148,0.740607682017963,Large (>96²),0.2893375,0.44504999999999995
stair,160105.6204,0.9840097181247986,Large (>96²),0.24807500000000002,0.38180833333333336
stair,88953.2466,0.7670983466948581,Large (>96²),0.1632625,0.523525
stair,129160.6523,1.0673240003449564,Large (>96²),0.30031874999999997,0.4514416666666667
stair,89417.0589,0.7032840676445018,Large (>96²),0.15671875,0.48617499999999997
stair,43486.827999999994,0.7646343508889635,Large (>96²),0.11396875,0.5602333333333334
stair,170883.97479999997,1.9935104856889132,Large (>96²),0.46695,0.5790833333333333
stair,295724.7372,2.1083253230802095,Large (>96²),0.50456875,0.6071333333333333
stair,289904.3718,2.183462319556507,Large (>96²),0.50149375,0.6476333333333333
stair,162401.88,3.295225225225225,Large (>96²),0.45721249999999997,0.7086
stair,142290.066,4.463287594511341,Large (>96²),0.498075,0.6537583333333333
stair,153056.484,3.967973523421588,Large (>96²),0.51168125,0.73505
stair,172112.59,3.7092057007566965,Large (>96²),0.499375,0.674325
stair,226510.7516,2.7947592117742106,Large (>96²),0.501475,0.7524916666666667
stair,178936.6788,2.6394745938472175,Large (>96²),0.4320125,0.7804583333333333
stair,184277.67119999998,2.3116809520436354,Large (>96²),0.409375,0.7630500000000001
stair,236426.85199999998,2.4678534505040064,Large (>96²),0.47740625000000003,0.7382166666666666
stair,229758.1826,2.50885599101183,Large (>96²),0.47453125,0.74615
stair,253283.78879999998,2.2737296260786195,Large (>96²),0.515125,0.7064833333333334
stair,224481.6812,2.139862298928649,Large (>96²),0.43317500000000003,0.7160083333333334
stair,185273.715,1.9291707002258796,Large (>96²),0.39268125000000004,0.7302166666666666
stair,144494.169,2.5106711129637347,Large (>96²),0.37644374999999997,0.73085
stair,127623.8586,1.288905837861887,Large (>96²),0.3542125,0.7211083333333332
stair,105279.1155,2.5305191939991176,Large (>96²),0.32259375,0.8122916666666666
stair,206292.87139999997,2.839683894186176,Large (>96²),0.4783625,0.7463916666666667
stair,41588.4528,0.8059517520690263,Large (>96²),0.11442500000000001,0.7363333333333334
stair,29561.5104,0.8479005998286203,Large (>96²),0.09895,0.8315833333333333
stair,27012.5956,1.1089895559684757,Large (>96²),0.10817500000000001,0.7917249999999999
stair,28626.9235,0.9019927027785574,Large (>96²),0.26590625,0.748975
stair,25003.1496,0.9923769923769925,Large (>96²),0.24193750000000003,0.6613083333333334
stair,36549.2858,0.8088629627887284,Large (>96²),0.2367625,0.651075
stair,33241.7696,0.6838261973875183,Large (>96²),0.09421875,0.70345
stair,60676.959599999995,0.6390809074092104,Large (>96²),0.12307499999999999,0.6047750000000001
stair,98138.976,0.8395437262357416,Large (>96²),0.243675,0.52535
stair,40908.6918,0.8645244334114834,Large (>96²),0.2738125,0.5251416666666666
stair,44138.4192,0.8689324696068862,Large (>96²),0.23241250000000002,0.5506333333333333
stair,97203.7472,1.2271887436043207,Large (>96²),0.7841374999999999,0.6052166666666666
stair,135737.9078,1.1516705018787685,Large (>96²),0.7528874999999999,0.6241583333333334
stair,17312.159,0.9663055659320136,Large (>96²),0.716275,0.11154166666666666
stair,142791.3018,1.3959290873276429,Large (>96²),0.718075,0.6857416666666667
stair,29801.0695,0.774560285495794,Large (>96²),0.6002437500000001,0.16345833333333334
stair,100379.286,1.6799623629520537,Large (>96²),0.73935625,0.6181
stair,115785.59300000001,1.5495884397292845,Large (>96²),0.58815,0.6265083333333333
stair,26211.3645,0.8672418751797527,Large (>96²),0.48845625,0.144875
stair,109513.67099999999,1.4657569327577378,Large (>96²),0.53406875,0.6350333333333333
stair,124243.36470000002,1.378918612786088,Large (>96²),0.6480312500000001,0.6026916666666667
stair,125392.68270000002,1.4368843302528689,Large (>96²),0.60374375,0.652525
stair,274021.902,1.5412783113957074,Large (>96²),0.49560000000000004,0.6204083333333333
stair,65023.7236,1.8900690101358637,Large (>96²),0.58160625,0.7454333333333333
stair,100518.0192,1.515024458420685,Large (>96²),0.48236249999999997,0.7314999999999999
stair,98264.2245,1.7776785334524263,Large (>96²),0.64776875,0.7040583333333333
stair,84546.3,0.8797741935483872,Large (>96²),0.82830625,0.7416666666666667
stair,100191.1658,1.826807293223451,Large (>96²),0.70585,0.7753583333333334
stair,59520.039600000004,1.708835664148315,Large (>96²),0.407025,0.8085749999999999
stair,77342.7157,1.8037861592698121,Large (>96²),0.41036874999999995,0.6607583333333334
stair,36274.888,1.6574286873056645,Large (>96²),0.6945999999999999,0.4177333333333333
stair,127018.953,1.5878796450164412,Large (>96²),0.454725,0.664325
stair,47960.556800000006,1.3097303511705685,Large (>96²),0.79221875,0.44695
stair,41869.4231,1.2778851997127232,Large (>96²),0.44841875000000003,0.7465916666666667
stair,46369.480800000005,1.5865114646700984,Large (>96²),0.42143125,0.6934333333333333
stair,86620.5024,1.4184202007122044,Large (>96²),0.5767625,0.5415
stair,96210.96,1.5542604501607715,Large (>96²),0.26668749999999997,0.6631833333333332
stair,161056.908,1.771524276996551,Large (>96²),0.43193124999999993,0.7192500000000001
stair,208853.99399999998,1.8339951401647603,Large (>96²),0.3868125,0.6431333333333333
stair,165473.1904,1.8875979465009458,Large (>96²),0.4377625,0.71225
stair,119660.64480000001,1.778188967271886,Large (>96²),0.3383,0.6502249999999999
stair,80518.81749999999,1.9979576587795764,Large (>96²),0.63721875,0.7788583333333333
stair,31176.788500000002,1.004768663071246,Large (>96²),0.70573125,0.14679166666666668
stair,72128.462,2.261731436891029,Large (>96²),0.7081999999999999,0.8011833333333334
stair,112686.87159999998,0.9227379385337378,Large (>96²),0.2640375,0.6578833333333334
stair,50847.8136,0.8988816010763538,Large (>96²),0.31156875,0.7120666666666667
stair,85157.45199999999,0.6911287106147798,Large (>96²),0.151625,0.5831333333333333
stair,129412.30140000001,1.662640238001362,Large (>96²),0.2937375,0.5876250000000001
stair,100805.60399999999,1.6469684721099433,Large (>96²),0.3597625,0.5587333333333333
stair,89555.63200000001,1.563894692854158,Large (>96²),0.2439875,0.5300666666666666
stair,78376.27979999999,1.5424097240706238,Large (>96²),0.37306875,0.5557333333333333
stair,92462.4012,1.6090021691973968,Large (>96²),0.24105625,0.5194666666666666
stair,84234.76049999999,1.2628257250164556,Large (>96²),0.20385624999999996,0.4322083333333333
stair,76498.2662,1.4338470863278205,Large (>96²),0.32525624999999997,0.6998333333333334
stair,52055.751599999996,1.1326616288832914,Large (>96²),0.37901250000000003,0.6953166666666667
stair,86149.4535,1.8327106683271068,Large (>96²),0.27910625000000006,0.7129083333333334
stair,76543.08619999999,1.840533516402687,Large (>96²),0.26823749999999996,0.718525
stair,75433.6632,1.4085213032581454,Large (>96²),0.241225,0.6917666666666666
stair,23634.6033,0.4987367357251137,Large (>96²),0.25041875,0.18140833333333334
stair,86793.81999999999,1.574318568994889,Large (>96²),0.27184375,0.6956666666666667
stair,20310.787200000002,0.4138304595106979,Large (>96²),0.23981249999999998,0.18461666666666665
stair,75981.276,1.2713216345563874,Large (>96²),0.233675,0.696275
stair,76819.7386,1.4423693560967155,Large (>96²),0.24073125,0.6987
stair,57883.8384,1.0870168140058936,Large (>96²),0.2058125,0.6948833333333333
stair,74070.9908,1.4785988740952551,Large (>96²),0.230875,0.6968166666666668
stair,67245.7457,1.8649217968297436,Large (>96²),0.26266875,0.7443083333333333
stair,52800.0804,1.1743538954914168,Large (>96²),0.33090625,0.7010666666666666
stair,64607.3344,1.317557803468208,Large (>96²),0.3035,0.68855
stair,77721.4075,1.6010075795397811,Large (>96²),0.26181875,0.7010083333333333
stair,63407.511600000005,1.0598961527454107,Large (>96²),0.33990000000000004,0.699975
stair,85232.61020000001,1.6730317664259449,Large (>96²),0.28995,0.6957916666666667
stair,41184.152,0.7307497893850041,Large (>96²),0.39061250000000003,0.69655
stair,85628.5746,1.5764609971681114,Large (>96²),0.26844375000000004,0.7045000000000001
stair,83048.84850000001,1.5204740918231998,Large (>96²),0.27016875,0.698825
stair,72732.03959999999,1.271807309525801,Large (>96²),0.2372,0.7007166666666667
stair,95841.3803,1.5846379050949455,Large (>96²),0.29105625,0.696325
stair,20852.076,0.4834127786605037,Large (>96²),0.247825,0.173075
stair,88561.7346,1.6519391897728255,Large (>96²),0.29651875,0.7032166666666667
stair,92951.49500000001,1.6913364330503775,Large (>96²),0.2935375,0.6940583333333334
stair,93477.5468,1.676647467389463,Large (>96²),0.28781875,0.7058
stair,19962.561100000003,0.49524331324401055,Large (>96²),0.23881875,0.16730833333333334
stair,58680.9076,1.025077321742038,Large (>96²),0.3794125,0.6904
stair,43119.1835,1.2784644704601142,Large (>96²),0.27558124999999994,0.7085083333333333
stair,53077.568999999996,2.023214175464592,Large (>96²),0.2461625,0.7727083333333333
stair,47515.9824,2.1084465760724753,Large (>96²),0.2334,0.7723333333333333
stair,53265.5024,1.6208627537511031,Large (>96²),0.22980625,0.7412333333333333
stair,48119.45910000001,2.0661162440207064,Large (>96²),0.23840625,0.766425
stair,72076.2136,1.516766824166246,Large (>96²),0.3008875,0.7055083333333333
stair,67224.8289,1.4538901548621121,Large (>96²),0.33538125,0.6907416666666667
stair,60701.9,1.0716386554621848,Large (>96²),0.37095625,0.7093666666666667
stair,87344.41100000001,1.6680505178516802,Large (>96²),0.27509999999999996,0.7105916666666667
stair,86252.6266,1.6778547170643499,Large (>96²),0.26661250000000003,0.702075
stair,53028.3906,0.8758432902544094,Large (>96²),0.38069375,0.6870999999999999
stair,76299.9512,1.4873945869574814,Large (>96²),0.2615625,0.6951416666666667
stair,62199.4538,1.5830390475229543,Large (>96²),0.24610625000000003,0.7297
stair,130961.78550000001,1.4027491408934707,Large (>96²),0.7313437500000001,0.6928083333333335
stair,34190.606400000004,0.9171327946964989,Large (>96²),0.6489375,0.16090000000000002
stair,91409.4377,1.8599395552347873,Large (>96²),0.7326937499999999,0.7126916666666667
stair,66172.98300000001,2.114584511023177,Large (>96²),0.7039937500000001,0.7602666666666666
stair,93945.936,1.28109305760709,Large (>96²),0.783175,0.6922833333333334
stair,109564.6812,1.4547077685468592,Large (>96²),0.75046875,0.6943833333333334
stair,98836.392,1.8268271711092006,Large (>96²),0.7319125,0.6972
stair,60967.858,1.1881953028430159,Large (>96²),0.6345562499999999,0.7125166666666667
stair,71319.54000000001,2.4276546091015168,Large (>96²),0.7196750000000001,0.7802333333333333
stair,96876.98879999999,1.171883695047301,Large (>96²),0.7881625,0.6690833333333334
stair,107159.32440000001,1.358470412305063,Large (>96²),0.7615375,0.6685166666666666
stair,100638.76799999998,1.3854259424161472,Large (>96²),0.7079625,0.6694666666666667
stair,34049.02,1.0073429426162632,Large (>96²),0.6486749999999999,0.15320833333333334
stair,45449.646499999995,1.576173370237324,Large (>96²),0.8173312500000001,0.6107416666666667
stair,113475.89679999999,1.0854544892215383,Large (>96²),0.7794,0.6950916666666666
stair,106799.6384,1.1672837873578417,Large (>96²),0.779325,0.6761333333333334
stair,106549.13919999999,1.109590809345553,Large (>96²),0.78385,0.6915666666666667
stair,35834.0,0.9926315789473684,Large (>96²),0.6542375,0.15833333333333333
stair,98116.89159999999,1.2665540904681494,Large (>96²),0.770325,0.6988249999999999
stair,31814.9181,0.9572157314464373,Large (>96²),0.66593125,0.151925
stair,102184.2588,1.3603823840624658,Large (>96²),0.7589874999999999,0.6895416666666667
stair,109720.67940000001,1.5436030156408236,Large (>96²),0.7427875,0.6957583333333333
stair,61926.7075,1.0405820864931339,Large (>96²),0.8413562499999999,0.7672416666666667
stair,62599.011999999995,1.0671345995045416,Large (>96²),0.8384625,0.7763666666666668
stair,62457.465599999996,1.01812822997416,Large (>96²),0.84126875,0.78335
stair,57044.8626,0.8927525911860115,Large (>96²),0.8577062500000001,0.7568
stair,62942.323,0.9806978763716744,Large (>96²),0.84086875,0.7811833333333333
stair,63891.7966,1.0147052962977723,Large (>96²),0.8360624999999999,0.770375
stair,61570.749599999996,0.9779212498007334,Large (>96²),0.8466374999999999,0.7755166666666666
stair,59089.912,0.9812950812991565,Large (>96²),0.827425,0.7711583333333333
stair,63208.383,0.6925852366765971,Large (>96²),0.13078125,0.638
stair,59116.587999999996,1.090046375815871,Large (>96²),0.8413562499999999,0.7700333333333333
stair,67157.7405,1.0366165088594665,Large (>96²),0.8350937500000001,0.7862416666666667
stair,57948.511999999995,0.9154213036565978,Large (>96²),0.8547999999999999,0.7776166666666666
