Category,Area,Ratio,Size_COCO,Center_X,Center_Y
dog,34663.5984375,1.9398728258836733,Large (>96²),0.43775390625000005,0.497412109375
dog,68027.72015625001,0.8966440516439382,Large (>96²),0.711923828125,0.44176269531249995
dog,20724.172578125,2.1848167875248663,Large (>96²),0.526171875,0.5055322265625
dog,62954.55507812503,0.7711692004812428,Large (>96²),0.6576367187500001,0.3459716796875
dog,65201.86257812502,2.238473651444685,Large (>96²),0.5537695312500001,0.5014404296875
dog,127454.38488281252,0.5734796961380902,Large (>96²),0.7887841796874999,0.3683056640625
dog,5786.204230977359,3.010374212671356,Medium,0.10663705583756347,0.5009041878172589
dog,35992.0192,2.2990728900255757,Large (>96²),0.740046875,0.7096250000000001
dog,50520.55319999998,2.471254720939992,Large (>96²),0.7239531250000001,0.735390625
dog,32983.500000000015,2.292813073203267,Large (>96²),0.78515625,0.528703125
dog,9038.692400000002,2.0662231629876016,Medium,0.10679687499999999,0.411890625
dog,66189.77759999999,2.2641244590010534,Large (>96²),0.43975,0.5174843749999999
dog,123250.40000000002,0.636103412240447,Large (>96²),0.33334375,0.516796875
dog,14914.288000000002,1.2739371534195938,Large (>96²),0.66646875,0.5704062500000001
dog,76270.81280000001,0.488985668709171,Large (>96²),0.62090625,0.5624218750000001
dog,62623.142400000026,0.48747279727693765,Large (>96²),0.41384375,0.5624218750000001
dog,66591.016,0.4809459822628326,Large (>96²),0.41193749999999996,0.5719531250000001
dog,65029.123199999995,0.5089240754210259,Large (>96²),0.38390625,0.5839531250000001
dog,12697.6272,1.2830719742661838,Large (>96²),0.59559375,0.5589999999999999
dog,58509.003600000004,0.4356819298149866,Large (>96²),0.392953125,0.571484375
dog,81197.532,0.4745672565515909,Large (>96²),0.524484375,0.46849999999999997
dog,38840.294400000006,0.4784500912536851,Large (>96²),0.42565624999999996,0.61075
dog,120696.91200000001,1.019002789400279,Large (>96²),0.499234375,0.6061249999999999
dog,120965.09279999997,1.7366626250378905,Large (>96²),0.35807812499999997,0.4223437499999999
dog,110192.4864,2.128691983122363,Large (>96²),0.38228125,0.6894375
dog,75604.15720000002,2.0903354716584293,Large (>96²),0.527953125,0.5024843750000001
dog,95987.658,2.148263790330211,Large (>96²),0.6125468749999999,0.44160937499999997
dog,103392.7852,2.199335854625957,Large (>96²),0.565265625,0.44935937500000006
dog,36339.526399999995,0.9123158633129572,Large (>96²),0.69825,0.570671875
dog,30954.3744,1.19240317775571,Large (>96²),0.57125,0.56553125
dog,59209.247999999985,2.0032573289902285,Large (>96²),0.299,0.72415625
dog,27565.119999999995,1.6013719512195124,Large (>96²),0.524828125,0.59859375
dog,165906.216,0.804774909699586,Large (>96²),0.29134374999999996,0.48884375
dog,35173.3824,1.481568016614745,Large (>96²),0.7148749999999999,0.5031875
dog,40734.692800000004,1.259201601245413,Large (>96²),0.34259375,0.553265625
dog,34695.390799999994,1.584403297742939,Large (>96²),0.644921875,0.5479218749999999
dog,39210.29080000002,1.2350432147266805,Large (>96²),0.287796875,0.571484375
dog,46948.60799999999,1.5389900377877022,Large (>96²),0.63765625,0.597390625
dog,27067.8084,0.8942407173238308,Large (>96²),0.820734375,0.650515625
dog,20875.092,1.7699815837937378,Large (>96²),0.7157031249999999,0.40515625
dog,16182.468799999993,1.7015996718621822,Large (>96²),0.443453125,0.38087499999999996
dog,25896.789600000004,1.3353439609363784,Large (>96²),0.8523125,0.449796875
dog,40339.08480000001,2.4729094895082993,Large (>96²),0.36262500000000003,0.34587500000000004
dog,24403.343999999997,1.5896690879741724,Large (>96²),0.8348749999999999,0.414921875
dog,42563.757600000004,2.162959794696322,Large (>96²),0.32951562500000003,0.32184375000000004
dog,21710.269999999993,1.396150761828388,Large (>96²),0.645109375,0.40729687499999995
dog,20731.999999999996,1.0281690140845072,Large (>96²),0.8828125,0.45024999999999993
dog,7113.435199999998,1.0704121687929344,Medium,0.694453125,0.6574375
dog,8423.923200000001,1.0507035961581412,Medium,0.49681250000000005,0.655296875
dog,32000.889599999995,0.8992790500424088,Large (>96²),0.59215625,0.62003125
dog,4040.2200000000007,0.6437768240343353,Medium,0.43178125000000006,0.6139531249999999
dog,25766.857600000007,0.8009589652096344,Large (>96²),0.552359375,0.6231875
dog,3544.7040000000006,0.8318014705882346,Medium,0.423734375,0.6093437500000001
dog,29196.372000000007,1.0050457639051869,Large (>96²),0.499703125,0.6214375000000001
dog,26619.686400000006,0.9116338951310864,Large (>96²),0.501890625,0.611375
dog,27729.8396,1.4306852463726483,Large (>96²),0.513671875,0.6178593749999999
dog,42769.72800000001,1.1748427672955974,Large (>96²),0.8248749999999999,0.72459375
dog,47686.06080000001,1.2831206556696753,Large (>96²),0.8065312500000001,0.7157031250000001
dog,45992.13839999998,0.9430356819416771,Large (>96²),0.8163281249999998,0.7024687500000001
dog,43456.352,0.9322834645669289,Large (>96²),0.8135,0.7051093749999999
dog,45547.84159999999,1.152948279331858,Large (>96²),0.8209687499999999,0.6956562499999999
dog,46036.05,0.9731494252873565,Large (>96²),0.834609375,0.705078125
dog,36852.208800000015,0.8787967574958493,Large (>96²),0.8280937500000001,0.712078125
dog,33160.72319999999,0.924799324038868,Large (>96²),0.8164999999999999,0.71303125
dog,32301.484800000006,0.822935594589138,Large (>96²),0.8018437500000001,0.713375
dog,26371.9684,0.606406444806752,Large (>96²),0.790203125,0.699046875
dog,5704.899199999998,0.8896103896103897,Medium,0.2366875,0.65625
dog,38565.0,1.09696,Large (>96²),0.22340625000000003,0.728515625
dog,33101.9264,0.6891768570907097,Large (>96²),0.64925,0.7037812499999999
dog,38567.2,1.2241126760563381,Large (>96²),0.23650000000000002,0.736328125
dog,49120.47359999998,1.1113013698630139,Large (>96²),0.69034375,0.7045937499999999
dog,29918.627199999988,0.4947137280416395,Large (>96²),0.485671875,0.38078124999999996
dog,65226.214800000016,0.6304172107193932,Large (>96²),0.6909531250000001,0.37629687500000003
dog,34952.504400000005,0.7659395187716505,Large (>96²),0.5492343749999999,0.41254687500000004
dog,71895.77200000003,1.0488121610266594,Large (>96²),0.60384375,0.630359375
dog,34200.4608,0.9562182741116751,Large (>96²),0.14128125,0.6178125000000001
dog,15132.0,0.6608511763150938,Large (>96²),0.921875,0.47106250000000005
dog,65436.70199999998,1.1294557540506858,Large (>96²),0.554859375,0.637234375
dog,62396.75159999999,0.727514853513624,Large (>96²),0.7254531249999999,0.537390625
dog,12860.400000000001,0.38101458741563243,Large (>96²),0.0546875,0.61228125
dog,32429.056,0.6113233761722822,Large (>96²),0.49546875,0.5927187500000001
dog,31855.935999999994,0.5704129993229521,Large (>96²),0.42074999999999996,0.6299374999999999
dog,48496.58399999999,0.6036550945526391,Large (>96²),0.388484375,0.4844687499999999
dog,37168.801999999996,0.5377710155952834,Large (>96²),0.507609375,0.562140625
dog,44961.68159999999,0.5395967574308875,Large (>96²),0.38340625,0.48932812499999995
dog,10928.271600000002,0.79859805094888,Large (>96²),0.113203125,0.698140625
dog,8577.626400000003,1.2445193929173701,Medium,0.9192812499999998,0.730203125
dog,9705.853599999988,0.4452722839338931,Large (>96²),0.814515625,0.71559375
dog,64284.179200000006,0.8007341003741087,Large (>96²),0.17725,0.653640625
dog,6329.084000000005,0.4491996630160072,Medium,0.9583437499999998,0.6942656250000001
dog,16549.8036,0.6998309272987386,Large (>96²),0.702546875,0.694359375
dog,15282.028,0.6400465959099143,Large (>96²),0.499140625,0.6858125000000002
dog,17687.43,0.661651376146789,Large (>96²),0.49729687499999997,0.662890625
dog,21983.300000000003,0.6528610354223434,Large (>96²),0.57146875,0.6654843749999999
dog,14711.527999999997,0.4530521642619311,Large (>96²),0.5611875,0.6576875
dog,23897.577599999993,0.8807673627974746,Large (>96²),0.563875,0.6668749999999999
dog,47616.9,0.624909433415447,Large (>96²),0.865234375,0.6294062500000001
dog,10093.924799999999,0.8035331905781586,Large (>96²),0.722640625,0.71384375
dog,80507.75,0.5608932059335903,Large (>96²),0.833984375,0.573328125
dog,14541.7844,1.2986202986202988,Large (>96²),0.770109375,0.703765625
dog,45462.24160000001,1.3840211873758546,Large (>96²),0.69334375,0.6910625000000001
dog,48382.4168,1.4331120060955698,Large (>96²),0.79428125,0.5172656250000001
dog,30905.6384,1.0004551661356393,Large (>96²),0.8626250000000001,0.5241562500000001
dog,24140.915199999992,1.7551159618008187,Large (>96²),0.8391875000000001,0.74690625
dog,23559.7824,1.856889204545455,Large (>96²),0.8365937499999999,0.75834375
dog,24132.97920000001,0.6957689003436428,Large (>96²),0.5836718750000001,0.6285937500000001
dog,13022.401200000004,0.5503835652060852,Large (>96²),0.6885468749999999,0.6787656249999999
dog,5445.441999999999,0.599580272822665,Medium,0.582421875,0.7085781250000001
dog,166912.14080000002,1.1073562744694005,Large (>96²),0.6249375,0.4335
dog,34484.48,0.9989235737351992,Large (>96²),0.6840625,0.56703125
dog,5933.276000000002,1.1085292509568074,Medium,0.473515625,0.3386875
dog,47415.88479999999,2.2664546460176993,Large (>96²),0.5907656250000001,0.64815625
dog,13059.076799999999,1.7119303869933602,Large (>96²),0.59859375,0.483609375
dog,13165.891199999995,2.1010611419909053,Large (>96²),0.5622187500000001,0.4954375
dog,27357.876000000015,1.6855572998430142,Large (>96²),0.6863906250000001,0.7492812499999999
dog,17454.5748,1.1348169650056446,Large (>96²),0.630765625,0.6036718750000001
dog,18910.609200000003,1.591084204733077,Large (>96²),0.858171875,0.7867031250000001
dog,19883.905999999995,1.1030835691941008,Large (>96²),0.692546875,0.655640625
dog,17560.925199999998,1.1228210458979688,Large (>96²),0.478203125,0.523484375
dog,9779.840000000004,1.282638570774163,Large (>96²),0.32446875,0.49659375
dog,34401.344000000005,0.542407878017789,Large (>96²),0.44406249999999997,0.6055937499999999
dog,14128.192799999999,1.4167834968956534,Large (>96²),0.6274687499999999,0.607984375
dog,37384.275599999986,0.38866318436834985,Large (>96²),0.24520312500000002,0.569140625
dog,49472.0784,1.2946593001841622,Large (>96²),0.5128125,0.28293749999999995
dog,25097.385600000005,1.5194522253345777,Large (>96²),0.7931874999999999,0.6876562500000001
dog,8243.519999999999,0.9531182795698924,Medium,0.52628125,0.5205624999999999
dog,17117.443199999998,1.2844767844767844,Large (>96²),0.4805,0.66309375
dog,101263.65719999997,1.7140623714309229,Large (>96²),0.427140625,0.6547031249999999
dog,43432.459200000005,0.6800411522633746,Large (>96²),0.134265625,0.5190625
dog,49000.022399999994,0.8519723125677593,Large (>96²),0.17915625,0.571484375
dog,42543.72,0.9430320150659135,Large (>96²),0.15907812500000001,0.61515625
dog,30191.7968,1.4195008228195287,Large (>96²),0.5231718750000001,0.7610625000000001
dog,11503.127999999993,0.6093158660844249,Large (>96²),0.72425,0.751875
dog,14413.760000000002,0.9374193548387098,Large (>96²),0.9091875,0.71171875
dog,12844.368,1.022483940042827,Large (>96²),0.9033125000000002,0.69434375
dog,38336.4992,1.175897208684094,Large (>96²),0.61215625,0.726125
dog,11011.624799999998,0.7493812902161362,Large (>96²),0.07096875,0.560859375
dog,8671.348,0.54017363851618,Medium,0.2343125,0.699234375
dog,14214.076800000003,0.5502737680438028,Large (>96²),0.06909375,0.60353125
dog,4810.852000000001,0.7314426633785447,Medium,0.614625,0.8116093750000001
dog,4655.609999999996,1.1190697674418615,Medium,0.49967187499999993,0.7883906249999999
dog,4578.636400000001,0.8015347975654928,Medium,0.513671875,0.795609375
dog,4079.0256,1.137608550434202,Medium,0.5534375,0.8038437500000001
dog,2177.0495999999994,0.4610011641443542,Medium,0.5561562500000001,0.7816875
dog,72218.8224,1.5571136701337294,Large (>96²),0.35779687499999996,0.6435
dog,154110.73279999997,1.2392808529945551,Large (>96²),0.5934843749999998,0.4418125
dog,60095.00044800001,0.9044412029421806,Large (>96²),0.4350250000000001,0.50824375
dog,108208.10335999998,0.5466331025802391,Large (>96²),0.47270625,0.52739375
dog,90495.52940800002,0.611747821203486,Large (>96²),0.50881875,0.57453125
dog,65677.25439999999,0.5373684210526315,Large (>96²),0.37465625,0.5721625
dog,54901.81299199999,0.5998360525689506,Large (>96²),0.38226250000000006,0.59151875
dog,60014.355455999976,0.6837869950313239,Large (>96²),0.655375,0.5276
dog,69089.91219200002,0.7896630064369558,Large (>96²),0.41420625000000005,0.4669875
dog,112370.196992,0.8695255474452552,Large (>96²),0.54611875,0.5537625
dog,118264.46105600004,0.8393077873918416,Large (>96²),0.5288250000000001,0.5740375000000001
dog,150497.19091200002,1.0094894745566059,Large (>96²),0.4968250000000001,0.5487624999999999
dog,174619.17958400003,1.1363237484949287,Large (>96²),0.45281875000000005,0.53028125
dog,160457.979904,0.9618066436853653,Large (>96²),0.6771125000000001,0.542175
dog,139011.08896000005,1.228919388216265,Large (>96²),0.6402062500000001,0.53295625
dog,155591.54476800002,0.8151654428594974,Large (>96²),0.5782312500000001,0.52400625
dog,113014.8096,0.8853560232870579,Large (>96²),0.5202,0.591625
dog,119280.47366400003,1.0685774489380553,Large (>96²),0.51258125,0.56774375
dog,46788.18988799999,0.7714972549783972,Large (>96²),0.42248125000000003,0.54798125
dog,42290.459904000025,0.8136996876864231,Large (>96²),0.36416250000000006,0.5507312500000001
dog,162359.87046400004,0.931588226276253,Large (>96²),0.39326249999999996,0.5325000000000001
dog,52592.115456,0.4114159133625705,Large (>96²),0.46684375000000006,0.595675
dog,53707.605120000015,0.606219426974144,Large (>96²),0.34845625,0.54985
dog,36084.31616,0.5894335230212108,Large (>96²),0.43221250000000005,0.5798375
dog,31023.239104000015,0.6823622106329494,Large (>96²),0.35364375000000003,0.59830625
dog,20190.585216,1.124985071061746,Large (>96²),0.35245625,0.6309125
dog,30456.211967999996,1.3684577434577438,Large (>96²),0.45878125000000003,0.58345
dog,70481.88364799997,0.8418767971687681,Large (>96²),0.47413125,0.5768374999999999
dog,210559.78944000002,1.2816287056408637,Large (>96²),0.5914187500000001,0.5445500000000001
dog,114353.705216,0.6149564959278705,Large (>96²),0.41493750000000007,0.5349812500000001
dog,92263.39968,0.5678674208593828,Large (>96²),0.21536249999999998,0.55433125
dog,89048.448064,0.6766268992436104,Large (>96²),0.4023562500000001,0.59031875
dog,71289.05126400001,0.8204689789936492,Large (>96²),0.18894375000000002,0.6447125
dog,130589.89536000001,1.1031925035459342,Large (>96²),0.35250625,0.59379375
dog,58214.731584000045,0.9382085621607732,Large (>96²),0.62008125,0.6744062500000001
dog,129335.06854400002,0.9121502475089762,Large (>96²),0.6894875,0.54525625
dog,61682.408255999995,1.2741519107006514,Large (>96²),0.5142062500000001,0.5478687499999999
dog,68817.54240000003,1.2697938144329897,Large (>96²),0.4117062500000001,0.6761125000000001
dog,42902.237184000005,0.6643999496285101,Large (>96²),0.4617,0.5216625
dog,35672.506367999995,0.920900739777254,Large (>96²),0.3339125,0.5606625000000001
dog,32438.703360000018,1.0979242297309875,Large (>96²),0.5141,0.5131375000000001
dog,42357.65043200001,1.4273905168810663,Large (>96²),0.4748,0.5452312500000001
dog,71363.26592000002,1.4500901550667147,Large (>96²),0.46476875,0.46900000000000003
dog,89439.704064,1.5648507562575287,Large (>96²),0.6768875,0.5372625
dog,53003.710848,1.3334002086509906,Large (>96²),0.79230625,0.564425
dog,45323.22432000001,0.5928476361321685,Large (>96²),0.4527,0.587175
dog,106898.3168,1.0460722240296303,Large (>96²),0.43817500000000004,0.6141687499999999
dog,54902.11916800001,1.1938372006267253,Large (>96²),0.36636250000000004,0.5886875
dog,88693.01107199995,1.311542484464407,Large (>96²),0.36068124999999995,0.6320125
dog,83173.552448,1.3111520503128675,Large (>96²),0.46858125000000006,0.66311875
dog,38385.98310399999,1.3166846272782646,Large (>96²),0.3592875,0.6401312499999999
dog,31762.793087999988,1.2398660468835914,Large (>96²),0.3949625,0.6538062499999999
dog,22974.293376,1.4565258933690048,Large (>96²),0.44772500000000004,0.63274375
dog,18120.73785600001,1.4656450104324044,Large (>96²),0.32924375,0.58109375
dog,14220.337152000002,0.7902552480916031,Large (>96²),0.33930625000000003,0.52885
dog,25919.736,0.521219730941704,Large (>96²),0.3821562500000001,0.52516875
dog,115141.47008000001,0.7587226614642159,Large (>96²),0.2309125,0.54856875
dog,141332.69043199994,1.3500642864207302,Large (>96²),0.34415,0.57585
dog,111236.252544,1.196206516606328,Large (>96²),0.5397812500000001,0.61805
dog,36189.51257599998,0.6954829206705483,Large (>96²),0.21451875,0.675325
dog,24338.530560000003,1.2149559122767353,Large (>96²),0.49589375,0.7644249999999999
dog,149120.14694400007,1.4487083582685014,Large (>96²),0.46669375,0.607375
dog,36741.56371200002,1.0677966101694916,Large (>96²),0.38084375000000004,0.6035812500000001
dog,55716.478336,1.0045859093688425,Large (>96²),0.76176875,0.520525
dog,44162.28633599999,1.6358944395754214,Large (>96²),0.6061375,0.5341375
dog,40944.278144,1.5351719408249238,Large (>96²),0.35221875,0.5006625
dog,25621.105280000003,1.0101974179936704,Large (>96²),0.391075,0.54268125
dog,36976.31180800001,0.8189450698392379,Large (>96²),0.4869125,0.50350625
dog,78710.77369599997,1.767143019597438,Large (>96²),0.52116875,0.6418062499999999
dog,87067.76422400003,1.508674947550701,Large (>96²),0.5293000000000001,0.60883125
dog,69919.48800000001,1.186278709592381,Large (>96²),0.225,0.52570625
dog,46504.217536000004,1.1619546526972448,Large (>96²),0.42584375,0.52070625
dog,19179.55558399999,0.7033233213835869,Large (>96²),0.34554999999999997,0.5604125
dog,27679.402176000007,0.6384523763783765,Large (>96²),0.88463125,0.47484375000000006
dog,14288.779648000002,0.7368300109151494,Large (>96²),0.4179125,0.59630625
dog,33798.64147200002,0.6252279530674743,Large (>96²),0.4443437500000001,0.48854375
dog,64079.70816000003,0.56611580073713,Large (>96²),0.31755000000000005,0.5285062500000001
dog,200236.097088,1.5028601485962263,Large (>96²),0.47663125000000006,0.57364375
dog,42316.64441600002,1.1941268964344898,Large (>96²),0.5419562499999999,0.64129375
dog,53279.007808000024,1.1965348599158354,Large (>96²),0.52801875,0.6485062500000002
dog,22667.46496000001,1.299672885873517,Large (>96²),0.7023687500000001,0.7262500000000001
dog,36829.78790400002,1.3474305622762017,Large (>96²),0.1740375,0.6128250000000001
dog,78303.72992000004,1.0817400612530106,Large (>96²),0.4956375000000001,0.6207812500000001
dog,16205.474687999997,1.3572003807013688,Large (>96²),0.8841374999999999,0.6430562500000001
dog,47481.65996800001,1.4498474868485036,Large (>96²),0.3665312500000001,0.5731187500000001
dog,43471.214592,0.8288968070984416,Large (>96²),0.5559875,0.617375
dog,168740.07487999997,1.0178999489134277,Large (>96²),0.38006874999999996,0.5353999999999999
dog,111374.28863999998,0.939203159484261,Large (>96²),0.49155,0.55980625
dog,61116.77568000003,1.2163097787294792,Large (>96²),0.5696937500000001,0.5594875
dog,38119.297920000005,1.115231501514496,Large (>96²),0.5995062500000001,0.6123000000000001
dog,61189.63200000001,0.7377222222222224,Large (>96²),0.6842625000000001,0.65
dog,71645.84096000003,0.9883523993463076,Large (>96²),0.64538125,0.5944562500000001
dog,73150.67520000001,1.6384597910040892,Large (>96²),0.36278125,0.6208500000000001
dog,61719.29254399999,1.7080930937250118,Large (>96²),0.46135000000000004,0.5956187500000001
dog,47849.21523200001,1.6210188116967783,Large (>96²),0.64546875,0.5351874999999999
dog,62089.040832000006,1.6003817879046345,Large (>96²),0.4654937500000001,0.52600625
dog,76171.40473600001,1.4055809477988936,Large (>96²),0.40688124999999997,0.55083125
dog,87161.74028799997,1.0795652908384485,Large (>96²),0.26561250000000003,0.6527624999999999
dog,83837.23660800002,0.8155800084836692,Large (>96²),0.5167875000000001,0.6245312500000001
dog,88744.96128,1.5647149719506872,Large (>96²),0.35118750000000004,0.68894375
dog,59533.641984,1.8064956812973736,Large (>96²),0.38801875,0.7331749999999999
dog,58935.354816000014,2.0094828794319612,Large (>96²),0.48786874999999996,0.57128125
dog,62966.6192,2.2067250769595073,Large (>96²),0.33763125,0.5521687500000001
dog,39590.26918400001,2.3832164359754198,Large (>96²),0.37925000000000003,0.66414375
dog,11241.080319999995,1.0620528771384132,Large (>96²),0.5165625,0.6524875
dog,12836.075519999997,0.812436354378819,Large (>96²),0.5836187500000001,0.6203125
dog,10376.406015999997,1.1167731761971944,Large (>96²),0.582175,0.5647187499999999
dog,10745.312256000001,1.5475230414746555,Large (>96²),0.5954187500000001,0.5945125
dog,7014.8336640000025,1.1682841214123465,Medium,0.4889875,0.505725
dog,6034.536064000004,1.3549508511148398,Medium,0.30525625000000006,0.5877125
dog,5083.039167999998,1.3158707684386666,Medium,0.52063125,0.57258125
dog,8444.389824000004,1.4148286217251729,Medium,0.31076875,0.56901875
dog,28785.229056000007,1.1867166632422435,Large (>96²),0.50271875,0.5898625
dog,15661.10207999999,1.1386084583901772,Large (>96²),0.895675,0.7074125
dog,37385.99078400001,0.629028023889217,Large (>96²),0.36691875000000007,0.6048875
dog,62454.56204799999,1.6005588854689776,Large (>96²),0.71934375,0.720675
dog,23895.550528000003,0.5292345920710817,Large (>96²),0.45131875,0.5377562499999999
dog,31137.279360000008,0.5265149022962037,Large (>96²),0.5317562500000002,0.4351750000000001
dog,61230.52415999999,0.5799827649883049,Large (>96²),0.3703,0.44518125
dog,80301.16160000002,1.0822637962935768,Large (>96²),0.5957000000000001,0.5618437500000001
dog,83989.762816,0.8187381356778897,Large (>96²),0.43468125,0.5175375000000001
dog,125675.64806400001,0.8475889722227995,Large (>96²),0.37903125000000004,0.52966875
dog,32768.292096,0.8267298882906051,Large (>96²),0.4464125,0.4949625
dog,20521.80096,0.77126042177538,Large (>96²),0.4607875,0.53705
dog,21714.57446400001,1.4066061425536018,Large (>96²),0.50865,0.48273125000000006
dog,10093.056320000003,0.8109716744352808,Large (>96²),0.59951875,0.43235625000000005
dog,29769.191936000007,0.7246210925165769,Large (>96²),0.37435625000000006,0.48395
dog,21950.140800000005,1.0032992590188763,Large (>96²),0.6274750000000001,0.44633124999999996
dog,81835.06777600003,0.9854255732607852,Large (>96²),0.38915625000000004,0.5270625000000001
dog,7938.607040000012,0.4674934004542947,Medium,0.95239375,0.44145625000000005
dog,51015.17977599999,0.9775178596442079,Large (>96²),0.542725,0.490725
dog,46665.400320000015,1.2915824915824914,Large (>96²),0.197625,0.407275
dog,104279.14828800001,1.0355207099100003,Large (>96²),0.743275,0.46811875000000003
door,33605.859375,0.6528925619834711,Large (>96²),0.88427734375,0.30380859375
door,38021.234453125,0.7658130206726319,Large (>96²),0.306162109375,0.37143066406249997
door,78721.47152343752,0.5126720576742111,Large (>96²),0.5085107421875,0.5040087890624999
door,60307.59402318805,0.5098168498168498,Large (>96²),0.1533661417322835,0.3937007874015748
door,25376.5780078125,1.0885832412296859,Large (>96²),0.18614746093749998,0.34583496093750005
door,103988.349609375,2.487467139451,Large (>96²),0.5033740234375,0.386298828125
door,159797.753046875,0.8736354469596226,Large (>96²),0.36723632812500007,0.3341259765625
door,44021.52343749999,0.4693673469387754,Large (>96²),0.8173779296875001,0.3658203125
door,53048.25000000001,0.49839080459770124,Large (>96²),0.1514453125,0.3814453125
door,63042.51968503938,0.9136690647482014,Large (>96²),0.1875,0.3270915354330709
door,67348.82780815789,0.5364760793465578,Large (>96²),0.26475452196382426,0.31648498062015495
door,172600.57356512506,0.8332915876480481,Large (>96²),0.4837913486005089,0.357122296437659
door,51980.091948663896,0.8466975136014645,Large (>96²),0.2093897637795276,0.4185728346456693
door,62068.50000000001,0.5876307692307693,Large (>96²),0.671109375,0.37890625
door,68994.29279999998,0.602707335816043,Large (>96²),0.66359375,0.38932812499999997
door,68967.15000000001,0.6238195488721805,Large (>96²),0.5957343749999999,0.384734375
door,68852.0196,0.6585637409537949,Large (>96²),0.525015625,0.37760937499999997
door,28266.904800000004,0.24736717548219145,Large (>96²),0.286234375,0.39087500000000003
door,56370.6128,0.2762086063396494,Large (>96²),0.210890625,0.4779375
door,41843.100000000006,0.22718799515332275,Large (>96²),0.249359375,0.4602812500000001
door,86135.0112,0.6097807577692635,Large (>96²),0.245453125,0.4186249999999999
door,47328.6,0.37554929577464785,Large (>96²),0.89584375,0.40234375
door,53121.85,0.4377906642935064,Large (>96²),0.880859375,0.39714062499999997
door,75721.344,0.5198344075879053,Large (>96²),0.31515624999999997,0.4231718750000001
door,78657.1,0.5668724832214765,Large (>96²),0.6324062500000001,0.416015625
door,52520.592000000004,0.7775298191612161,Large (>96²),0.5485,0.32804687499999996
door,36489.15,0.2560529801324503,Large (>96²),0.075546875,0.419890625
door,66562.5,0.47333333333333333,Large (>96²),0.13870312499999998,0.41796875
door,47640.8,0.41211764705882353,Large (>96²),0.113375,0.390625
door,79213.8,0.5013333333333333,Large (>96²),0.48512500000000003,0.435546875
door,81527.1968,0.49299168838833424,Large (>96²),0.46968750000000004,0.442734375
door,68142.8,0.42410937032232315,Large (>96²),0.8671875,0.4381562499999999
door,73053.036,0.3651240778001341,Large (>96²),0.87240625,0.47964062500000004
door,87962.968,0.4744078030654899,Large (>96²),0.7181875,0.473125
door,111082.07879999999,0.6242947228675738,Large (>96²),0.20573437499999997,0.45454687499999996
door,49015.75000000001,0.22914594594594598,Large (>96²),0.485140625,0.486328125
door,84206.62879999998,0.4484238704019939,Large (>96²),0.6895625000000001,0.463515625
door,102926.31359999996,0.5008161644681696,Large (>96²),0.7633125,0.4791718749999999
door,111505.30559999998,0.5870044052863437,Large (>96²),0.199875,0.4654999999999999
door,129422.30559999996,0.6094089054769551,Large (>96²),0.7805937500000001,0.4850312499999999
door,124008.84720000003,0.5574354407836153,Large (>96²),0.23990625000000004,0.4934843750000001
door,106934.75,0.5990532544378698,Large (>96²),0.24720312500000002,0.455046875
door,99993.59999999999,0.5668571428571428,Large (>96²),0.24759374999999997,0.453125
door,103799.65439999997,0.5464390602055801,Large (>96²),0.25275,0.4654999999999999
door,101847.75639999998,0.5728311910069723,Large (>96²),0.251390625,0.454453125
door,102711.15,0.5620116959064327,Large (>96²),0.25410937499999997,0.458984375
door,115204.51200000003,0.5347294036539124,Large (>96²),0.43478125,0.4876250000000001
door,82979.784,0.44703370160616474,Large (>96²),0.335375,0.4615937499999999
door,111718.59920000003,0.5599785071418976,Large (>96²),0.42178125,0.4739531250000001
door,93715.65000000001,0.4197671957671958,Large (>96²),0.154953125,0.494140625
door,73122.18840000001,0.4764895083473732,Large (>96²),0.145828125,0.5508593750000002
door,73127.2824,0.4315211582373803,Large (>96²),0.42112499999999997,0.553359375
door,126082.2,0.5707659574468085,Large (>96²),0.333390625,0.5078125
door,69274.06319999998,0.5320363596053652,Large (>96²),0.45417187499999995,0.4069062499999999
door,51389.52320000002,0.446750796084444,Large (>96²),0.15687500000000004,0.38996875000000003
door,94233.91759999997,0.42507008750318587,Large (>96²),0.43370312499999997,0.4928437499999999
door,89644.8,0.4236521739130435,Large (>96²),0.480375,0.484375
door,57895.44999999999,0.5397862595419847,Large (>96²),0.419359375,0.380859375
door,70310.0544,0.41998240297194256,Large (>96²),0.3918125,0.5553437499999999
door,56142.9,0.48492329395168404,Large (>96²),0.12890625,0.531453125
door,62449.16479999999,0.3386270491803277,Large (>96²),0.490546875,0.49824999999999997
door,109843.9056,0.488569259321748,Large (>96²),0.818984375,0.5045624999999999
door,85776.05119999999,0.40298248656147034,Large (>96²),0.31309375,0.4854375
door,88593.75,0.46285714285714286,Large (>96²),0.15823437499999998,0.466796875
door,97646.84999999999,0.43737566137566136,Large (>96²),0.161453125,0.494140625
door,86075.95919999998,0.433463489071406,Large (>96²),0.32181249999999995,0.473140625
door,82630.96320000001,0.4024540960451978,Large (>96²),0.32606250000000003,0.479
door,85269.75,0.43548022598870056,Large (>96²),0.32435937499999995,0.470703125
door,86161.64999999998,0.4302569832402234,Large (>96²),0.322265625,0.474640625
door,68013.568,0.36149022500922173,Large (>96²),0.51909375,0.463875
door,82703.89519999998,0.40954203569362224,Large (>96²),0.79125,0.476078125
door,55953.13919999999,0.2945576358296623,Large (>96²),0.503890625,0.4654999999999999
door,85735.66079999998,0.417170335730357,Large (>96²),0.8000937499999999,0.4791718749999999
door,63665.028000000006,0.33389822745385417,Large (>96²),0.49803125000000004,0.466171875
door,75105.00000000001,0.370888888888889,Large (>96²),0.787921875,0.4765625
door,63918.159999999996,0.2797489539748954,Large (>96²),0.19040625,0.4984375
door,62678.323200000006,0.2749664879356568,Large (>96²),0.1923125,0.49800000000000005
door,63019.52000000002,0.27581589958159003,Large (>96²),0.19081250000000002,0.4984375
door,59300.68,0.2595397489539749,Large (>96²),0.191546875,0.4984375
door,30671.916800000003,0.21348670325031657,Large (>96²),0.11021874999999999,0.42112499999999997
door,26617.8176,0.1815712494776431,Large (>96²),0.0543125,0.424125
door,27517.66,0.24138135292027013,Large (>96²),0.10189062500000001,0.38878124999999997
door,23745.93600000001,0.18211021877596237,Large (>96²),0.22350000000000003,0.407109375
door,45171.79880000002,0.22609512729876063,Large (>96²),0.478046875,0.474203125
door,64813.54879999998,0.6316808191808192,Large (>96²),0.28435937499999997,0.4671875
door,54190.499999999985,0.2617582417582417,Large (>96²),0.490203125,0.48046875
door,61017.1512,0.6400440471563674,Large (>96²),0.399328125,0.63378125
door,93548.6912,1.3703306797305574,Large (>96²),0.7041875000000001,0.329125
door,83095.52000000002,0.3636820083682009,Large (>96²),0.8510312500000001,0.4984375
door,98428.32720000003,0.47348335307277273,Large (>96²),0.5344062500000001,0.48120312500000006
door,82257.5952,0.36073881722231527,Large (>96²),0.604953125,0.4988125
door,110309.19720000001,0.618776940931268,Large (>96²),0.310015625,0.454859375
door,70715.9472,0.39570421535695693,Large (>96²),0.6480625,0.455296875
door,76029.3236,0.4586628678095987,Large (>96²),0.401078125,0.443046875
door,51057.792,0.33713639634083664,Large (>96²),0.40718750000000004,0.4290312500000001
door,82102.61875200004,0.38407101083157424,Large (>96²),0.4599687500000001,0.48621250000000005
door,88281.22960000002,0.5706004982966392,Large (>96²),0.7964375,0.4322968749999999
door,82835.798656,0.366065722646396,Large (>96²),0.40819375,0.4966375
door,81769.36774399999,0.3767924301488898,Large (>96²),0.40421874999999996,0.48894374999999995
door,58817.69068800001,0.4742509256945549,Large (>96²),0.74296875,0.49601875
door,54077.37254399999,0.47557590567246333,Large (>96²),0.4897125000000001,0.4721187499999999
door,51941.07436799996,0.5299619247182685,Large (>96²),0.34731875,0.5727187499999999
door,46186.86316800001,0.487203471301998,Large (>96²),0.41549375,0.5440687500000001
door,49984.79040000001,0.5014569872038516,Large (>96²),0.40253750000000005,0.56391875
door,51379.39865599999,0.5123534761519805,Large (>96²),0.38060625000000003,0.5603
door,52504.63462399999,0.47344271746702865,Large (>96²),0.42125,0.60233125
door,9853.703551999995,0.21691314465880923,Large (>96²),0.65534375,0.4767625000000001
door,12531.251263999999,0.2728358654671695,Large (>96²),0.24568125,0.5104562500000001
door,23813.88479999998,0.28473029045643133,Large (>96²),0.67105625,0.4192625
door,134797.776768,0.6430431060089813,Large (>96²),0.5982750000000001,0.48269375
door,111066.57715200001,0.49354109750750447,Large (>96²),0.258875,0.49670000000000003
door,111143.73120000002,0.4840066777963272,Large (>96²),0.2658125,0.499375
door,105550.737152,0.462859344635797,Large (>96²),0.26498125,0.49807500000000005
door,109048.72665600001,0.48335101813955833,Large (>96²),0.2668625,0.5000687500000001
door,108004.97376000002,0.47240208134651746,Large (>96²),0.28795625,0.49855625000000003
door,110902.29350400003,0.4947114084887806,Large (>96²),0.26761875,0.49643750000000014
door,103694.59584,0.46302870473678875,Large (>96²),0.26444999999999996,0.4947125
door,107515.97222400001,0.46905390502289207,Large (>96²),0.26581875000000005,0.4990375
door,108610.78784000002,0.4762782282382898,Large (>96²),0.2651875,0.49807500000000005
door,84974.66598400002,0.37262949809019635,Large (>96²),0.30521875000000004,0.49807500000000005
door,109298.61792000003,0.48053342279627614,Large (>96²),0.26460625000000004,0.49759375000000006
door,111263.736,0.4929696051191378,Large (>96²),0.26566875,0.49615625
door,109439.417472,0.48239779636534635,Large (>96²),0.26989375,0.49711250000000007
door,112647.801216,0.4965400248580737,Large (>96²),0.26745625,0.49711250000000007
door,106669.24492800003,0.46532883304371064,Large (>96²),0.26863125,0.4990500000000001
door,110488.42432000002,0.48078367237955383,Large (>96²),0.26705000000000007,0.50048125
door,110181.12000000002,0.47821666666666673,Large (>96²),0.26394375000000003,0.5
door,110663.23488000002,0.4903090005893744,Large (>96²),0.25985625,0.49615625
door,108153.52320000003,0.4709849749582638,Large (>96²),0.2734375,0.499375
door,66422.29344000004,0.4797996086778904,Large (>96²),0.49813125,0.5295062500000001
door,59394.07872,0.45054533436157307,Large (>96²),0.44720000000000004,0.4086437500000001
door,82856.25600000001,0.4636463419249839,Large (>96²),0.509375,0.49088750000000003
door,118925.9712,0.5188316679477324,Large (>96²),0.27805,0.4990375
door,129222.38438400003,0.6114997737635307,Large (>96²),0.48500000000000004,0.4841375
door,50739.552768000016,0.27658342516670087,Large (>96²),0.19783750000000003,0.4644312500000001
door,52372.379135999996,0.45086026805624013,Large (>96²),0.4065875,0.49335625000000005
door,62751.386880000005,0.4366782737153107,Large (>96²),0.129325,0.42114375000000004
door,57683.272320000004,0.3383125060544415,Large (>96²),0.1091375,0.44759375000000007
door,75309.58073599999,0.4313338821772511,Large (>96²),0.14081875,0.45144375
door,63538.560000000005,0.34046296296296297,Large (>96²),0.11490625000000002,0.4625
door,54735.045119999995,0.3618636223387843,Large (>96²),0.11601249999999999,0.42885625000000005
door,27604.09600000002,0.15354716981132085,Large (>96²),0.7133625,0.45625
door,54126.47628799998,0.465851483289523,Large (>96²),0.5249812500000001,0.49812499999999993
door,29919.024384000008,0.210247274886542,Large (>96²),0.896575,0.4197125
door,55152.863616,0.4618928554891883,Large (>96²),0.6964562500000001,0.42235000000000006
door,45404.089856000006,0.37643969409379885,Large (>96²),0.8966125000000001,0.42482500000000006
door,31329.3344,0.2176489193463363,Large (>96²),0.21721250000000003,0.44590625
door,32301.491328,0.18788709023905534,Large (>96²),0.12086250000000001,0.46454375
door,77075.2224,0.6177243284866603,Large (>96²),0.32856874999999997,0.4009625
door,73244.23232,0.9551350570561894,Large (>96²),0.21643749999999998,0.34135625
door,63098.075648000005,0.7478792552605488,Large (>96²),0.16971250000000002,0.351925
door,81555.96992000002,0.7754452612363708,Large (>96²),0.21088125,0.37836250000000005
door,116173.61184,0.9542359280064198,Large (>96²),0.42165625,0.39759375
door,47203.100927999985,0.3170574941427711,Large (>96²),0.741725,0.42644374999999995
door,51190.63891199999,0.4279369925751162,Large (>96²),0.49686874999999997,0.50766875
door,31179.31622400001,0.15365489806066635,Large (>96²),0.37285,0.47692500000000004
door,56057.057920000014,0.43435175700351847,Large (>96²),0.5421062500000001,0.5520250000000001
door,56129.322496000015,0.43995251746998737,Large (>96²),0.51219375,0.5536500000000001
door,76381.39699200002,0.4361856694960618,Large (>96²),0.8560625,0.451925
door,70278.23712000002,0.4530681887428654,Large (>96²),0.75674375,0.43269375
door,62725.245696000005,0.4539135300320657,Large (>96²),0.3691375,0.43554375000000006
door,90789.34758399997,0.4709033268957474,Large (>96²),0.4028875,0.519325
door,92225.554944,0.44714544910074155,Large (>96²),0.8413499999999999,0.47980625000000005
door,98933.74233600002,0.4978643982628047,Large (>96²),0.38877500000000004,0.500775
door,90225.70188800003,0.45705642983182676,Large (>96²),0.8413499999999999,0.47211250000000005
door,60344.641792000024,0.44167171673448186,Large (>96²),0.45708125000000005,0.5083375
door,30126.316416000012,0.1476568311430697,Large (>96²),0.28444375,0.4778875
door,51164.58239999999,0.24342151183080885,Large (>96²),0.6743500000000001,0.483175
door,53087.17459199998,0.28365109011224726,Large (>96²),0.32278124999999996,0.46298125
door,71134.67929600002,0.49280916384156975,Large (>96²),0.48858750000000006,0.51184375
door,39604.45900800002,0.17592904835772583,Large (>96²),0.7027125,0.49567500000000003
door,80221.47552000002,0.3806395399494642,Large (>96²),0.7009687500000001,0.48365625
door,68269.77408,0.4427421819293062,Large (>96²),0.389175,0.4989812500000001
door,43389.736,0.21151638258412075,Large (>96²),0.31811875,0.47884375000000007
door,77040.12390400002,0.45014696782178226,Large (>96²),0.49933750000000005,0.46141250000000006
door,71080.41919999999,0.3590757889058705,Large (>96²),0.8699999999999999,0.47259375000000003
door,94856.27289600005,0.45162078656588744,Large (>96²),0.38252500000000006,0.49579375000000014
door,99889.81055999998,0.44603915204381783,Large (>96²),0.8350937500000001,0.4947125
door,78227.712,0.37621052631578944,Large (>96²),0.39097499999999996,0.48125
door,43383.54579200001,0.24052969653587505,Large (>96²),0.07981875000000002,0.50774375
door,46024.02521600001,0.3064885732570862,Large (>96²),0.09278750000000001,0.5440812500000001
door,73477.79712,0.3701608848667671,Large (>96²),0.42210625,0.473075
door,65540.38809600001,0.4239353801705021,Large (>96²),0.32362500000000005,0.53506875
door,92002.528512,0.5428082857253895,Large (>96²),0.7342000000000001,0.4466375
door,89548.20448000001,0.5054262092559157,Large (>96²),0.39794375000000004,0.5461437499999999
door,86992.05119999999,0.3788313856427378,Large (>96²),0.8581749999999999,0.499375
door,65090.066944000006,0.2854318836695034,Large (>96²),0.42525,0.49807500000000005
door,85210.43199999999,0.4739811320754716,Large (>96²),0.66221875,0.54375
door,57653.546048000004,0.2896411985153042,Large (>96²),0.38078125,0.47355625
door,78277.59616,0.42115420300612355,Large (>96²),0.60815,0.47238749999999996
door,61777.67692800002,0.2884728416830896,Large (>96²),0.37646875,0.4865375
door,84066.05087999997,0.4346837423368683,Large (>96²),0.62950625,0.49259375
door,69565.18675200001,0.33727914883122834,Large (>96²),0.32936875,0.47980625000000005
door,89786.85216000001,0.45521030352157077,Large (>96²),0.59204375,0.47196875
door,83586.90688000002,0.367491403170343,Large (>96²),0.43038750000000003,0.49759375000000006
door,110388.48000000003,0.4791166666666668,Large (>96²),0.74435625,0.5
door,120087.75264000002,0.5232878542442511,Large (>96²),0.5272187500000001,0.49949375000000007
door,120802.47872,0.5280235494823462,Large (>96²),0.2011625,0.50006875
door,150015.62783999997,0.815424787839224,Large (>96²),0.5905437499999999,0.4600937500000001
door,84112.28288000001,0.499239884618383,Large (>96²),0.16010624999999998,0.44567500000000004
door,190153.27027200002,1.0365721543576525,Large (>96²),0.5545375,0.4596125000000001
door,74473.18252800002,0.5285041450887625,Large (>96²),0.37961875,0.41826875
door,51522.944,0.4353953488372093,Large (>96²),0.1170125,0.39375
door,98445.00147200006,0.43169939020304243,Large (>96²),0.8389312500000001,0.49807500000000005
door,74624.16665599997,0.45175576726242017,Large (>96²),0.64536875,0.5094
door,71117.56064000003,0.4556241773817961,Large (>96²),0.34063125000000005,0.43364375000000005
door,80267.213184,0.5047747060947717,Large (>96²),0.49466874999999993,0.4365375
door,69869.433088,0.586226074060342,Large (>96²),0.15811250000000002,0.3947125
door,99380.80486399999,0.504814106956114,Large (>96²),0.5259750000000001,0.47163750000000004
door,86449.95302400002,0.5938731862786211,Large (>96²),0.17703125,0.42307500000000003
door,124444.10700800004,0.5873335882373387,Large (>96²),0.3599375,0.48461250000000006
door,116123.32799999998,0.5212372881355931,Large (>96²),0.51259375,0.49375
door,133646.96320000006,0.5820033388981637,Large (>96²),0.5457750000000001,0.499375
door,112231.955136,0.627527760437357,Large (>96²),0.4561187500000001,0.54334375
door,96255.44729599998,0.49170071963258954,Large (>96²),0.36803749999999996,0.5062625
door,57471.22867200001,0.30020843999122354,Large (>96²),0.10261875000000001,0.46682500000000005
door,95284.57414400001,0.47022339121008006,Large (>96²),0.39425625000000003,0.47811875000000004
door,68161.28,0.35207272727272726,Large (>96²),0.12102500000000001,0.46875
door,98959.41888,0.4742639976181719,Large (>96²),0.42405,0.48640625000000004
door,74848.91251200001,0.36801305589555283,Large (>96²),0.1296625,0.47748125
door,113015.34988800003,0.5277287971510563,Large (>96²),0.42075625000000005,0.4865375
door,116035.20000000001,0.6217592592592593,Large (>96²),0.51465625,0.4625
door,169488.322432,0.8609318091666365,Large (>96²),0.5342687500000001,0.47163750000000004
door,108746.52364800002,0.5433184914972373,Large (>96²),0.1899,0.47451875
door,80056.20672,0.3798553628997124,Large (>96²),0.42241249999999997,0.48365625
door,103012.66560000002,0.4485976627712855,Large (>96²),0.35129375000000007,0.499375
door,90650.735616,0.4529084634229208,Large (>96²),0.3609375,0.47451875
door,52874.55206400001,0.5026392383207536,Large (>96²),0.19467500000000001,0.4677625000000001
door,49191.03180800001,0.555657130565713,Large (>96²),0.2128125,0.4598625
door,31796.226560000014,0.1934293606945541,Large (>96²),0.19973125,0.45056250000000003
door,34764.194687999996,0.20207923465648261,Large (>96²),0.26259375,0.44903750000000003
door,44531.15296000001,0.22495729569360778,Large (>96²),0.19549375,0.47259375000000003
door,40570.634368000006,0.23625938724685802,Large (>96²),0.2523625,0.46951875000000004
door,48939.41952,0.23727738730645243,Large (>96²),0.1196625,0.47980625000000005
door,48597.88032,0.38373347720528733,Large (>96²),0.1066875,0.5645625
door,25691.413504000007,0.40865292578648454,Large (>96²),0.21947500000000003,0.513725
door,32267.825664,0.4915074309978769,Large (>96²),0.16182500000000002,0.44982500000000003
door,21395.859392000002,0.36253169559060816,Large (>96²),0.22939375,0.4832937500000001
door,28268.172288000012,0.44210326499620356,Large (>96²),0.1566625,0.4946625
door,27495.41024,0.4487573123040625,Large (>96²),0.19159375,0.48834375
door,28649.098816000005,0.3692736306976476,Large (>96²),0.08035624999999999,0.43430625
door,43483.452288000015,0.3695687664715348,Large (>96²),0.09903750000000001,0.40413125
door,39380.48352,0.2603517432891083,Large (>96²),0.36373125,0.42885625000000005
door,20964.91776,0.1595744680851064,Large (>96²),0.045187500000000005,0.40817499999999995
door,24054.558656000012,0.15787100608693874,Large (>96²),0.40570625000000005,0.4815687500000001
obstacle,37966.521480562966,1.517763262705114,Large (>96²),0.3065551181102363,0.4230413385826772
obstacle,42266.70492187498,0.667660282683757,Large (>96²),0.138076171875,0.6233447265625001
obstacle,37104.03055476858,1.6492581104870483,Large (>96²),0.3204911591355599,0.4221531188605108
obstacle,100993.14682443601,1.211511040055308,Large (>96²),0.6351072124756335,0.6337353801169591
obstacle,157765.51832730247,0.7453315290933693,Large (>96²),0.2892996108949416,0.4969357976653697
obstacle,34551.82765184277,1.5573168696812942,Large (>96²),0.31295145631067955,0.4253938106796117
obstacle,20595.936229163188,1.1203967306456057,Large (>96²),0.8813229571984437,0.621039640077821
obstacle,16257.817382812502,1.0025521472392636,Large (>96²),0.3745751953125,0.45911621093750005
obstacle,125534.08531249998,0.9338094913405157,Large (>96²),0.2696240234375,0.29809570312499994
obstacle,31765.41874502602,1.380460259961645,Large (>96²),0.3813257575757576,0.6102967171717172
obstacle,92288.05200000001,0.6440534685898451,Large (>96²),0.2776875,0.528484375
obstacle,109666.49439999998,0.499978647990776,Large (>96²),0.1829375,0.4908906249999999
obstacle,94023.09999999999,0.8015182481751825,Large (>96²),0.305625,0.392578125
obstacle,97224.292,0.7701660568533636,Large (>96²),0.6330625,0.5283906249999999
obstacle,31578.691199999997,0.7056821404935235,Large (>96²),0.5385,0.44282812499999996
obstacle,47508.20159999999,0.6666167216062334,Large (>96²),0.52965625,0.4776562499999999
obstacle,44588.40400000001,0.6107327905255369,Large (>96²),0.4153593750000001,0.5193749999999999
obstacle,34465.99680000002,0.22632226322263235,Large (>96²),0.9309999999999998,0.538875
obstacle,109425.43040000001,1.7275111252383981,Large (>96²),0.5649531250000001,0.6315
obstacle,108618.47039999996,1.517718301435407,Large (>96²),0.6232031250000001,0.6594999999999999
obstacle,182948.28320000003,1.2882921133637617,Large (>96²),0.51209375,0.53371875
obstacle,161864.88000000003,1.556878799156432,Large (>96²),0.45859375,0.37959375000000006
obstacle,105095.64999999998,2.1228764044943818,Large (>96²),0.550265625,0.701171875
obstacle,140335.1392,1.5684675046803958,Large (>96²),0.6334687499999999,0.60615625
obstacle,168666.816,1.4200324976787373,Large (>96²),0.5633437499999999,0.558875
obstacle,162071.364,1.5536565731624248,Large (>96²),0.55740625,0.564078125
obstacle,31822.4052,0.2936030617823947,Large (>96²),0.075546875,0.47198437500000007
obstacle,85970.2872,0.67033396626829,Large (>96²),0.5207656249999999,0.55746875
obstacle,86199.7952,0.7357718826691598,Large (>96²),0.4480625,0.4383125
obstacle,74411.25,0.47245880159250114,Large (>96²),0.853515625,0.443859375
obstacle,95452.874,0.7131143060186956,Large (>96²),0.521859375,0.49935937500000005
obstacle,47239.521599999985,0.530598565587506,Large (>96²),0.8763125,0.580671875
obstacle,90410.2016,0.8270021775949674,Large (>96²),0.40631249999999997,0.4760625
obstacle,110991.04399999997,0.7008242034375315,Large (>96²),0.782109375,0.5337812499999999
obstacle,59859.91600000001,0.8107610775798616,Large (>96²),0.356984375,0.516875
obstacle,116473.50000000001,0.6492893233224724,Large (>96²),0.78515625,0.5258593750000001
obstacle,62444.00160000001,0.8554297135243168,Large (>96²),0.39018749999999996,0.415234375
obstacle,123959.22799999999,0.9554136590782898,Large (>96²),0.710265625,0.5844687499999999
obstacle,100501.18319999998,0.6854173195445521,Large (>96²),0.4069531249999999,0.56478125
obstacle,46126.08000000001,0.6961926961926964,Large (>96²),0.7063750000000001,0.5215624999999999
obstacle,118745.83159999999,0.8369882652790316,Large (>96²),0.377390625,0.5807343749999999
obstacle,64712.51199999999,0.5613807728557964,Large (>96²),0.7179062500000001,0.49778124999999995
obstacle,151298.39759999997,0.6752862635737525,Large (>96²),0.29325,0.4947968749999999
obstacle,63274.3632,0.6952399893927337,Large (>96²),0.6456093749999999,0.5703125
obstacle,101061.11600000001,0.4793536022301593,Large (>96²),0.19264062499999998,0.4837187500000001
obstacle,65290.274000000005,0.4871346626604753,Large (>96²),0.139328125,0.493921875
obstacle,70116.4656,0.32449875225884184,Large (>96²),0.11784375,0.50509375
obstacle,61196.100000000006,0.9808631595804307,Large (>96²),0.19140625,0.6733593750000001
obstacle,74354.0,0.7427307206068269,Large (>96²),0.18359375,0.6239062499999999
obstacle,56205.7444,0.8874672176746403,Large (>96²),0.174484375,0.678359375
obstacle,71878.1148,0.3388336445351514,Large (>96²),0.131953125,0.49301562499999996
obstacle,62404.509600000005,0.5565310876187063,Large (>96²),0.8252812500000001,0.434765625
obstacle,52533.78879999999,0.4759210209487116,Large (>96²),0.80190625,0.4618125
obstacle,60841.17,0.6166825851639605,Large (>96²),0.7965781249999999,0.495109375
obstacle,44910.20599999999,2.162803608605136,Large (>96²),0.24348437500000003,0.745515625
obstacle,34621.2444,2.1580609505763455,Large (>96²),0.21354687499999997,0.7760468749999999
obstacle,66453.5,0.5057103448275861,Large (>96²),0.85678125,0.591796875
obstacle,60581.507999999994,0.4364163401148748,Large (>96²),0.8195625,0.472078125
obstacle,59461.63799999997,0.49003846816328855,Large (>96²),0.813265625,0.39714062499999997
obstacle,13987.807599999993,0.5964476949196813,Large (>96²),0.806265625,0.46110937499999993
obstacle,48720.7576,0.6217046509966418,Large (>96²),0.48362499999999997,0.596296875
obstacle,38819.16480000002,0.791079812206573,Large (>96²),0.7875625000000002,0.6548125
obstacle,64413.21600000002,1.411797752808989,Large (>96²),0.5506875000000001,0.660375
obstacle,31618.79439999999,0.541421832326409,Large (>96²),0.8977812500000001,0.686203125
obstacle,55586.44,0.5959007268679194,Large (>96²),0.28540625,0.536109375
obstacle,91734.1216,0.9753488978740051,Large (>96²),0.669875,0.6001875
obstacle,45311.5872,0.7590864440078586,Large (>96²),0.187859375,0.6450625000000001
obstacle,59319.1568,1.0763332765377407,Large (>96²),0.49790624999999994,0.6785625
obstacle,71483.356,0.6758501937150238,Large (>96²),0.487125,0.5717656249999999
obstacle,20883.14960000001,0.417016712842971,Large (>96²),0.9270937499999998,0.391578125
obstacle,43618.32639999999,0.6538640235403439,Large (>96²),0.72178125,0.5650625
obstacle,48613.49999999999,0.5431875919240541,Large (>96²),0.12698437499999998,0.64128125
obstacle,40352.916000000005,0.6128604832424005,Large (>96²),0.625484375,0.610625
obstacle,38742.88640000001,0.3978977054223816,Large (>96²),0.097,0.6291875000000001
obstacle,6570.880800000004,0.9705882352941174,Medium,0.494921875,0.647625
obstacle,21758.352000000006,0.6371212121212121,Large (>96²),0.607609375,0.4868125
obstacle,15262.670400000003,0.9777493196734435,Large (>96²),0.49831249999999994,0.44407812500000005
obstacle,36502.848000000005,0.6362725450901804,Large (>96²),0.46021875,0.31940625
obstacle,30126.06,0.6599269868014602,Large (>96²),0.46953125,0.554953125
obstacle,56161.12319999999,0.6460453127119793,Large (>96²),0.16890624999999998,0.49490625
obstacle,23315.4192,0.5795193937581016,Large (>96²),0.51790625,0.48089062499999996
obstacle,14473.771200000003,1.0771221532091098,Large (>96²),0.540234375,0.7089062500000001
obstacle,36320.4248,0.5999837424808975,Large (>96²),0.611421875,0.47478125000000004
obstacle,76517.69759999998,1.6455203116304953,Large (>96²),0.30740625,0.70340625
obstacle,73443.2336,0.6291634958730902,Large (>96²),0.1926875,0.608046875
obstacle,62591.5736,1.3358588191813727,Large (>96²),0.5279999999999999,0.617015625
obstacle,47737.8176,1.002291055718475,Large (>96²),0.694296875,0.62246875
obstacle,70415.4,0.7842744626885596,Large (>96²),0.81640625,0.6064999999999999
obstacle,95358.84800000003,1.1916713800904981,Large (>96²),0.559546875,0.64809375
obstacle,127395.36600000004,0.5726582707882797,Large (>96²),0.785234375,0.4934843750000001
obstacle,16841.136,0.6231143552311436,Large (>96²),0.59965625,0.3090625
obstacle,78982.16799999999,1.0847168692558553,Large (>96²),0.228703125,0.350375
obstacle,121340.59680000001,0.7074077651149314,Large (>96²),0.409859375,0.4485625000000001
obstacle,53095.6104,0.4922055778833274,Large (>96²),0.873671875,0.4295937499999999
obstacle,116893.1968,0.8733872731248632,Large (>96²),0.26003125,0.5891875000000001
obstacle,75529.0112,0.8164124145186744,Large (>96²),0.806,0.6334687499999999
obstacle,93440.0808,0.6485931078090421,Large (>96²),0.5959843749999999,0.5426249999999999
obstacle,18412.233599999996,0.637251441346041,Large (>96²),0.084625,0.5104218749999999
obstacle,29960.9172,1.3719041818920017,Large (>96²),0.310734375,0.506921875
obstacle,72344.9264,0.8394876686197033,Large (>96²),0.41034375,0.51153125
obstacle,109145.12639999998,1.261354364971444,Large (>96²),0.34196875,0.6451875
obstacle,105182.99479999997,1.200986686490505,Large (>96²),0.45867187499999995,0.634859375
obstacle,118884.0536,1.1549058720857746,Large (>96²),0.493921875,0.6243437500000001
obstacle,114900.6176,1.3741873011481536,Large (>96²),0.47971874999999997,0.64909375
obstacle,69126.40000000001,1.4813443199703729,Large (>96²),0.25,0.673953125
obstacle,27226.048,0.7035380235868237,Large (>96²),0.889375,0.67321875
obstacle,28484.156799999997,0.6775263363246198,Large (>96²),0.87934375,0.6693125
obstacle,79772.14080000001,1.3720968812209684,Large (>96²),0.25846874999999997,0.670125
obstacle,28511.649600000004,0.6957123098201933,Large (>96²),0.8899687500000001,0.676375
obstacle,79439.79199999997,1.3365053322395408,Large (>96²),0.25456249999999997,0.656625
obstacle,31308.690400000014,0.7346444487502422,Large (>96²),0.881484375,0.68340625
obstacle,71967.5424,1.5054884742041714,Large (>96²),0.25715625000000003,0.6083125
obstacle,29425.101999999988,0.6462648795575968,Large (>96²),0.881171875,0.673234375
obstacle,63481.4024,1.6215505913272008,Large (>96²),0.25065624999999997,0.662390625
obstacle,28452.79920000001,0.6765164813731226,Large (>96²),0.888484375,0.6836562500000001
obstacle,15502.68640000001,0.279622865879555,Large (>96²),0.9485624999999999,0.571265625
obstacle,113943.77279999998,1.3634979936349805,Large (>96²),0.30793750000000003,0.6281874999999999
obstacle,119657.55,1.2874762185921407,Large (>96²),0.306640625,0.628796875
obstacle,118245.3248,1.3251205141938938,Large (>96²),0.30924999999999997,0.6318125
obstacle,125503.88720000004,1.2695121175497739,Large (>96²),0.31184375000000003,0.616765625
obstacle,118472.27039999996,1.35620516984707,Large (>96²),0.31315624999999997,0.63065625
obstacle,124643.75,1.2763520000000002,Large (>96²),0.31857812500000005,0.630859375
obstacle,14894.72,0.3676470588235294,Large (>96²),0.55678125,0.52575
obstacle,43856.391599999995,0.7822451220542277,Large (>96²),0.186046875,0.548265625
obstacle,40886.2644,0.6826019449211408,Large (>96²),0.183921875,0.544046875
obstacle,55365.466,0.6996800568787768,Large (>96²),0.446703125,0.629203125
obstacle,52345.1192,0.6555311770118195,Large (>96²),0.44809374999999996,0.629609375
obstacle,53490.7872,0.6780119624038735,Large (>96²),0.44956250000000003,0.6282812499999999
obstacle,68293.42519999998,0.7893520092472972,Large (>96²),0.532921875,0.640015625
obstacle,70157.58399999999,0.7964285714285715,Large (>96²),0.535359375,0.6381249999999999
obstacle,63505.38240000001,0.6900712025316453,Large (>96²),0.5294531250000001,0.6288750000000001
obstacle,60071.7312,0.6637415237335459,Large (>96²),0.538,0.63996875
obstacle,50746.48599999998,0.9100533581773527,Large (>96²),0.514234375,0.680109375
obstacle,61014.249999999985,0.6667768595041321,Large (>96²),0.520796875,0.638671875
obstacle,77639.65000000001,0.8484628099173555,Large (>96²),0.20051562500000003,0.361296875
obstacle,77930.8444,0.8563946164556121,Large (>96²),0.20182812499999997,0.360703125
obstacle,71630.8704,0.8003743816018183,Large (>96²),0.21787499999999999,0.35871875000000003
obstacle,89158.1008,0.5304907795882524,Large (>96²),0.16990624999999998,0.48825
obstacle,32168.292799999996,0.7133170088528911,Large (>96²),0.2905,0.61903125
obstacle,37084.4476,0.580004745709088,Large (>96²),0.11460937499999999,0.593359375
obstacle,39644.3376,0.7217955282471411,Large (>96²),0.13215625,0.5906562500000001
obstacle,78845.82599999997,0.4688124847598145,Large (>96²),0.6749218749999999,0.5155468750000001
obstacle,52570.13760000001,0.704745166959578,Large (>96²),0.15037499999999998,0.6564375
obstacle,6731.016000000001,0.64950884086444,Medium,0.7105,0.62221875
obstacle,7824.284000000006,0.6067277210285313,Medium,0.672296875,0.47021875
obstacle,64918.24519999998,0.9121373416298076,Large (>96²),0.190109375,0.6522656249999998
obstacle,7285.314399999997,0.6565407252705522,Medium,0.65559375,0.393765625
obstacle,52408.63160000001,0.6082305648293248,Large (>96²),0.24889062500000003,0.44514062499999996
obstacle,71538.79680000001,0.46976219762197613,Large (>96²),0.85678125,0.5258437500000002
obstacle,74583.91919999999,0.9835136901735783,Large (>96²),0.21159374999999997,0.605171875
obstacle,9909.3968,1.264061441156539,Large (>96²),0.36178125000000005,0.712390625
obstacle,11780.1508,0.7063651850704662,Large (>96²),0.144203125,0.646484375
obstacle,19644.0024,1.3765277080194211,Large (>96²),0.34940625000000003,0.7391718749999999
obstacle,79938.0,0.4053141184417924,Large (>96²),0.859375,0.504609375
obstacle,20957.749600000006,1.414558001971738,Large (>96²),0.5556093750000001,0.7474375
obstacle,139608.89280000003,0.7265261428962496,Large (>96²),0.39203125,0.5155937500000001
obstacle,20204.5024,0.6226268457866106,Large (>96²),0.8363125,0.648546875
obstacle,132763.8528,0.7767027863777091,Large (>96²),0.5711875,0.5428749999999999
obstacle,19304.056799999995,0.6682748882089904,Large (>96²),0.6902968749999999,0.647125
obstacle,127473.74999999997,0.8935663224781575,Large (>96²),0.263671875,0.573421875
obstacle,54740.624800000005,0.7009232090460172,Large (>96²),0.6711875,0.601984375
obstacle,12773.164800000004,0.7000296120817292,Large (>96²),0.5113749999999999,0.6797500000000001
obstacle,45064.75680000001,1.2959030459030458,Large (>96²),0.811171875,0.72540625
obstacle,94471.59599999999,0.47028112449799203,Large (>96²),0.22335937499999997,0.5039999999999999
obstacle,30275.129999999997,0.7225207620908651,Large (>96²),0.34864062500000004,0.620015625
obstacle,33677.56799999999,0.6617021276595746,Large (>96²),0.13990625,0.60725
obstacle,34451.200000000004,0.5689206762028608,Large (>96²),0.109375,0.56203125
obstacle,47559.71120000001,0.6687415629218537,Large (>96²),0.139328125,0.5703125
obstacle,43334.08280000001,0.6539507419780901,Large (>96²),0.131515625,0.573609375
obstacle,45675.499999999985,0.5781272235662447,Large (>96²),0.12698437499999998,0.56425
obstacle,43318.540799999995,0.6221009549795361,Large (>96²),0.12825,0.57203125
obstacle,142765.56,0.6862229237919842,Large (>96²),0.7419062499999999,0.49781250000000005
obstacle,17731.6568,0.7638487792071409,Large (>96²),0.354390625,0.6583125
obstacle,41567.25,0.4885155982173466,Large (>96²),0.111359375,0.5520781250000001
obstacle,40278.1,0.5219958240334078,Large (>96²),0.11328125,0.547765625
obstacle,43496.08800000001,0.5288005578800556,Large (>96²),0.11851562499999999,0.5506562500000001
obstacle,43435.55599999999,0.5411930815390047,Large (>96²),0.11978124999999999,0.552140625
obstacle,39605.448,1.1852297592997816,Large (>96²),0.830703125,0.67015625
obstacle,72155.5232,0.7428608098568952,Large (>96²),0.32540625,0.631484375
obstacle,77431.9,0.6899701492537313,Large (>96²),0.409765625,0.38671875
obstacle,23122.324,0.732245357343838,Large (>96²),0.1211875,0.4380156250000001
obstacle,82438.888,0.6602331899479285,Large (>96²),0.5247343750000001,0.4010625
obstacle,22484.692799999997,0.6391554702495202,Large (>96²),0.23165624999999998,0.45253125
obstacle,23192.256,0.6993959362987369,Large (>96²),0.19606249999999997,0.6233593749999999
obstacle,106396.79440000001,0.6004656245545684,Large (>96²),0.507375,0.526640625
obstacle,163075.988,0.7434769611820473,Large (>96²),0.5532812500000001,0.509140625
obstacle,30673.999999999996,0.6389776357827477,Large (>96²),0.109375,0.5840156249999999
obstacle,66091.70879999998,0.5510510510510511,Large (>96²),0.8509062500000001,0.5901249999999999
obstacle,63169.2432,0.591626882115314,Large (>96²),0.84896875,0.6001875
obstacle,75901.2,0.4756183037949334,Large (>96²),0.8515625,0.5525
obstacle,68362.5,0.5142622051563357,Large (>96²),0.853515625,0.56803125
obstacle,58797.64319999999,0.46877117686921166,Large (>96²),0.867203125,0.5983124999999999
obstacle,14523.250000000002,0.5271719484275214,Large (>96²),0.931640625,0.684359375
obstacle,52516.02720000001,0.7298687742320311,Large (>96²),0.49542187500000007,0.595125
obstacle,82176.5,0.5970350404312669,Large (>96²),0.220171875,0.5239687500000001
obstacle,20544.0696,0.9688229638785887,Large (>96²),0.6531875,0.733578125
obstacle,42340.08720000001,0.7359292920870509,Large (>96²),0.36575,0.593859375
obstacle,43023.12959999999,0.3827248866618945,Large (>96²),0.10024999999999999,0.5232187500000001
obstacle,46167.35360000002,0.707107075767063,Large (>96²),0.3638125,0.6076875
obstacle,22198.014000000014,0.9328406586282898,Large (>96²),0.648859375,0.7375781250000001
obstacle,65975.88040000001,0.4424820013466619,Large (>96²),0.138703125,0.496484375
obstacle,18569.254399999998,1.0840464547677262,Large (>96²),0.6525000000000001,0.7350625
obstacle,42545.505600000004,0.7403637577173368,Large (>96²),0.362625,0.5991875
obstacle,34736.22399999999,0.4740302918359809,Large (>96²),0.10024999999999999,0.5723906249999999
obstacle,31835.13840000002,1.0713539853811347,Large (>96²),0.8435,0.729703125
obstacle,69240.80159999999,0.7671925970308237,Large (>96²),0.3675625,0.573890625
obstacle,33643.32000000001,1.7914477524810273,Large (>96²),0.411828125,0.7366875
obstacle,35271.10560000001,1.0688098645821864,Large (>96²),0.8483124999999999,0.7330781249999999
obstacle,108848.34999999999,1.309218283970313,Large (>96²),0.705078125,0.649765625
obstacle,13217.620799999993,1.6589737844499233,Large (>96²),0.36568750000000005,0.7702343749999999
obstacle,74376.75,1.079390476190476,Large (>96²),0.22135937499999997,0.6698906250000001
obstacle,72489.2784,0.46441227093246934,Large (>96²),0.41915625,0.523375
obstacle,143644.52200000003,0.6694443245110314,Large (>96²),0.516828125,0.5039843750000002
obstacle,115380.8172,0.7078317729231682,Large (>96²),0.5084843749999999,0.5465781250000001
obstacle,56904.0,0.3954027836355968,Large (>96²),0.1171875,0.50440625
obstacle,139982.95,0.7483468208092486,Large (>96²),0.732046875,0.5371406249999999
obstacle,145847.5056,0.7504763633064149,Large (>96²),0.7415312500000001,0.5305937500000001
obstacle,75816.35,0.5679019103399201,Large (>96²),0.837890625,0.5608906250000001
obstacle,81768.4608,0.6876232455631598,Large (>96²),0.4613125,0.5925625
obstacle,127874.03839999999,0.7251857496666031,Large (>96²),0.62984375,0.5313125
obstacle,97339.1576,0.6109329592143501,Large (>96²),0.637578125,0.4368437500000001
obstacle,22630.086399999997,0.7564754856614248,Large (>96²),0.10221875,0.708625
obstacle,19752.414,0.7013466809677036,Large (>96²),0.275203125,0.675359375
obstacle,56305.66760000001,0.553521038439832,Large (>96²),0.5741406250000001,0.43404687499999994
obstacle,98789.36759999998,0.7019779282401236,Large (>96²),0.20573437499999997,0.506640625
obstacle,83442.048,0.7125657510227936,Large (>96²),0.52771875,0.60453125
obstacle,31939.6,0.6136582800035066,Large (>96²),0.890625,0.638203125
obstacle,53302.615999999995,1.0150113457846048,Large (>96²),0.44456249999999997,0.69596875
obstacle,28695.600000000002,1.1290929619872034,Large (>96²),0.859375,0.7209218749999999
obstacle,5713.819200000001,0.9955121436114047,Medium,0.625359375,0.558
obstacle,46140.444,0.7423987164059367,Large (>96²),0.49093749999999997,0.4380156250000001
obstacle,4268.784799999997,0.937462951985774,Medium,0.49992187499999996,0.5774687500000001
obstacle,30699.715200000002,1.428844317096466,Large (>96²),0.49565625,0.373640625
obstacle,3984.7967999999996,1.1157965194109776,Medium,0.67446875,0.68990625
obstacle,60649.405200000016,0.7923805392901034,Large (>96²),0.561890625,0.34114062500000003
obstacle,12870.85439999999,1.6039294485376214,Large (>96²),0.13378125000000002,0.7402656249999999
obstacle,39391.77159999999,0.2665036674816626,Large (>96²),0.080078125,0.481234375
obstacle,15306.8552,0.602585016940645,Large (>96²),0.2321875,0.607140625
obstacle,40541.9868,0.2810278552998789,Large (>96²),0.083390625,0.47857812499999997
obstacle,13741.875599999998,0.6312864307984277,Large (>96²),0.236515625,0.615234375
obstacle,40144.3056,0.28158271094867315,Large (>96²),0.08306250000000001,0.4867968749999999
obstacle,15303.060000000001,0.6537254901960785,Large (>96²),0.24048437500000003,0.603625
obstacle,48654.55000000001,0.3084243919633415,Large (>96²),0.095703125,0.476171875
obstacle,40516.113600000004,0.2600192531793079,Large (>96²),0.0801875,0.480859375
obstacle,14980.756,0.5860645484113085,Large (>96²),0.242328125,0.6067812499999999
obstacle,14816.0672,0.6355776788053444,Large (>96²),0.22712500000000002,0.6128125000000001
obstacle,42471.856,0.2824136152656009,Large (>96²),0.08556250000000001,0.4831875
obstacle,39988.397600000004,0.26007344690400896,Large (>96²),0.079671875,0.4814375
obstacle,15103.603199999996,0.586022175158839,Large (>96²),0.23143750000000002,0.6115468749999999
obstacle,14265.2124,0.5655459010200223,Large (>96²),0.23542187499999997,0.611421875
obstacle,41875.0728,0.277100375572362,Large (>96²),0.08415625,0.482265625
obstacle,15663.444800000003,0.6809969668996438,Large (>96²),0.23268750000000002,0.601921875
obstacle,40936.20480000001,0.2728211482858323,Large (>96²),0.08256250000000001,0.48103125
obstacle,39557.407999999996,0.26871351125938286,Large (>96²),0.08054687499999999,0.48181250000000003
obstacle,13532.299199999996,0.5858665613896566,Large (>96²),0.24315625000000002,0.6032343750000001
obstacle,17344.947200000002,0.6064333017975402,Large (>96²),0.24159375,0.60615625
obstacle,40642.56,0.275625,Large (>96²),0.0826875,0.47603124999999996
obstacle,42816.47,0.2866235446313066,Large (>96²),0.086578125,0.48773437499999994
obstacle,14344.506800000003,0.7250106640125124,Large (>96²),0.248046875,0.610578125
obstacle,15098.947999999997,0.6283060250290285,Large (>96²),0.23984375,0.604859375
obstacle,45012.866,0.2771849719589061,Large (>96²),0.08729687500000001,0.47739062499999996
obstacle,40131.936,0.2654835390946502,Large (>96²),0.080671875,0.47965625
obstacle,15183.8,0.632,Large (>96²),0.24384375,0.6115
obstacle,39937.88240000001,0.26677349322857435,Large (>96²),0.080671875,0.48553125
obstacle,56803.68280000002,1.3572196695669174,Large (>96²),0.7830468749999999,0.688296875
obstacle,40003.392,0.2672663358147229,Large (>96²),0.08078125,0.47053124999999996
obstacle,60236.280000000006,1.2490892531876137,Large (>96²),0.7857031250000001,0.7034374999999999
obstacle,38295.256,0.2600854789951006,Large (>96²),0.07796875,0.4801875000000001
obstacle,60224.881199999996,1.2698135733308846,Large (>96²),0.783953125,0.704484375
obstacle,56412.105599999995,1.12268022840828,Large (>96²),0.803359375,0.699875
obstacle,45513.00000000001,0.2780798892624085,Large (>96²),0.087890625,0.4716875
obstacle,69146.2068,1.0859158278513115,Large (>96²),0.774203125,0.633328125
obstacle,39078.61200000002,0.5052858683926645,Large (>96²),0.8837187500000001,0.652140625
obstacle,46519.6032,0.24850922202191097,Large (>96²),0.08399999999999999,0.533890625
obstacle,47957.806,0.3174170311294057,Large (>96²),0.096390625,0.5348593749999999
obstacle,49710.21200000001,0.29413767939674046,Large (>96²),0.098375,0.5147656250000001
obstacle,41710.9888,0.27386870291600474,Large (>96²),0.08740624999999999,0.531046875
obstacle,43735.778000000006,0.30925916077221716,Large (>96²),0.09085937499999999,0.5377343750000001
obstacle,119286.81599999999,1.481042988019732,Large (>96²),0.4310625,0.65328125
obstacle,108418.58880000001,1.3862547378960164,Large (>96²),0.38715625,0.656484375
obstacle,23186.944000000003,0.8549914986640759,Large (>96²),0.89,0.6345000000000001
obstacle,53100.0988,1.337917879730951,Large (>96²),0.5305156249999999,0.40435937499999997
obstacle,59859.2808,0.8295733750279205,Large (>96²),0.45403125,0.527546875
obstacle,5557.932799999998,0.9462421711899791,Medium,0.46681249999999996,0.61003125
obstacle,40194.112,0.8340925655976678,Large (>96²),0.478984375,0.42246875
obstacle,7900.452,0.9779706275033379,Medium,0.24964062499999998,0.7995625
obstacle,44591.16720000002,1.0304778386693587,Large (>96²),0.27425000000000005,0.6091093750000001
obstacle,23694.316799999993,0.4677863680796233,Large (>96²),0.08225,0.696078125
obstacle,41243.47929599998,0.6378279745800037,Large (>96²),0.5930624999999999,0.616725
obstacle,14153.057279999999,0.376361386138614,Large (>96²),0.42720624999999995,0.561
obstacle,22804.76966399999,0.7867211728221031,Large (>96²),0.68574375,0.6035250000000001
obstacle,72168.04857599999,0.6503758495641105,Large (>96²),0.70291875,0.58975625
obstacle,40519.71635200001,0.7316766385640467,Large (>96²),0.23548125000000003,0.6084625000000001
obstacle,23915.354111999997,0.6775677056719471,Large (>96²),0.336125,0.5666875
obstacle,26179.51839999999,0.6114440363425478,Large (>96²),0.3516875,0.53275
obstacle,36863.20959999999,1.414395441030724,Large (>96²),0.178390625,0.64696875
obstacle,26055.741823999975,0.32721911943979776,Large (>96²),0.9278625000000001,0.63531875
obstacle,28596.003072000014,0.3475762815864339,Large (>96²),0.9221125000000001,0.6211
obstacle,53770.92377600002,2.0285981032873073,Large (>96²),0.2698625,0.7429937500000001
obstacle,35269.721856,0.5339600323725332,Large (>96²),0.1072125,0.6511374999999999
obstacle,18154.004736000014,0.23405049837704298,Large (>96²),0.05670000000000001,0.6372187500000001
obstacle,28318.118207999996,0.3774350886416076,Large (>96²),0.08076875,0.6235062499999999
obstacle,26301.265151999993,0.4210357851610013,Large (>96²),0.0822125,0.642375
obstacle,19386.656639999997,0.23210430161102807,Large (>96²),0.05240625,0.6242125
obstacle,23224.02931199999,0.3620455478694844,Large (>96²),0.0716375,0.66846875
obstacle,61247.15027199999,1.1615858969445705,Large (>96²),0.24971875,0.69560625
obstacle,84579.45599999999,1.1509177831552855,Large (>96²),0.24375,0.6242875
obstacle,108230.68479999996,1.5136574420344064,Large (>96²),0.6011000000000001,0.60743125
obstacle,16843.269696000003,1.1881341127460858,Large (>96²),0.20955625000000003,0.6146687500000001
obstacle,69115.66848000001,0.3804241741741742,Large (>96²),0.12668125000000002,0.5289875
obstacle,19250.875392,1.5134061569016883,Large (>96²),0.34068750000000003,0.623425
obstacle,60578.89868799999,1.2182679199253788,Large (>96²),0.3377625,0.574825
obstacle,37515.77625600001,0.2916861852818488,Large (>96²),0.08172500000000002,0.5775062500000001
obstacle,42522.95296000002,1.8951612903225805,Large (>96²),0.53686875,0.5925875
obstacle,74173.073792,0.519531663526074,Large (>96²),0.1533625,0.55576875
obstacle,84973.44768000001,0.6830656868082016,Large (>96²),0.29063125,0.5982000000000001
obstacle,22837.703168000025,0.8517686144225133,Large (>96²),0.78685,0.6547750000000001
obstacle,84391.22387200002,0.6411828265231867,Large (>96²),0.18173124999999998,0.5348312500000001
obstacle,64196.325888000014,0.5763459417997028,Large (>96²),0.40027500000000005,0.522825
obstacle,27010.539072,1.138797984520285,Large (>96²),0.86298125,0.5633437499999999
obstacle,17535.041536000008,0.8293353873239439,Large (>96²),0.49421250000000005,0.6296625
obstacle,39379.27884800001,0.3327132359780485,Large (>96²),0.089425,0.5735375
obstacle,53421.236095999986,1.8535413034258519,Large (>96²),0.33877499999999994,0.5692937500000002
obstacle,54675.64044800002,1.2186425954602107,Large (>96²),0.20166250000000002,0.57361875
obstacle,43503.74515200002,0.8528922106903757,Large (>96²),0.29087500000000005,0.64663125
obstacle,20249.631231999992,0.6530074504815553,Large (>96²),0.6726625,0.6239625
obstacle,49416.602880000006,0.7129140079003339,Large (>96²),0.8533625,0.5645000000000001
obstacle,35316.072704,2.010502806784572,Large (>96²),0.208175,0.6512687500000001
obstacle,25284.02073600001,0.36919173392027377,Large (>96²),0.07548125,0.6147750000000001
obstacle,29805.665920000003,2.106186953597847,Large (>96²),0.60521875,0.650325
obstacle,98601.490368,0.481308658995705,Large (>96²),0.17019375,0.51563125
obstacle,31520.011712,0.6993631533330822,Large (>96²),0.44169375000000005,0.6293312500000001
obstacle,36249.15302400001,1.9194318314122722,Large (>96²),0.5391125000000001,0.6551375
obstacle,27259.584000000003,0.28408357222179176,Large (>96²),0.06875,0.62146875
obstacle,47603.36588800001,0.6443371791853074,Large (>96²),0.29971250000000005,0.614575
obstacle,40243.12364799999,1.7987377654169123,Large (>96²),0.44654375,0.61679375
obstacle,60697.221696,0.7500492139823955,Large (>96²),0.17439375000000001,0.64025625
obstacle,46903.80748800001,1.5742955135335552,Large (>96²),0.58001875,0.600725
obstacle,76748.597184,0.8937999945398453,Large (>96²),0.20846874999999998,0.61721875
obstacle,58529.483199999995,1.472056168505517,Large (>96²),0.5062562500000001,0.62403125
obstacle,49642.2272,0.5260553660251569,Large (>96²),0.140675,0.62056875
obstacle,74057.57049599999,1.208862600601183,Large (>96²),0.65105625,0.49413125
obstacle,56124.306432,0.5992001254705144,Large (>96²),0.14328124999999997,0.5416624999999999
obstacle,89256.95526399997,1.335613046976543,Large (>96²),0.43890624999999994,0.5557375
obstacle,13343.950080000002,0.5984142290796098,Large (>96²),0.074625,0.6054499999999999
obstacle,107090.636544,1.1208944793850455,Large (>96²),0.729325,0.47100625
obstacle,11345.790143999993,0.5206199533951118,Large (>96²),0.38119375,0.5500562500000001
obstacle,60278.378368000034,0.5438794636420438,Large (>96²),0.8508437500000001,0.60915
obstacle,13005.327872000002,0.4257140241669719,Large (>96²),0.6571687500000001,0.5778749999999999
obstacle,40895.35488,0.34094058948535527,Large (>96²),0.1143625,0.5909625000000001
obstacle,87565.12108800003,0.7369166144491632,Large (>96²),0.44558125000000004,0.6028187500000002
obstacle,41828.22208,0.7414280902660829,Large (>96²),0.13758125000000002,0.59905
obstacle,70598.00524799999,0.5636910278725954,Large (>96²),0.6029625,0.57640625
obstacle,51695.056511999996,0.8329212292476157,Large (>96²),0.471725,0.59286875
obstacle,46409.77324800002,0.4846565497272564,Large (>96²),0.69408125,0.5418937500000001
obstacle,50701.87929600001,0.7529905043778516,Large (>96²),0.1978375,0.5492000000000001
obstacle,50934.20928000002,0.788786047097343,Large (>96²),0.5508312500000001,0.5341625000000001
obstacle,41122.592192000004,0.629958981745311,Large (>96²),0.40651875000000004,0.52155625
obstacle,39387.32467200001,0.40800247180596333,Large (>96²),0.9009625,0.5111125
obstacle,35462.250496,0.6283337823275862,Large (>96²),0.7348812500000002,0.5336375
obstacle,53635.77881599999,0.6450726889357452,Large (>96²),0.6145437499999999,0.4881875
obstacle,41835.976576,0.5245311880346722,Large (>96²),0.21311875000000002,0.442825
obstacle,51926.75571199999,0.6877947941536132,Large (>96²),0.76303125,0.4757249999999999
obstacle,33070.372992000004,0.4626709356952633,Large (>96²),0.9033625000000001,0.48633125
obstacle,71943.38144000003,0.3780557134735645,Large (>96²),0.12884375,0.5178437500000002
obstacle,69689.638784,0.38034986730460135,Large (>96²),0.12911875,0.50405
obstacle,70282.89964799998,0.6722666204814803,Large (>96²),0.66693125,0.5906687500000001
obstacle,44897.51136,0.5226968745734951,Large (>96²),0.24378124999999998,0.52295625
obstacle,117318.88723199998,0.6484417611766254,Large (>96²),0.26260625,0.53979375
obstacle,14506.989120000006,0.3101764510043283,Large (>96²),0.94759375,0.5804937499999999
obstacle,111425.96192,0.6882120205976497,Large (>96²),0.78365625,0.5414062500000001
obstacle,21420.681984000003,0.54718583212033,Large (>96²),0.52496875,0.5944625
obstacle,105141.07520000004,0.5124514305898976,Large (>96²),0.81864375,0.4990125000000001
obstacle,27488.532672000005,0.5324812506601883,Large (>96²),0.5877937500000001,0.5782687500000001
obstacle,52847.44396800001,0.3001830384380719,Large (>96²),0.5282,0.46835000000000004
obstacle,35540.60640000001,1.2755811167026114,Large (>96²),0.16635624999999998,0.60421875
obstacle,121606.48947199997,0.6479115116150238,Large (>96²),0.23659375,0.4634625
obstacle,29123.884608000004,0.3271308684344585,Large (>96²),0.48395625000000014,0.46786875000000006
obstacle,59994.43648000001,0.6162504486949387,Large (>96²),0.32041875000000003,0.4918125
obstacle,79735.98617599999,0.7100601604278073,Large (>96²),0.5657062500000001,0.47363750000000004
obstacle,25327.28447999999,0.39262315736424336,Large (>96²),0.78655625,0.46407500000000007
obstacle,35012.30848000002,0.31340354236476803,Large (>96²),0.7328,0.5523374999999999
obstacle,76406.05888000001,0.4993046750378339,Large (>96²),0.15931875,0.5492000000000001
obstacle,30789.63776,1.3898414404729906,Large (>96²),0.43934999999999996,0.5423687500000001
obstacle,71691.80198400002,1.4943569889331236,Large (>96²),0.37398750000000003,0.59041875
obstacle,31089.968575999992,0.3429338151287296,Large (>96²),0.8825937499999998,0.5916937499999999
obstacle,91349.787904,1.0942795436925463,Large (>96²),0.46356875,0.5915874999999999
obstacle,59182.959359999986,0.9834012718082503,Large (>96²),0.429825,0.5285437500000001
obstacle,28903.14739199999,0.44360171749145944,Large (>96²),0.9115375,0.5532687500000001
obstacle,49883.58144,0.9303161167731906,Large (>96²),0.4000375,0.6133312500000001
obstacle,39817.90796800002,0.5662181730421146,Large (>96²),0.8826812500000001,0.63225
obstacle,37795.01439999999,1.5025472887767972,Large (>96²),0.186175,0.54051875
obstacle,43253.4816,1.8285565669700907,Large (>96²),0.7802875,0.47118125000000005
obstacle,12292.197631999996,0.5781850104246679,Large (>96²),0.9341375,0.7485875
obstacle,33193.865984000004,0.6144632223866728,Large (>96²),0.16150000000000003,0.67966875
obstacle,29237.165760000004,0.758526547410456,Large (>96²),0.11634375000000001,0.51489375
obstacle,40988.04326400001,0.6744986045304083,Large (>96²),0.13086250000000002,0.62665
obstacle,20806.920576,0.2045095432770686,Large (>96²),0.05096250000000001,0.51523125
obstacle,16378.875199999995,0.9405880569869653,Large (>96²),0.5780312500000001,0.48153125
obstacle,40776.386048,0.5413630268757653,Large (>96²),0.6983375,0.552825
obstacle,27778.420480000004,0.8565970679697914,Large (>96²),0.33430000000000004,0.5795
obstacle,12767.967360000015,0.4384903891233008,Large (>96²),0.52134375,0.5561125
obstacle,48603.35462399999,0.6133340911674432,Large (>96²),0.6973874999999999,0.54835
obstacle,23908.099263999997,0.7511322362225912,Large (>96²),0.31431875,0.57600625
obstacle,17182.462592000014,0.5911501102716907,Large (>96²),0.4825875,0.53891875
obstacle,34959.699327999995,0.84355719731206,Large (>96²),0.3043,0.5380687500000001
obstacle,65680.39731199999,0.6997597660330059,Large (>96²),0.7463374999999999,0.5058374999999999
obstacle,20731.07494400001,0.6514934074804919,Large (>96²),0.50151875,0.5356375
obstacle,48587.815231999986,0.7484379415366257,Large (>96²),0.50859375,0.52788125
obstacle,30245.089920000002,0.5979440116672003,Large (>96²),0.7468625000000001,0.52718125
obstacle,25679.774207999984,0.25302596554668255,Large (>96²),0.937025,0.5011125
obstacle,82469.49759999997,0.6985331781140858,Large (>96²),0.7538625,0.553675
obstacle,15111.357120000004,0.6739862157397021,Large (>96²),0.21346875000000004,0.54840625
obstacle,58958.73100800002,0.3855406898244753,Large (>96²),0.8822125,0.5618000000000001
obstacle,15539.473023999992,0.6865362118472825,Large (>96²),0.33278125,0.5699625
obstacle,23234.043840000013,0.7368112808037122,Large (>96²),0.7752937500000001,0.49108125
obstacle,32508.699647999998,0.249075488828362,Large (>96²),0.23258750000000003,0.57641875
obstacle,112099.20000000001,0.5138306071765008,Large (>96²),0.8125,0.48990625000000004
obstacle,16138.918656000002,0.2636616439242062,Large (>96²),0.05096250000000001,0.5778625
obstacle,65566.48511999998,0.6835076843600675,Large (>96²),0.16538750000000002,0.60158125
obstacle,123104.892864,1.065572998799633,Large (>96²),0.29545625000000003,0.56041875
obstacle,123790.0032,1.4087547903060402,Large (>96²),0.5060625000000001,0.5703374999999999
obstacle,93858.01228800001,1.501343827990017,Large (>96²),0.70673125,0.5777375
obstacle,48753.166528000016,1.3720239358316006,Large (>96²),0.79669375,0.58543125
obstacle,50721.74687999999,1.237660541394981,Large (>96²),0.7811937500000001,0.6158812499999999
obstacle,66374.330176,0.5638042388491221,Large (>96²),0.18479375,0.42905625000000003
obstacle,63745.042816000016,0.6140686298852859,Large (>96²),0.23149375,0.45021249999999996
obstacle,109103.443456,0.8331970021886674,Large (>96²),0.24323749999999994,0.41151875000000004
obstacle,58664.005504000015,0.5494050825050188,Large (>96²),0.14025625000000003,0.3802875
obstacle,98974.4576,0.7187668427293304,Large (>96²),0.20837499999999998,0.41490625000000003
obstacle,105178.69088000002,0.7257234118561793,Large (>96²),0.22256875000000004,0.43910625000000003
obstacle,49628.95084800002,1.4556128417312943,Large (>96²),0.33978125000000003,0.41440625000000003
obstacle,17953.126784000007,0.3901838660351321,Large (>96²),0.06538750000000002,0.46800625
obstacle,89088.35430400002,0.4148956373116034,Large (>96²),0.8434625,0.48701875
obstacle,105642.71078400001,0.5340960192830035,Large (>96²),0.810575,0.48909375
obstacle,50113.312704,0.575662265122963,Large (>96²),0.13269375,0.45506875
obstacle,32293.94688,0.8297648012976477,Large (>96²),0.8721125000000001,0.638175
obstacle,23128.649984,0.933177498856649,Large (>96²),0.6294625,0.56163125
obstacle,91023.32620800004,0.4724956255468068,Large (>96²),0.8379687500000002,0.5032500000000001
obstacle,33241.11539200001,0.5265872763166273,Large (>96²),0.1033625,0.4335125000000001
obstacle,22325.403648000003,0.3678638695849841,Large (>96²),0.0708,0.45303750000000004
obstacle,89502.57049600001,0.6953574454800875,Large (>96²),0.7843250000000002,0.5947125
obstacle,29196.19392,0.5943331528604946,Large (>96²),0.11151250000000001,0.46530625
obstacle,114742.656,0.5360168758861569,Large (>96²),0.80625,0.5116125
obstacle,36461.78304,0.5891054087079555,Large (>96²),0.11915,0.37102500000000005
obstacle,74717.40057600001,0.37222341261338476,Large (>96²),0.8697125,0.49805
obstacle,23684.997504000003,0.5558871405317418,Large (>96²),0.18675625,0.37334999999999996
obstacle,34971.21126400003,0.23401349281900596,Large (>96²),0.9293250000000001,0.5229874999999999
obstacle,56962.31577599999,0.42556634304207114,Large (>96²),0.8783625,0.4911
obstacle,22791.06816,0.6242672919109025,Large (>96²),0.6451125,0.48630000000000007
obstacle,80047.27168,0.8420601971977164,Large (>96²),0.65955625,0.5898875
obstacle,80723.39884800001,0.6632346533972348,Large (>96²),0.8192187500000001,0.5918687499999999
obstacle,38276.785919999995,0.8392582880689269,Large (>96²),0.177525,0.43316875
obstacle,57113.12332800001,0.7909732352853615,Large (>96²),0.5189375,0.6647437500000001
obstacle,41267.620224000006,0.6389649636415148,Large (>96²),0.12686250000000002,0.44953125000000005
obstacle,58833.484032000015,0.405536535674529,Large (>96²),0.12067500000000002,0.43895625000000005
obstacle,40733.946624,0.259274209825213,Large (>96²),0.08028750000000001,0.5462
obstacle,84961.20576,0.6979890394625208,Large (>96²),0.19024999999999997,0.40051875
obstacle,59636.994496000014,0.7053401931383606,Large (>96²),0.16024375,0.4785937500000001
obstacle,83131.18540800002,0.4844060792151865,Large (>96²),0.27696250000000006,0.44943125000000006
obstacle,99219.16313600002,0.46578381751369335,Large (>96²),0.47563750000000005,0.48557500000000003
obstacle,29682.432,0.364390626751878,Large (>96²),0.08125,0.45780000000000004
obstacle,72170.73408000002,0.5576161885701579,Large (>96²),0.15672500000000003,0.44105000000000005
obstacle,39760.81670399998,0.2202285692768248,Large (>96²),0.67133125,0.45695625
obstacle,99561.1104,0.8164719358533793,Large (>96²),0.33976875,0.45218749999999996
obstacle,55776.446207999994,0.28236374109007123,Large (>96²),0.8211312500000002,0.4998875
obstacle,80723.41120000002,0.4276533844000884,Large (>96²),0.15478125,0.46442500000000003
obstacle,69639.0912,0.5836170360591953,Large (>96²),0.7003875,0.49248125
obstacle,20252.59878399999,0.32083041457046396,Large (>96²),0.937025,0.596025
obstacle,114505.97196800001,0.529149755795556,Large (>96²),0.80769375,0.49426250000000005
obstacle,9614.211327999996,0.6038166487034801,Large (>96²),0.6183624999999999,0.65819375
obstacle,30599.212159999992,1.1155926963578398,Large (>96²),0.21743124999999996,0.534075
obstacle,39925.796544,1.832059827670298,Large (>96²),0.21801875,0.49909374999999995
obstacle,35268.542720000005,1.4698135619480455,Large (>96²),0.17787500000000003,0.46936875
obstacle,35726.522496,1.4121818730510007,Large (>96²),0.17548124999999998,0.466125
obstacle,108226.36159999999,0.4713021702838062,Large (>96²),0.82355625,0.499375
obstacle,70271.15827200002,0.8621868519867734,Large (>96²),0.1951875,0.4125375
obstacle,70058.56947199999,0.8519221112536964,Large (>96²),0.1908625,0.3490375
obstacle,109016.94003200001,0.5474069160855458,Large (>96²),0.3120375,0.52509375
obstacle,92318.04684800003,0.6017115313916916,Large (>96²),0.36393125000000004,0.45360000000000006
obstacle,17795.375999999993,0.3013662551440328,Large (>96²),0.9427875,0.51110625
obstacle,44310.121664,0.6620179968459136,Large (>96²),0.14791875,0.39403125
obstacle,123039.316608,0.6828050205420075,Large (>96²),0.22644375,0.47028749999999997
obstacle,46652.256000000016,1.3785605566427483,Large (>96²),0.8006250000000001,0.5610937500000001
obstacle,55123.492095999994,0.6987866013444227,Large (>96²),0.76199375,0.46230000000000004
obstacle,42394.64448000002,0.8166783707865171,Large (>96²),0.79151875,0.4210375
obstacle,15533.440000000002,0.6963042313872522,Large (>96²),0.08125,0.38138750000000005
obstacle,53047.435968,0.8078736224282723,Large (>96²),0.80404375,0.47288125000000003
obstacle,43072.55648,0.7286696719423511,Large (>96²),0.7558312500000001,0.53986875
obstacle,47675.700672,1.1121285885398555,Large (>96²),0.62316875,0.38488125
obstacle,42341.173504,1.058190689489682,Large (>96²),0.5721437500000001,0.47257499999999997
obstacle,26489.280000000006,0.5436161345268726,Large (>96²),0.90625,0.43619375000000005
obstacle,28656.577152,0.6654844057211149,Large (>96²),0.7453875,0.51211875
obstacle,24992.804480000003,0.5643199270128486,Large (>96²),0.90595625,0.5105625
obstacle,23461.771776,0.7783614413418114,Large (>96²),0.6546125,0.5412874999999999
obstacle,38244.379392,0.3315666737333052,Large (>96²),0.08797500000000001,0.44909374999999996
obstacle,52901.62521600001,0.5937659135375626,Large (>96²),0.1384625,0.37256875
obstacle,31737.997632000002,0.44906864072703195,Large (>96²),0.09328125000000001,0.33269375
obstacle,80775.30816000002,0.3802134860713356,Large (>96²),0.13691250000000002,0.48509375000000005
obstacle,72412.34790400001,0.32000269079412064,Large (>96²),0.23527500000000004,0.4966375
obstacle,95808.636352,0.5966779133143005,Large (>96²),0.20218125000000003,0.45906874999999997
obstacle,47045.470848,0.5394847343754234,Large (>96²),0.757275,0.44621875
obstacle,16929.789248000005,0.3165669215069016,Large (>96²),0.42743125000000004,0.35298125
obstacle,24427.436544,0.5776921879863054,Large (>96²),0.40814374999999997,0.320125
obstacle,29191.721279999998,0.39278692373154916,Large (>96²),0.08365625,0.33798125
obstacle,47837.11641599997,0.2839323302408979,Large (>96²),0.8224125000000001,0.5543250000000001
obstacle,36939.00454400002,0.2777789965557336,Large (>96²),0.6660625000000001,0.58681875
obstacle,63252.80960000002,0.41593156361547623,Large (>96²),0.7954062500000001,0.5460125
obstacle,76004.54783999997,0.4161206993373514,Large (>96²),0.8610625000000001,0.5398625000000001
obstacle,69510.32479999997,0.3176788493441193,Large (>96²),0.8839062500000001,0.50954375
obstacle,108970.52774399999,0.4860942146526088,Large (>96²),0.68846875,0.49933750000000005
obstacle,43836.633984,0.5685557060128498,Large (>96²),0.7944875,0.6323187499999999
obstacle,24036.61632000001,0.542193852350013,Large (>96²),0.11081250000000001,0.63359375
obstacle,30390.364415999993,0.6468590831918507,Large (>96²),0.31435,0.606625
obstacle,45068.757439999994,0.6987872105843441,Large (>96²),0.29826874999999997,0.56889375
obstacle,62990.400896000036,1.0059784519965471,Large (>96²),0.26781250000000006,0.6131562500000001
obstacle,87365.94304000001,0.7885881843964813,Large (>96²),0.2156375,0.5524625000000001
obstacle,99627.52831999998,0.5596109362557354,Large (>96²),0.18448124999999999,0.5088250000000001
obstacle,59829.93254399999,0.3119131991378364,Large (>96²),0.893275,0.5251375000000001
obstacle,78089.75679999999,0.38838537020517394,Large (>96²),0.13606875,0.5150750000000001
obstacle,45145.215488,0.8394508072305779,Large (>96²),0.2367,0.6120875
obstacle,22407.70688,0.6465835840137518,Large (>96²),0.3075,0.61995
obstacle,27002.364799999992,0.6710269192422729,Large (>96²),0.6323375,0.60771875
obstacle,31460.611967999994,0.8802843722229273,Large (>96²),0.3492375,0.60423125
obstacle,31450.615104000004,0.7943151208137336,Large (>96²),0.4534437500000001,0.51955625
obstacle,25043.63187200001,0.5758401104802824,Large (>96²),0.10919375000000002,0.545725
obstacle,64896.519936000004,0.5524356370935741,Large (>96²),0.2530375,0.49185625
obstacle,54446.82956800001,0.7815834141610086,Large (>96²),0.42173750000000004,0.5755375
obstacle,61702.971648,0.46965215855919484,Large (>96²),0.13299375,0.40817499999999995
obstacle,68419.63008,0.554212204007286,Large (>96²),0.15213125,0.40435
obstacle,70179.08479999998,0.9741877794336811,Large (>96²),0.20812499999999998,0.387425
obstacle,41232.88627200001,0.41279805599149505,Large (>96²),0.10192500000000002,0.42712500000000003
obstacle,52333.19481600002,0.571047276763299,Large (>96²),0.30333125,0.4106187500000001
obstacle,55935.21907200001,0.3969481917183471,Large (>96²),0.1164125,0.41826875
obstacle,74624.176256,0.6947543144482146,Large (>96²),0.17788750000000003,0.38240625
obstacle,80623.640064,0.6714688091610104,Large (>96²),0.18177500000000002,0.41198750000000006
obstacle,42872.654719999984,0.27671639364253475,Large (>96²),0.9149062499999999,0.48095
obstacle,57025.69632000005,0.35435237810350007,Large (>96²),0.8889312500000001,0.44043125000000005
obstacle,52007.10400000001,0.4442470013327409,Large (>96²),0.11875,0.39230625
obstacle,61998.26252799999,0.27974713659382106,Large (>96²),0.8971125000000001,0.49278750000000004
obstacle,74396.10662400002,0.5780964274564027,Large (>96²),0.8379687500000002,0.4947375
obstacle,142433.5744,0.6202671118530884,Large (>96²),0.7677875000000001,0.499375
obstacle,49089.720575999985,0.4744211494938942,Large (>96²),0.8807750000000001,0.59773125
obstacle,49581.391616000044,0.454719449559066,Large (>96²),0.8826812500000001,0.6070125000000001
obstacle,47798.67199999999,0.5071530944625406,Large (>96²),0.8783625,0.5936937500000001
person,24199.1793629135,0.31410315769978714,Large (>96²),0.12686746987951808,0.46003514056224903
person,18246.961792612354,0.2737376177820731,Large (>96²),0.34928849902534115,0.5369621101364522
person,25754.61030744502,0.3176480897301086,Large (>96²),0.1505847953216374,0.5503051900584796
person,29346.16569504036,0.36205756600696437,Large (>96²),0.21680392156862743,0.5474411764705882
person,11222.67399094798,0.3358373535492762,Large (>96²),0.47959645669291334,0.39493110236220474
person,14611.996759533371,0.40499065919402166,Large (>96²),0.5012871287128713,0.40192883663366336
person,19935.27930014704,0.3563926695959704,Large (>96²),0.27773267326732676,0.37050309405940596
person,20376.96168225381,0.5337194337194335,Large (>96²),0.694557956777996,0.39550282416502947
person,73515.86546875001,0.8119975905116011,Large (>96²),0.7823925781250001,0.46162597656249993
person,39037.79039062501,0.6428263460904411,Large (>96²),0.672724609375,0.41907714843750005
person,31394.520703125003,0.5780990183983264,Large (>96²),0.7002490234375,0.408623046875
person,114683.722421875,0.5918868647858128,Large (>96²),0.7964550781249999,0.3438916015625
person,75252.98906250001,1.1870128580648363,Large (>96²),0.75107421875,0.196708984375
person,85156.640625,0.4449,Large (>96²),0.1520654296875,0.341796875
person,30081.099609374996,0.5713079479217738,Large (>96²),0.1024169921875,0.405830078125
person,42321.090210180424,0.5673955161915306,Large (>96²),0.7204724409448818,0.3405954724409449
person,121677.23734185369,0.9390794223826715,Large (>96²),0.4911675126903553,0.548835659898477
person,38314.684511748084,0.9164509867356843,Large (>96²),0.4995994832041343,0.5243531976744185
person,54714.466336460566,0.957490292254241,Large (>96²),0.6087150127226463,0.5900739503816792
person,86116.92893378228,0.49592770710518175,Large (>96²),0.7515782828282829,0.330145202020202
person,106763.3192981586,1.1314904437699942,Large (>96²),0.7272047244094487,0.4662204724409449
person,211900.62200000003,1.1068702290076333,Large (>96²),0.384859375,0.527953125
person,41191.13280000001,0.41078759552832694,Large (>96²),0.4623125,0.47267187499999996
person,66578.14319999999,0.3535348880081112,Large (>96²),0.48429687499999996,0.47184375
person,71376.0,0.30979166666666663,Large (>96²),0.5583281250000001,0.5
person,97139.16000000002,0.4251464435146444,Large (>96²),0.677140625,0.4984375
person,48155.799999999996,0.32488311688311683,Large (>96²),0.61971875,0.42578125
person,62721.549999999996,0.4520268456375839,Large (>96²),0.632828125,0.416015625
person,43556.4108,0.2758846328081744,Large (>96²),0.687203125,0.43542187499999996
person,58936.09920000001,0.3775055679287306,Large (>96²),0.8834687499999999,0.43740625
person,33654.920399999995,0.3387905323941873,Large (>96²),0.901140625,0.44673437499999996
person,51358.994399999996,0.3918351563363162,Large (>96²),0.882984375,0.4455937500000001
person,29679.493199999997,0.3378770497334503,Large (>96²),0.45323437499999997,0.424265625
person,48308.277600000016,0.354480442084733,Large (>96²),0.38345312500000006,0.4134062500000001
person,49982.05,0.3602147651006712,Large (>96²),0.224609375,0.416015625
person,48055.502400000005,0.3270203996452236,Large (>96²),0.20340625,0.4244843749999999
person,83707.94320000002,0.4708058625432814,Large (>96²),0.30871875000000004,0.454453125
person,71594.4,0.3383478260869565,Large (>96²),0.64503125,0.484375
person,132254.96959999998,0.5841039004707466,Large (>96²),0.6481406249999999,0.4967499999999999
person,108696.43840000001,0.4834654968786906,Large (>96²),0.27153124999999995,0.4954375000000001
person,48851.6,0.40121510861466153,Large (>96²),0.17709375,0.42495312500000004
person,26163.7072,0.3458154584454301,Large (>96²),0.18109375,0.434921875
person,36246.05,0.28985917086137664,Large (>96²),0.18942187500000002,0.442484375
person,68109.3,0.3726783625730994,Large (>96²),0.26246875,0.458984375
person,78320.51999999999,0.4431493815413893,Large (>96²),0.329109375,0.4736249999999999
person,69834.91679999999,0.35530292777552225,Large (>96²),0.25978124999999996,0.4713593749999999
person,55077.047999999995,0.8152508464142815,Large (>96²),0.505046875,0.4231249999999999
person,71987.4512,0.8103066496678523,Large (>96²),0.3670625,0.41385937500000003
person,68218.40439999997,0.31101336635777427,Large (>96²),0.33254687499999996,0.4908906249999999
person,93232.53999999998,0.42603676784950834,Large (>96²),0.430453125,0.49046874999999995
person,80270.0052,0.43127346900931807,Large (>96²),0.6241406250000001,0.462015625
person,68670.7728,0.7107193411401365,Large (>96²),0.69865625,0.36784374999999997
person,35987.9444,0.48167117875173787,Large (>96²),0.5338593749999999,0.33854687499999997
person,12895.068000000001,0.8579119086460033,Large (>96²),0.510578125,0.22078125
person,73756.9664,0.394413097770789,Large (>96²),0.5876875,0.46284375000000005
person,99674.45280000001,0.4727763742486278,Large (>96²),0.62921875,0.4837187500000001
person,63936.07920000004,0.35360519260618045,Large (>96²),0.7714375,0.47610937500000006
person,78462.4,0.39622471910112356,Large (>96²),0.82265625,0.47265625
person,94563.86519999999,0.42206447796509916,Large (>96²),0.447734375,0.4947968749999999
person,96532.85159999998,0.491135471647043,Large (>96²),0.674015625,0.4713593749999999
person,99611.17839999999,0.528942759701355,Large (>96²),0.486609375,0.46434375
person,114266.2248,0.623137639531082,Large (>96²),0.26487499999999997,0.459546875
person,28797.532800000004,0.6736312633004451,Large (>96²),0.578875,0.6262187499999999
person,44706.41640000001,0.3155853127158723,Large (>96²),0.629265625,0.5023593749999999
person,113394.66880000003,0.5497621983441958,Large (>96²),0.4606875,0.4798125000000001
person,46113.97560000001,0.3811741705479847,Large (>96²),0.849671875,0.542546875
person,93974.22400000002,0.43334478611922345,Large (>96²),0.8399375000000001,0.48881250000000004
person,46028.547600000005,0.49759978957059264,Large (>96²),0.504953125,0.47720312499999995
person,21173.744799999993,0.5121975211489278,Large (>96²),0.478515625,0.390625
person,26894.85119999999,0.36309523809523775,Large (>96²),0.760765625,0.562875
person,99580.67200000002,0.5047730547550431,Large (>96²),0.693375,0.4720000000000001
person,142103.654,0.6327495252162905,Large (>96²),0.630953125,0.495234375
person,61364.37599999998,0.3412092058102245,Large (>96²),0.270609375,0.47715625
person,88365.42959999997,0.43660531697341504,Large (>96²),0.18379687499999997,0.47646875
person,96635.61880000001,0.6151788868143513,Large (>96²),0.5121718749999999,0.5653593750000001
person,81672.33000000002,0.8827010322835162,Large (>96²),0.550671875,0.462109375
person,194985.75999999998,0.8533891213389121,Large (>96²),0.6528124999999999,0.4984375
person,95312.71800000001,0.4961441934747891,Large (>96²),0.315140625,0.467421875
person,170309.54999999996,0.850458100558659,Large (>96²),0.5282031249999999,0.5254218749999999
person,168744.6912,0.8607823651639714,Large (>96²),0.593125,0.52596875
person,154495.90240000002,0.7967117812698702,Large (>96²),0.59115625,0.52784375
person,167678.9904,0.8535715897297053,Large (>96²),0.58040625,0.5256093749999999
person,166007.93760000003,0.8395250517225872,Large (>96²),0.5866250000000001,0.5244687499999999
person,169807.80320000002,0.8401993059880772,Large (>96²),0.6094062499999999,0.52065625
person,162627.6592,0.8127514978091747,Large (>96²),0.61890625,0.5224062500000001
person,135904.50920000003,0.6665633166496877,Large (>96²),0.571078125,0.5157031250000002
person,156939.9748,0.77494333585174,Large (>96²),0.6161406250000001,0.520328125
person,146072.892,0.7360599802460267,Large (>96²),0.618484375,0.5238437499999999
person,118818.6264,0.6045745736713886,Large (>96²),0.5584843749999999,0.52553125
person,130146.35480000002,0.6352790420220052,Large (>96²),0.5228906249999999,0.518234375
person,89190.9248,0.584476756092566,Large (>96²),0.2898125,0.5666875
person,74602.74359999999,0.5941750860755205,Large (>96²),0.305578125,0.5950468750000001
person,65901.76640000001,0.5446757129714813,Large (>96²),0.344515625,0.5966250000000001
person,64733.99760000002,0.5490127555477896,Large (>96²),0.42340625000000004,0.605484375
person,138189.7152,0.641416752843847,Large (>96²),0.38753125,0.5123749999999999
person,193546.38479999997,0.9015409850217985,Large (>96²),0.3601875,0.486953125
person,50399.25000000002,0.3632214765100673,Large (>96²),0.889109375,0.5840156249999999
person,162690.41160000002,0.8214911689362274,Large (>96²),0.608765625,0.5213593750000001
person,73707.59999999999,0.3225941422594142,Large (>96²),0.87953125,0.4984375
person,59607.93600000001,0.41806144067796613,Large (>96²),0.159953125,0.42000000000000004
person,84903.76520000001,0.38152372069360246,Large (>96²),0.859390625,0.493546875
person,77352.5788,0.38772220480902697,Large (>96²),0.5938593750000001,0.526015625
person,77024.976,0.5158902691511388,Large (>96²),0.45676562499999995,0.54440625
person,38312.4924,0.3237978952264666,Large (>96²),0.29276562500000003,0.525515625
person,127884.12000000001,0.5597071129707113,Large (>96²),0.6923281250000001,0.4984375
person,48124.164400000016,0.39012584704743475,Large (>96²),0.43195312500000005,0.432703125
person,42217.848,0.49650205761316857,Large (>96²),0.491015625,0.4386875
person,45526.52279999999,0.5004310059014653,Large (>96²),0.49679687499999997,0.431046875
person,67600.30320000001,0.3277988196952348,Large (>96²),0.565921875,0.47978125
person,110484.92,0.4835564853556485,Large (>96²),0.646203125,0.4984375
person,121230.36,0.5305857740585774,Large (>96²),0.443171875,0.4984375
person,165798.0576,1.1737441464452958,Large (>96²),0.512640625,0.5813750000000001
person,197700.00000000003,1.4058666666666668,Large (>96²),0.49828125000000006,0.58203125
person,163885.11359999998,1.289352630988444,Large (>96²),0.56665625,0.59103125
person,176245.43039999995,1.3831801882563877,Large (>96²),0.611140625,0.5876249999999998
person,171493.912,0.9634510547523111,Large (>96²),0.39484375000000005,0.525109375
person,108720.00319999999,0.860357826038033,Large (>96²),0.23893749999999997,0.59728125
person,61681.35,0.5930542635658914,Large (>96²),0.14942187499999998,0.6230781249999999
person,82246.11600000002,1.191777693186144,Large (>96²),0.30812500000000004,0.657453125
person,110766.17839999998,1.0292019752484303,Large (>96²),0.53978125,0.6187343750000001
person,133285.2292,0.9651256660029063,Large (>96²),0.42601562499999995,0.584671875
person,169923.3552,0.8645283529570983,Large (>96²),0.6380625,0.5286406250000001
person,109002.18160000001,1.05890786684952,Large (>96²),0.44942187499999997,0.6243437500000001
person,83878.4424,0.7996171421514142,Large (>96²),0.532328125,0.62196875
person,51695.6,0.6946480938416422,Large (>96²),0.571390625,0.661875
person,59379.649999999994,0.8298317757009346,Large (>96²),0.306078125,0.666015625
person,56984.41279999999,1.3201771274547554,Large (>96²),0.2984375,0.7126875
person,92262.52160000001,0.8087399336807202,Large (>96²),0.31934375,0.611125
person,87571.65000000001,0.841984496124031,Large (>96²),0.362046875,0.6230781249999999
person,113818.3752,0.7580778362754208,Large (>96²),0.515046875,0.55278125
person,165419.12279999998,0.8373756918507853,Large (>96²),0.344515625,0.520546875
person,173727.08640000006,0.8506372809346787,Large (>96²),0.685734375,0.5050000000000001
person,100628.41999999998,0.5325756878623356,Large (>96²),0.798265625,0.5152187500000001
person,83142.89280000002,0.7250177179305458,Large (>96²),0.5801875000000001,0.6073125
person,29017.4504,0.3981035632269057,Large (>96²),0.08396875000000001,0.664046875
person,30821.929200000006,0.687990172918832,Large (>96²),0.30807812500000004,0.7096406249999999
person,28404.741600000005,0.6898285038438794,Large (>96²),0.354671875,0.7111875
person,30297.465599999996,0.6029621698786581,Large (>96²),0.43346875,0.699875
person,25900.6,0.46717064469548975,Large (>96²),0.51090625,0.686984375
person,21044.999200000006,0.435367961430001,Large (>96²),0.50528125,0.658109375
person,10478.051999999998,0.595927601809955,Large (>96²),0.341546875,0.45856250000000004
person,9039.624000000002,0.7940018744142454,Medium,0.31009374999999995,0.450984375
person,18648.777200000004,0.339592045745498,Large (>96²),0.450484375,0.629765625
person,26471.846399999995,0.39117398323979397,Large (>96²),0.5296875,0.6622343749999999
person,24709.99440000001,0.3452194064438962,Large (>96²),0.503625,0.660640625
person,36205.48959999999,0.6443638204522445,Large (>96²),0.411328125,0.68128125
person,56426.6536,0.9847105021305038,Large (>96²),0.272875,0.688015625
person,34551.8656,0.7318667157584685,Large (>96²),0.287671875,0.70525
person,36636.6,0.5581576893052304,Large (>96²),0.59265625,0.67484375
person,133775.488,0.7194805194805196,Large (>96²),0.5922812500000001,0.538125
person,136884.354,1.0049856391914593,Large (>96²),0.48435937500000004,0.5866718750000001
person,147331.492,0.7222246822831333,Large (>96²),0.25484375,0.522109375
person,87312.0204,0.7627238872140448,Large (>96²),0.478921875,0.6106718750000001
person,95667.14080000004,0.9275127662224436,Large (>96²),0.62615625,0.61421875
person,126792.4992,0.846849640771179,Large (>96²),0.70546875,0.5727343749999999
person,195161.76,1.0409237875288684,Large (>96²),0.352125,0.53359375
person,64793.92512000002,0.4503216281767373,Large (>96²),0.59595,0.57740625
person,62485.25920000001,0.4684043368743838,Large (>96²),0.60095625,0.58840625
person,67551.45024,0.3725552820936742,Large (>96²),0.535475,0.53943125
person,90615.08121599999,0.39430602606678566,Large (>96²),0.47939999999999994,0.50048125
person,89248.28716800001,0.40903252324924216,Large (>96²),0.45600625000000006,0.50814375
person,105358.55308800002,0.5908608669293726,Large (>96²),0.5458875,0.5438500000000001
person,98009.48864000003,0.4297895865442606,Large (>96²),0.5199562500000001,0.49807500000000005
person,92892.8,0.4798181818181818,Large (>96²),0.5091,0.53125
person,93810.1136,0.47135299919304224,Large (>96²),0.47869375000000003,0.52521875
person,56994.17216000002,0.47596809617385266,Large (>96²),0.507525,0.6034187500000001
person,60525.92000000002,0.45681318681318683,Large (>96²),0.6068187500000001,0.5819750000000001
person,64527.338176000005,0.45988082779830425,Large (>96²),0.6413062500000001,0.58109375
person,41942.9504,0.4566812734280135,Large (>96²),0.60365,0.6295875
person,34450.078399999984,0.4593789255353334,Large (>96²),0.6636562500000001,0.66105625
person,24629.997952,0.45015219398748235,Large (>96²),0.6255375000000001,0.68946875
person,12504.411903999997,0.3029849570764747,Large (>96²),0.42883750000000004,0.7095625
person,18789.517888000006,0.44212037719740793,Large (>96²),0.4335937500000001,0.71394375
person,21292.264448000005,0.4603824120229152,Large (>96²),0.520875,0.7069875
person,28773.148800000003,0.47250859106529225,Large (>96²),0.61851875,0.6822125
person,39175.002239999994,0.4399345862041231,Large (>96²),0.6256375000000001,0.6417937499999999
person,56644.82278400005,0.46038407152305827,Large (>96²),0.7415500000000002,0.6009625
person,80016.220608,0.45829105320595037,Large (>96²),0.8361562500000002,0.54856875
person,117265.91999999998,0.5089666666666666,Large (>96²),0.8091375,0.5
person,119871.58643200007,0.5297332750327943,Large (>96²),0.63051875,0.4966375
person,109794.442368,0.4852006323366183,Large (>96²),0.26493124999999995,0.4966375
person,140036.73600000003,0.6285762711864408,Large (>96²),0.24428750000000005,0.49375
person,55410.439936,0.46297752289334937,Large (>96²),0.32295625,0.43550000000000005
person,24165.00864000001,0.3216297463736392,Large (>96²),0.4869,0.59163125
person,27350.96703999999,0.3131835408770979,Large (>96²),0.5030687500000001,0.5133625
person,35612.926272,0.3910346472974047,Large (>96²),0.54530625,0.45173125000000003
person,42014.83071999998,0.3529098075585439,Large (>96²),0.51533125,0.4939
person,39750.632640000025,0.31741833389849666,Large (>96²),0.5103312500000001,0.43986875000000014
person,47730.43430400001,0.30484007925275974,Large (>96²),0.48366250000000005,0.4341375
person,36199.270527999994,0.34247889957922195,Large (>96²),0.44178750000000006,0.5008062499999999
person,26340.445440000007,0.3885031338331081,Large (>96²),0.55404375,0.5167625
person,48403.24608000001,0.4935370152761458,Large (>96²),0.43886250000000004,0.49860000000000004
person,44547.77766400001,0.3620150972656161,Large (>96²),0.525175,0.50189375
person,45101.211648000026,0.32235435024381903,Large (>96²),0.4624625000000001,0.4741250000000001
person,37329.901440000016,0.3227711126793696,Large (>96²),0.46266875,0.5189250000000001
person,37614.79923199999,0.36337867071139063,Large (>96²),0.5279,0.50056875
person,40153.52217600001,0.313830738951512,Large (>96²),0.27038750000000006,0.42921250000000005
person,44368.05990400001,0.3069736122217078,Large (>96²),0.6959875,0.480875
person,78878.70495999996,0.40403034527710874,Large (>96²),0.6894937499999999,0.47019374999999997
person,50038.946560000004,0.49435489954487155,Large (>96²),0.5065250000000001,0.37355625000000003
person,59537.95724800002,0.48389818911645316,Large (>96²),0.54221875,0.39903750000000004
person,44449.53856,0.47326929100971077,Large (>96²),0.31812500000000005,0.364425
person,31480.3584,0.34622731614135627,Large (>96²),0.34117500000000006,0.360575
person,32781.404160000006,0.3476357952325127,Large (>96²),0.3901375,0.36489375000000007
person,32658.572160000014,0.3463332030741176,Large (>96²),0.35423750000000004,0.36489375000000007
person,38013.851264000004,0.4393374853817075,Large (>96²),0.4528875000000001,0.35480625
person,31911.504256000007,0.3538547605093505,Large (>96²),0.52916875,0.3596125
person,41551.67820800001,0.4374675526944244,Large (>96²),0.31293125,0.36595
person,56402.62323200003,0.4732353895351533,Large (>96²),0.3968625,0.3947125
person,84864.61580800003,0.562837364539124,Large (>96²),0.38998125000000006,0.4283625000000001
person,123932.04480000002,0.7031517969434812,Large (>96²),0.31167500000000004,0.45854999999999996
person,103882.33664,0.5880505538848071,Large (>96²),0.33733124999999997,0.45336250000000006
person,31746.136063999995,0.3216868697157991,Large (>96²),0.5239375000000001,0.4622625
person,33090.474623999995,0.28312350821360033,Large (>96²),0.4842812500000001,0.4684875
person,36523.299840000014,0.348178337655922,Large (>96²),0.5082875,0.4770687500000001
person,23750.17286400001,0.2831689732327837,Large (>96²),0.58906875,0.48913124999999996
person,23510.2784,0.3102115541090316,Large (>96²),0.5609437500000001,0.46953750000000005
person,28121.22931200002,0.27049424374751907,Large (>96²),0.6200625000000001,0.4509875
person,40535.319552000015,0.30698780326713926,Large (>96²),0.49660000000000004,0.4199625000000001
person,60122.460159999995,0.4719488961111733,Large (>96²),0.6104375,0.40385625
person,72627.39302400002,0.5188051914729842,Large (>96²),0.7035750000000001,0.41730625000000005
person,71338.60608000001,0.467182573803382,Large (>96²),0.32147500000000007,0.43028750000000004
person,61408.915583999995,0.4177952131544352,Large (>96²),0.303025,0.42451875
person,50525.64140799996,0.4063570569684867,Large (>96²),0.72251875,0.40048125
person,65014.09075200002,0.47057810683999834,Large (>96²),0.49915000000000004,0.4153875
person,75326.74502400002,0.5157947622935376,Large (>96²),0.48255625,0.42355625
person,56221.81056000001,0.3421551213735939,Large (>96²),0.41989375000000007,0.4583125
person,40373.52,0.3707393939393939,Large (>96²),0.37441875,0.47487500000000005
person,30153.047808000003,0.3162762980619753,Large (>96²),0.45514375000000007,0.4703125
person,36866.24742400003,0.33387100657245367,Large (>96²),0.5626375,0.44520625
person,37028.60224,0.27921179235957033,Large (>96²),0.5207875,0.43473125
person,59827.81420800001,0.3626819515846284,Large (>96²),0.33141875,0.44230625
person,20726.051136000002,0.5857610683451709,Large (>96²),0.58890625,0.5257937500000001
person,21356.520064000008,0.5959514854414065,Large (>96²),0.487175,0.5444062500000001
person,183507.20358399997,0.9275873232850101,Large (>96²),0.44209999999999994,0.516725
person,57956.18432000001,0.72528654308759,Large (>96²),0.50425,0.6246812500000001
person,44934.27366400001,0.9018349939072469,Large (>96²),0.47734375,0.564775
person,30861.686592000002,0.3747595550723427,Large (>96²),0.23113125,0.5203562500000001
person,32672.01920000001,0.7465391969407265,Large (>96²),0.4537375,0.528875
person,18140.143296,0.7768703209256059,Large (>96²),0.42359375000000005,0.42996875
person,17077.194240000004,0.8613146980285213,Large (>96²),0.436975,0.44845625
person,29909.71660800001,0.7551553643928123,Large (>96²),0.39604999999999996,0.5035437500000001
person,17828.323967999997,0.5791801559436414,Large (>96²),0.428425,0.46485624999999997
person,46043.53459199999,0.795437919797832,Large (>96²),0.32355,0.3956875
person,43162.795776,0.9193989071038251,Large (>96²),0.47005625,0.338425
person,43381.445056000004,0.7441436665451775,Large (>96²),0.32785625000000007,0.35175625000000005
person,39374.06848,0.7595572733661277,Large (>96²),0.46588124999999997,0.39905
person,30030.7584,0.7104280155642025,Large (>96²),0.37468750000000006,0.42783750000000004
person,29661.535232000013,0.667147247410555,Large (>96²),0.7272125,0.47278125000000004
person,30661.644351999985,0.29822110226790743,Large (>96²),0.6631562499999999,0.51295625
person,24141.333504000002,0.3053374302947536,Large (>96²),0.5805374999999999,0.4889875
person,63451.78073600003,0.4654201152662826,Large (>96²),0.6515687500000001,0.41346249999999996
person,106974.12224000001,0.5130878127409071,Large (>96²),0.55321875,0.48172499999999996
person,72868.17331200003,0.31954030690879853,Large (>96²),0.48363750000000005,0.49807500000000005
person,72756.015552,0.3546461310207182,Large (>96²),0.69761875,0.48076875
person,62099.423231999994,0.362399505256648,Large (>96²),0.7008500000000001,0.4484
person,38239.231872000004,0.2544055135982832,Large (>96²),0.54148125,0.42788750000000003
person,50097.801600000006,0.3249994905964098,Large (>96²),0.55065,0.43173125
person,46956.952192000004,0.34465419710006717,Large (>96²),0.5695875000000001,0.4183562500000001
person,95986.82688000002,0.4220078839218317,Large (>96²),0.176475,0.49759375000000006
person,42277.20806399999,0.258044114159222,Large (>96²),0.6181375,0.520075
person,49751.955775999995,0.3249238443767506,Large (>96²),0.35220625000000005,0.50954375
person,49674.64768000001,0.2948158253751706,Large (>96²),0.6195437500000001,0.52165
person,53652.65267200002,0.24464450442447638,Large (>96²),0.46258125000000005,0.4908625000000001
person,41959.627712000016,0.24636051718456206,Large (>96²),0.5921062500000001,0.51606875
person,53130.70310400001,0.2372451567096055,Large (>96²),0.4704,0.4947125
person,43781.50559999998,0.2285897084361575,Large (>96²),0.5997312499999999,0.50344375
person,47616.417408,0.24944153513751055,Large (>96²),0.36686874999999997,0.48268749999999994
person,46161.763199999994,0.27247813411078714,Large (>96²),0.53281875,0.5196375
person,42536.80211199999,0.23928429121681874,Large (>96²),0.56344375,0.5072812499999999
person,69215.558976,0.3695262389323277,Large (>96²),0.31725624999999996,0.48619375
person,89844.59699200002,0.41841755433938166,Large (>96²),0.15147500000000003,0.48701875
person,44516.37542399998,0.2571478013420753,Large (>96²),0.5605125,0.5087187500000001
person,76088.88192000001,0.36006404232362255,Large (>96²),0.1293125,0.4841375
person,42238.77964800002,0.24143141305179414,Large (>96²),0.56063125,0.510425
person,41728.67712,0.30699793859173247,Large (>96²),0.5345875,0.5408062500000002
person,118580.9152,0.5163939899833054,Large (>96²),0.194175,0.499375
person,15924.971520000008,0.16734958506224074,Large (>96²),0.50763125,0.5763125
person,39001.05216000001,0.30013315579227695,Large (>96²),0.5585625000000001,0.5258625
person,93622.31424000005,0.41267761765595085,Large (>96²),0.49106250000000007,0.49711250000000007
person,12226.129920000003,0.9625212947189098,Large (>96²),0.8164875,0.3620875
person,58932.081280000006,0.4868475511611865,Large (>96²),0.6365312500000001,0.533
person,77688.51040000001,0.3746288846336279,Large (>96²),0.13519375000000003,0.48076875
person,28963.267199999995,0.3262007678470749,Large (>96²),0.6240625,0.5587562500000001
person,27833.697664000003,0.2875067492865039,Large (>96²),0.4455,0.5482687500000001
person,54896.88191999999,0.30822891589103935,Large (>96²),0.1737375,0.49241875
person,23444.873343999992,0.45103336959191537,Large (>96²),0.2986,0.56753125
person,20450.300544,0.24494711778060807,Large (>96²),0.4985687500000001,0.55555
person,18712.680447999992,0.2321629846708746,Large (>96²),0.46003124999999995,0.569875
person,28121.865600000005,0.5531310981018273,Large (>96²),0.29295,0.56269375
person,10631.976960000005,0.5412100456621005,Large (>96²),0.34098750000000005,0.5078125
person,19729.770624000008,0.24569476596465478,Large (>96²),0.46305625000000006,0.566575
person,18125.177599999995,0.38448784082535004,Large (>96²),0.31138125,0.5226875
person,20225.64614400001,0.2587632700947147,Large (>96²),0.46325625000000004,0.5645812500000001
person,39540.203136000004,0.27173776267774,Large (>96²),0.08578125,0.5047375000000001
person,24586.084479999987,0.29414206259165987,Large (>96²),0.5760500000000001,0.5643312500000001
person,63314.00704000002,0.36783648283841114,Large (>96²),0.11922500000000003,0.490475
person,20158.002304,0.25199411664875254,Large (>96²),0.67586875,0.56135
person,80264.507328,0.3510682795429068,Large (>96²),0.17730625,0.49855625000000003
person,29494.313983999997,0.34866321927604776,Large (>96²),0.6823125000000001,0.5531875000000002
person,36413.76927999999,0.34937430306033934,Large (>96²),0.68620625,0.5426062500000001
person,141426.47372799998,0.6455356532440009,Large (>96²),0.23605625,0.49644999999999995
person,29360.770944,0.27730245365589795,Large (>96²),0.58010625,0.5505875000000001
person,106566.69254400002,0.46611119476651774,Large (>96²),0.28758125,0.49855625000000003
person,29243.132543999996,0.27817118606429975,Large (>96²),0.57815,0.54860625
person,74785.957888,0.32795014407290757,Large (>96²),0.2944625,0.49807500000000005
person,39739.09247999999,0.29704724409448835,Large (>96²),0.53583125,0.529025
person,117231.45356799998,0.5248404624473145,Large (>96²),0.26686249999999995,0.49423125
person,38888.22822400001,0.33555012454763355,Large (>96²),0.24151875,0.5361500000000001
stair,49574.227499999986,0.7430313588850175,Large (>96²),0.15189453125,0.6476171875000001
stair,75281.0859375,1.0367861947395278,Large (>96²),0.21826171875,0.379912109375
stair,72110.9296875,1.386947345338925,Large (>96²),0.2470703125,0.3966650390625
stair,65235.48005243778,1.5822069304497424,Large (>96²),0.26070175438596493,0.4147076023391813
stair,75955.25309997122,1.444239331089152,Large (>96²),0.39980544747081714,0.6615807392996109
stair,65142.73463640628,1.2263641274986499,Large (>96²),0.7791828793774319,0.6768725680933851
stair,185624.80355555553,1.7023257581515545,Large (>96²),0.4794607843137255,0.5039669117647059
stair,67189.4238773152,1.3251485592555219,Large (>96²),0.233353057199211,0.5619187623274161
stair,151609.68000000002,0.9604832620186258,Large (>96²),0.4723828125000001,0.498203125
stair,142718.7664704307,1.1844055418322417,Large (>96²),0.5224854368932038,0.5808428398058252
stair,167729.92038491095,1.3738485971413443,Large (>96²),0.4935260115606936,0.5830882707129095
stair,121265.58994109988,0.9730559223439562,Large (>96²),0.5111614173228347,0.5705068897637795
stair,28090.220758169937,0.8364719578168871,Large (>96²),0.7655392156862746,0.4199044117647059
stair,8093.430807227984,0.7806260783830413,Medium,0.5937843137254901,0.268796568627451
stair,32224.439374999998,1.0959323516547597,Large (>96²),0.6881445312500001,0.51955078125
stair,20008.73124999999,1.0719121683440067,Large (>96²),0.46011718749999997,0.28955078125
stair,27576.32312499999,0.8034545577221509,Large (>96²),0.7303906250000001,0.521494140625
stair,20638.922968749994,1.3033674381642992,Large (>96²),0.49981445312500006,0.291552734375
stair,34805.3825,1.124103146977339,Large (>96²),0.72828125,0.543974609375
stair,22775.118749999998,0.9025810513062638,Large (>96²),0.45634765625,0.28878906249999997
stair,177630.9544299089,0.8331787175989086,Large (>96²),0.6814566929133858,0.48572834645669294
stair,51439.28909022089,0.98620652055392,Large (>96²),0.24623540856031126,0.6516524805447471
stair,76812.48046875001,1.1015857988165678,Large (>96²),0.439306640625,0.4555371093750001
stair,69289.27527343752,1.6722343332616907,Large (>96²),0.35939941406250003,0.41979003906249995
stair,36190.428515625,1.593819991704686,Large (>96²),0.6766162109375,0.43877929687500006
stair,68323.649453125,1.2630532340848628,Large (>96²),0.42186523437499995,0.3550146484375
stair,69362.75499999999,1.0424500872262066,Large (>96²),0.65734375,0.39574218749999995
stair,83987.64399999999,1.3204599524187153,Large (>96²),0.639109375,0.4500937499999999
stair,81257.67640000003,1.3273785466009218,Large (>96²),0.643328125,0.451203125
stair,89349.8496,1.3168765356265355,Large (>96²),0.6533906249999999,0.45278125
stair,84736.944,1.311772112055398,Large (>96²),0.64978125,0.47071874999999996
stair,86663.14000000001,1.2770825335892517,Large (>96²),0.61928125,0.486578125
stair,113586.75200000002,1.0455703883495147,Large (>96²),0.633796875,0.60709375
stair,110956.29920000002,1.570042130604875,Large (>96²),0.641390625,0.6673125
stair,100698.40799999998,2.1123019144453608,Large (>96²),0.54203125,0.7044218750000001
stair,103795.45920000003,1.9270941054808683,Large (>96²),0.39409375,0.67090625
stair,66699.03360000001,1.115919502617801,Large (>96²),0.348578125,0.63453125
stair,40340.65400000001,0.7068229384679782,Large (>96²),0.558203125,0.570734375
stair,39865.51000000001,0.6049863654070899,Large (>96²),0.5778593750000001,0.605484375
stair,44968.672000000006,0.6328781512605041,Large (>96²),0.541390625,0.66396875
stair,75025.3972,1.6689934911800772,Large (>96²),0.36676562500000004,0.514609375
stair,77358.2,1.4623478260869562,Large (>96²),0.38695312499999995,0.51303125
stair,83973.0,1.5873913043478263,Large (>96²),0.41395312500000003,0.6953125
stair,118850.0,1.2170239999999999,Large (>96²),0.36303125,0.630859375
stair,135015.69920000003,1.0578290320774786,Large (>96²),0.41440625000000003,0.5629843750000001
stair,66004.8756,0.6695330912796992,Large (>96²),0.389515625,0.418453125
stair,57325.788,1.2779036827195462,Large (>96²),0.41589062499999996,0.53796875
stair,57753.7056,1.1504061412121753,Large (>96²),0.31684375,0.41089062500000006
stair,58290.756000000016,1.3172656398554856,Large (>96²),0.521765625,0.49321875000000004
stair,61086.56280000001,1.3482100911397163,Large (>96²),0.31226562500000005,0.642859375
stair,50625.0,0.81,Large (>96²),0.841796875,0.6796875
stair,52503.38559999999,1.4491961752653149,Large (>96²),0.7845000000000001,0.36873437499999995
stair,89034.95999999998,1.5811209439528022,Large (>96²),0.512875,0.533015625
stair,58112.28520000001,1.100252371421112,Large (>96²),0.410546875,0.619640625
stair,61744.44320000003,1.4971439826669293,Large (>96²),0.4707812500000001,0.61959375
stair,28945.089600000014,1.1089378559049268,Large (>96²),0.8600312499999999,0.5586875
stair,31986.628800000002,1.6786438713416405,Large (>96²),0.62634375,0.23415625
stair,100698.92,1.6425686591276252,Large (>96²),0.32292187499999997,0.52921875
stair,110980.42719999999,1.7029927922281414,Large (>96²),0.5223281249999999,0.52496875
stair,63105.5232,0.7962489343563514,Large (>96²),0.8248749999999999,0.63553125
stair,80819.07119999999,1.5072551390568318,Large (>96²),0.717984375,0.6198750000000001
stair,102040.8312,1.7455538092480765,Large (>96²),0.5133125,0.6327343750000001
stair,156016.97999999998,1.47799322868575,Large (>96²),0.37515625,0.576765625
stair,141472.7336,2.707673462245165,Large (>96²),0.48353124999999997,0.6717031250000001
stair,178596.63359999997,2.0428165584415585,Large (>96²),0.474515625,0.6114374999999999
stair,18365.7936,1.2408351142528353,Large (>96²),0.5604374999999999,0.699234375
stair,19349.2152,0.8753026634382566,Large (>96²),0.522265625,0.6604374999999999
stair,21051.355199999998,0.9401229617749266,Large (>96²),0.5122500000000001,0.6611874999999999
stair,21610.8064,0.8488342943093506,Large (>96²),0.5315937500000001,0.6637187499999999
stair,30561.280399999996,0.9405303450571397,Large (>96²),0.252234375,0.629078125
stair,39789.10800000001,1.0397709845619059,Large (>96²),0.677125,0.660640625
stair,51197.448000000004,1.2411619891678973,Large (>96²),0.76465625,0.662609375
stair,68750.94240000001,1.0612918434700611,Large (>96²),0.21884375,0.5999062500000001
stair,59394.63400000001,2.2659666460778256,Large (>96²),0.393359375,0.667796875
stair,73970.76959999999,1.718334297281666,Large (>96²),0.39440624999999996,0.6335
stair,60359.270000000004,2.561693811074919,Large (>96²),0.39832812500000003,0.674328125
stair,61605.684000000016,2.253538163783718,Large (>96²),0.42781250000000004,0.686765625
stair,92933.55239999999,1.2312004076581498,Large (>96²),0.43351562499999996,0.6026406249999999
stair,75741.22200000002,0.648697688030436,Large (>96²),0.826796875,0.5637968750000001
stair,38869.58480000001,1.3583589501064082,Large (>96²),0.7944531250000001,0.7428437499999999
stair,39935.0,0.3912607987980468,Large (>96²),0.90234375,0.5595000000000001
stair,46228.0184,1.1527014880655146,Large (>96²),0.8196562500000001,0.5245468750000001
stair,45646.60799999999,1.092563600782779,Large (>96²),0.82553125,0.68275
stair,47329.79999999999,0.9317596947377764,Large (>96²),0.8359375,0.666984375
stair,51816.73720000001,1.1270403880235054,Large (>96²),0.811171875,0.46401562500000004
stair,35397.00000000001,1.7431578947368422,Large (>96²),0.7812812499999999,0.763671875
stair,46470.4872,1.2965349672512152,Large (>96²),0.699609375,0.6400937499999999
stair,52809.8304,1.3503236245954695,Large (>96²),0.55921875,0.648625
stair,63850.356000000014,1.1842377260981911,Large (>96²),0.559859375,0.64234375
stair,61579.22400000001,1.4638712823013162,Large (>96²),0.7550625,0.664953125
stair,59492.82199999999,1.4816847988821238,Large (>96²),0.755390625,0.659859375
stair,65413.87599999999,1.4513424399434764,Large (>96²),0.75928125,0.667171875
stair,93432.35199999998,1.8061906436862474,Large (>96²),0.6048125000000001,0.69209375
stair,92294.28000000001,1.685555555555556,Large (>96²),0.589421875,0.6921875
stair,94547.5776,1.7663381742738589,Large (>96²),0.6088281249999999,0.69425
stair,17369.7808,0.7524022640515993,Large (>96²),0.5349375000000001,0.243703125
stair,111444.23080000003,1.3490362535662095,Large (>96²),0.512109375,0.563859375
stair,108853.06640000001,1.3713352736565627,Large (>96²),0.4336875,0.5757656250000001
stair,119154.64439999999,1.4816982861978985,Large (>96²),0.624828125,0.5601406250000001
stair,114920.2376,1.3461564788828808,Large (>96²),0.61528125,0.5569218749999999
stair,44354.2056,1.113750250551212,Large (>96²),0.682703125,0.69396875
stair,60740.79840000001,0.9463961474698033,Large (>96²),0.80878125,0.677078125
stair,70898.46160000001,1.0262517120681782,Large (>96²),0.786140625,0.66965625
stair,19118.455199999997,0.7843966179861643,Large (>96²),0.7885156249999999,0.24696875000000001
stair,73794.32959999998,1.1860166773572804,Large (>96²),0.7688750000000001,0.66709375
stair,44477.820799999994,0.7635067948293005,Large (>96²),0.85603125,0.6833125
stair,49432.63040000001,0.7841325473952524,Large (>96²),0.8461874999999999,0.6748125
stair,47633.0,0.7578779417630634,Large (>96²),0.8515625,0.671359375
stair,45284.6324,0.7191360484577984,Large (>96²),0.855890625,0.668734375
stair,43707.41760000001,0.7051735218508997,Large (>96²),0.8597187500000001,0.6720312500000001
stair,63597.3744,0.5284215381067681,Large (>96²),0.14321875,0.56896875
stair,41523.412000000004,1.313498312710911,Large (>96²),0.18248437499999998,0.45415624999999993
stair,25254.017600000003,0.500801567509797,Large (>96²),0.344140625,0.55140625
stair,22817.682400000005,0.4387826697070691,Large (>96²),0.341890625,0.52959375
stair,20177.8984,0.5829929047516661,Large (>96²),0.32654687499999996,0.51203125
stair,20581.657599999995,0.4507675028079371,Large (>96²),0.32946875,0.51084375
stair,21095.031999999996,0.5087908849818287,Large (>96²),0.32499999999999996,0.5381093750000001
stair,18853.530000000002,0.47848866498740544,Large (>96²),0.33892187499999993,0.48860937500000007
stair,19464.059999999994,0.6782762691853601,Large (>96²),0.32882812499999997,0.474125
stair,23736.6976,0.5075372237121982,Large (>96²),0.3293125,0.519859375
stair,25557.892799999994,0.5042195966953895,Large (>96²),0.33965625,0.535171875
stair,21659.6012,0.5347311934810693,Large (>96²),0.319234375,0.523453125
stair,16811.424,0.6043890154694807,Large (>96²),0.3310625,0.466203125
stair,21621.0192,0.39164113040517523,Large (>96²),0.327078125,0.50934375
stair,20772.0144,0.44422863485016645,Large (>96²),0.325328125,0.5234375
stair,24206.434,0.5891465219536259,Large (>96²),0.333984375,0.543359375
stair,19709.421599999998,0.5854589056027907,Large (>96²),0.346640625,0.5925
stair,26504.916000000005,0.44497254773416384,Large (>96²),0.33484375,0.5112656250000001
stair,19256.827199999996,0.4034236543390699,Large (>96²),0.337984375,0.51690625
stair,23775.2352,0.5193494111048795,Large (>96²),0.33034375000000005,0.5309375
stair,23181.663999999993,0.4042091197594788,Large (>96²),0.34675,0.53440625
stair,16408.4616,0.5743698970536033,Large (>96²),0.320625,0.507609375
stair,22651.624000000007,0.4710871944545786,Large (>96²),0.329234375,0.5225625
stair,22831.660000000003,0.5014528071984256,Large (>96²),0.32690625000000006,0.5173281249999999
stair,21569.205600000005,0.5886532232786544,Large (>96²),0.32325,0.546859375
stair,26467.763199999998,0.4315942497173316,Large (>96²),0.33309375,0.51446875
stair,28398.144000000008,0.44932378679395385,Large (>96²),0.33478125,0.51909375
stair,37023.5316,1.0612485276796233,Large (>96²),0.845109375,0.725984375
stair,23148.69999999999,0.5376385542168672,Large (>96²),0.9128437500000001,0.672234375
stair,96449.09999999998,0.9487517250031366,Large (>96²),0.763671875,0.6168125
stair,14155.94419200001,0.9304708781943182,Large (>96²),0.70875,0.6857625
stair,14990.474239999994,1.0051752374713392,Large (>96²),0.6531375,0.73633125
stair,14178.963456000007,1.0782754290498116,Large (>96²),0.6485875,0.7142625
stair,22571.52,1.1341726210729273,Large (>96²),0.875,0.746525
stair,58313.279999999984,1.102330434782609,Large (>96²),0.801925,0.6741624999999999
stair,49809.59999999998,0.9366869037294019,Large (>96²),0.83125,0.6486812499999999
stair,46721.142783999996,0.8094033031433139,Large (>96²),0.848075,0.65365
stair,51170.37408000001,0.9537871723137499,Large (>96²),0.82739375,0.6786562500000001
stair,31222.226303999996,1.0771074147166628,Large (>96²),0.8567187500000001,0.7343
stair,51051.28012799996,1.1515635092518715,Large (>96²),0.810575,0.67395625
stair,26898.264511999998,1.8440087434589654,Large (>96²),0.82474375,0.26620625
stair,45377.736703999995,1.2051038918205803,Large (>96²),0.81730625,0.566675
stair,56050.82112,1.3323972228722991,Large (>96²),0.4336875000000001,0.5522625
stair,23072.95232,1.278856462179869,Large (>96²),0.4629125,0.2402625
stair,58950.042623999994,1.1170079398244877,Large (>96²),0.799525,0.5753250000000001
stair,46785.14937600001,1.0284310415963387,Large (>96²),0.82810625,0.60066875
stair,15547.977983999994,0.7716846080144277,Large (>96²),0.9144249999999999,0.7131562500000002
stair,43806.470400000035,1.163471449185735,Large (>96²),0.8234875000000003,0.6214937500000001
stair,54614.25228800002,0.8738839642868569,Large (>96²),0.8293250000000001,0.60180625
stair,14214.942720000003,0.2732182940516274,Large (>96²),0.04868750000000001,0.5593
stair,34351.90387200001,0.8642510332651175,Large (>96²),0.1346125,0.55385625
stair,56073.16633600002,1.4290214450143373,Large (>96²),0.22115000000000004,0.53851875
stair,48540.57599999999,1.2144857943177272,Large (>96²),0.39973749999999997,0.5707375
stair,55662.45280000003,1.3091367604267703,Large (>96²),0.4580187500000001,0.5110187500000001
stair,17321.682559999997,0.314769975786925,Large (>96²),0.0576875,0.6196062499999999
stair,64640.53004799999,1.0149305775692639,Large (>96²),0.26933124999999997,0.5441874999999999
stair,55128.243456,1.257824143070045,Large (>96²),0.410525,0.56335625
stair,63220.94707200001,1.5170076024766832,Large (>96²),0.5342437500000001,0.6462875
stair,65526.973119999995,1.4928023215853985,Large (>96²),0.43856874999999995,0.5930562500000001
stair,45086.67648000001,0.9830407172207695,Large (>96²),0.7837125,0.5644125000000001
stair,66083.84000000001,1.5495467575734096,Large (>96²),0.525,0.5482750000000001
stair,65802.963072,1.4301271771155775,Large (>96²),0.4935124999999999,0.6035812500000001
stair,63358.645247999986,1.4900294847920548,Large (>96²),0.5611937499999999,0.603325
stair,73995.06163200001,1.3108963566570135,Large (>96²),0.49418125,0.6297750000000001
stair,62745.079808,0.9736543552250091,Large (>96²),0.491175,0.5112875000000001
stair,67786.56223999998,1.1595473645898813,Large (>96²),0.44731875,0.54475625
stair,124695.58528,1.1161799904260412,Large (>96²),0.40085,0.5581125
stair,130382.609152,1.7490111049254295,Large (>96²),0.626925,0.6434187500000002
stair,192108.557952,1.5806370186791499,Large (>96²),0.43050625,0.589175
stair,138413.31968000007,1.4510697818991867,Large (>96²),0.4191125000000001,0.5595500000000001
stair,143919.473408,1.1391145821611037,Large (>96²),0.6519,0.53384375
stair,68432.61024000002,1.0567763840422524,Large (>96²),0.7898937500000001,0.5627437500000001
stair,62537.87398399999,1.4271028394542749,Large (>96²),0.52954375,0.5749062500000001
stair,68281.27680000002,1.5181063749528478,Large (>96²),0.46115625,0.60835
stair,107694.44640000003,0.8048332422088572,Large (>96²),0.23000625000000002,0.4940312500000001
stair,81433.891776,0.9835960741791088,Large (>96²),0.22110625,0.48578124999999994
stair,78572.48428800002,1.0613330981153157,Large (>96²),0.22561875000000006,0.4393437500000001
stair,61370.88684800001,1.1172133665563027,Large (>96²),0.20458125000000002,0.38900625000000005
stair,47875.64288000001,0.8946603956287176,Large (>96²),0.1616875,0.3952375
stair,26909.811776000013,0.8724547897781626,Large (>96²),0.6466312500000001,0.51856875
stair,43539.50515200001,1.367043213197059,Large (>96²),0.1906,0.264425
stair,69373.25785600001,1.3675143851672942,Large (>96²),0.24063125000000002,0.3009625
stair,88218.15872000002,1.4202028631957373,Large (>96²),0.27653125,0.3197125
stair,68178.69644799999,1.6334090375127264,Large (>96²),0.2607125,0.2846125
stair,81008.06246399999,1.3275471209275216,Large (>96²),0.31100000000000005,0.32816249999999997
stair,75945.92576,1.4296771954182572,Large (>96²),0.55744375,0.31918750000000007
stair,89719.81580800003,1.7685941606876465,Large (>96²),0.35735625000000004,0.3009625
stair,85544.05696000002,2.0008898862493227,Large (>96²),0.32321875,0.2865375
stair,38963.63712000001,2.2053566054769784,Large (>96²),0.2290125,0.22884375
stair,114894.92371199999,0.7594043725962034,Large (>96²),0.23076875000000002,0.5480437499999999
stair,148258.44288,0.7219397662676975,Large (>96²),0.26328124999999997,0.485775
stair,140791.826688,0.7551413643606182,Large (>96²),0.25762500000000005,0.4709875
stair,129798.49472000002,0.7406076820179631,Large (>96²),0.2893375000000001,0.4587875
stair,102467.59705600001,0.9840097181247989,Large (>96²),0.24807500000000005,0.41135625
stair,56930.077824000015,0.767098346694858,Large (>96²),0.16326250000000003,0.5176437500000001
stair,82662.81747200002,1.0673240003449564,Large (>96²),0.30031875,0.46358125
stair,57224.63564800002,0.7032560226603473,Large (>96²),0.15672500000000003,0.4896312500000001
stair,27831.56992,0.7646343508889634,Large (>96²),0.11396875,0.5451750000000001
stair,109365.74387199999,1.9935104856889132,Large (>96²),0.46695000000000003,0.5593125000000001
stair,189263.831808,2.1083253230802095,Large (>96²),0.50456875,0.5803499999999999
stair,185538.79795200002,2.183462319556507,Large (>96²),0.5014937500000001,0.6107250000000001
stair,103937.20320000005,3.2952252252252237,Large (>96²),0.45721249999999997,0.6564500000000001
stair,91065.64224000003,4.463287594511341,Large (>96²),0.49807500000000005,0.61531875
stair,97956.14976000001,3.967973523421589,Large (>96²),0.5116812500000001,0.6762875
stair,110152.05759999999,3.7092057007566974,Large (>96²),0.499375,0.6307437499999999
stair,144966.88102399994,2.794759211774212,Large (>96²),0.501475,0.6893687499999999
stair,114519.47443200003,2.639474593847217,Large (>96²),0.4320125,0.71034375
stair,117937.709568,2.311680952043635,Large (>96²),0.409375,0.6972875000000001
stair,151313.18528,2.4678534505040064,Large (>96²),0.47740625000000003,0.6786625000000001
stair,147045.236864,2.50885599101183,Large (>96²),0.47453124999999996,0.6846125000000001
stair,162101.62483199997,2.273729626078619,Large (>96²),0.5151249999999999,0.6548624999999999
stair,143668.275968,2.1398622989286493,Large (>96²),0.43317500000000003,0.66200625
stair,118575.1776,1.92917070022588,Large (>96²),0.39268125000000004,0.6726624999999999
stair,92476.26815999999,2.5106711129637342,Large (>96²),0.37644374999999997,0.6731374999999999
stair,81679.269504,1.2889058378618872,Large (>96²),0.3542125,0.66583125
stair,67378.63392000002,2.5305191939991167,Large (>96²),0.32259375,0.73421875
stair,132027.43769599995,2.839683894186177,Large (>96²),0.47836249999999997,0.68479375
stair,26616.609792000014,0.8059517520690261,Large (>96²),0.11442500000000003,0.6772500000000001
stair,18919.366656,0.8479005998286205,Large (>96²),0.09895000000000001,0.7486875
stair,17288.061183999987,1.108989555968477,Large (>96²),0.10817500000000002,0.7187937499999999
stair,18321.23104000001,0.9019927027785573,Large (>96²),0.26590625,0.68673125
stair,16002.015743999998,0.9923769923769926,Large (>96²),0.2419375,0.62098125
stair,23391.542911999997,0.8088629627887285,Large (>96²),0.23676250000000004,0.6133062500000002
stair,21273.321472,0.68378084179971,Large (>96²),0.09422500000000002,0.6525874999999999
stair,38833.25414400001,0.6390809074092102,Large (>96²),0.123075,0.57858125
stair,62808.94464,0.8395437262357416,Large (>96²),0.24367500000000003,0.5190125
stair,26181.562752,0.8645244334114832,Large (>96²),0.2738125,0.51885625
stair,28248.588288000006,0.8689324696068863,Large (>96²),0.23241250000000005,0.5379750000000001
stair,62210.398208000006,1.2271887436043203,Large (>96²),0.7841375,0.5789125
stair,64242.74303999997,1.6799623629520537,Large (>96²),0.7393562499999999,0.588575
stair,70088.74943999999,1.4657569327577378,Large (>96²),0.53406875,0.601275
stair,79515.75340800003,1.3789186127860877,Large (>96²),0.6480312500000001,0.57701875
stair,80251.31692800003,1.436884330252869,Large (>96²),0.6037437500000001,0.61439375
stair,175374.01727999997,1.5412783113957076,Large (>96²),0.49560000000000004,0.5903062499999999
stair,41615.183104,1.8900690101358637,Large (>96²),0.58160625,0.684075
stair,64331.53228800001,1.5150244584206847,Large (>96²),0.48236249999999997,0.673625
stair,54109.63200000002,0.8797741935483875,Large (>96²),0.82830625,0.68125
stair,64122.34611199997,1.8268072932234516,Large (>96²),0.70585,0.7065187500000001
stair,38092.82534400002,1.7088356641483151,Large (>96²),0.4070250000000001,0.73143125
stair,49499.338048,1.8037861592698121,Large (>96²),0.41036874999999995,0.62056875
stair,23215.928320000014,1.6574286873056638,Large (>96²),0.6946,0.4383
stair,81292.12992,1.587879645016441,Large (>96²),0.454725,0.6232437500000001
stair,29676.467711999994,1.5865114646700986,Large (>96²),0.42143125000000003,0.645075
stair,61575.01439999999,1.554260450160772,Large (>96²),0.2666875,0.6223875
stair,103076.42111999996,1.7715242769965516,Large (>96²),0.43193125,0.6644375
stair,133666.55616000004,1.8339951401647598,Large (>96²),0.3868125,0.6073500000000001
stair,105902.84185600003,1.8875979465009456,Large (>96²),0.4377625,0.6591875
stair,76582.81267200001,1.778188967271886,Large (>96²),0.3383,0.6126687500000001
stair,72119.597824,0.9227379385337379,Large (>96²),0.26403750000000004,0.6184125
stair,32542.600703999997,0.8988816010763538,Large (>96²),0.31156875,0.65905
stair,54500.76928000001,0.6911287106147798,Large (>96²),0.151625,0.56235
stair,82823.87289600003,1.662640238001362,Large (>96²),0.2937375000000001,0.56571875
stair,64515.58656,1.646968472109943,Large (>96²),0.3597625,0.54405
stair,57315.604480000016,1.5638946928541575,Large (>96²),0.24398749999999997,0.5225500000000001
stair,59174.402559999995,1.6089604538628401,Large (>96²),0.2410625,0.5146
stair,53910.24672000002,1.2628257250164554,Large (>96²),0.20385625000000002,0.44915625000000003
stair,33315.681024000005,1.1326616288832911,Large (>96²),0.3790125000000001,0.6464875
stair,48987.57516799998,1.8405335164026877,Large (>96²),0.2682375,0.66389375
stair,48628.01664000001,1.2713216345563871,Large (>96²),0.23367500000000002,0.64720625
stair,49164.63270400002,1.4423693560967148,Large (>96²),0.24073124999999998,0.649025
stair,47405.434111999995,1.4785988740952554,Large (>96²),0.230875,0.6476124999999999
stair,43037.27724799998,1.8649217968297442,Large (>96²),0.26266875,0.68323125
stair,33792.051455999994,1.1743538954914172,Large (>96²),0.33090625000000007,0.6508
stair,41348.694016000016,1.3175578034682078,Large (>96²),0.3035,0.6414125
stair,26357.85728,0.7307497893850041,Large (>96²),0.39061250000000003,0.6474125000000001
stair,54802.287743999994,1.5764609971681114,Large (>96²),0.26844375,0.653375
stair,53151.26304,1.5204740918231994,Large (>96²),0.27016874999999996,0.6491187500000001
stair,46548.505344000005,1.2718073095258007,Large (>96²),0.2372,0.6505375
stair,61338.48339199998,1.5846379050949466,Large (>96²),0.29105625,0.64724375
stair,13345.328640000005,0.4834127786605037,Large (>96²),0.24782500000000002,0.25480625
stair,56679.51014400003,1.6519391897728248,Large (>96²),0.29651875000000005,0.6524125000000001
stair,59488.95680000001,1.691336433050377,Large (>96²),0.2935375,0.6455437500000001
stair,37555.780864,1.025077321742038,Large (>96²),0.37941250000000004,0.6428
stair,27596.27744,1.2784644704601142,Large (>96²),0.27558125,0.6563812499999999
stair,33969.64416000002,2.0232141754645907,Large (>96²),0.24616249999999998,0.7045312500000002
stair,30410.228735999997,2.1084465760724753,Large (>96²),0.23339999999999997,0.70425
stair,34089.921536,1.6208627537511031,Large (>96²),0.22980625,0.680925
stair,30796.45382400002,2.066116244020705,Large (>96²),0.23840625,0.6998187500000002
stair,46128.776703999996,1.5167668241662462,Large (>96²),0.30088750000000003,0.65413125
stair,43023.89049600002,1.453890154862112,Large (>96²),0.33538125,0.6430562500000001
stair,38849.21599999999,1.071638655462185,Large (>96²),0.37095625000000004,0.6570250000000001
stair,55900.423039999994,1.6680505178516807,Large (>96²),0.2751,0.65794375
stair,55201.68102400003,1.677854717064349,Large (>96²),0.26661250000000003,0.65155625
stair,48831.96876799998,1.4873945869574818,Large (>96²),0.2615625,0.64635625
stair,70221.23481599998,1.5436030156408238,Large (>96²),0.7427875,0.6468187499999999
